protocol,feature_order,feature,common_safe_for_targets
P1,1,fw_X_max,average_voltage|capacity_grav|energy_grav|max_delta_volume|stability_charge|stability_discharge|stability_worst
P1,2,fw_X_mean,average_voltage|capacity_grav|energy_grav|max_delta_volume|stability_charge|stability_discharge|stability_worst
P1,3,fw_X_min,average_voltage|capacity_grav|energy_grav|max_delta_volume|stability_charge|stability_discharge|stability_worst
P1,4,fw_X_range,average_voltage|capacity_grav|energy_grav|max_delta_volume|stability_charge|stability_discharge|stability_worst
P1,5,fw_X_std,average_voltage|capacity_grav|energy_grav|max_delta_volume|stability_charge|stability_discharge|stability_worst
P1,6,fw_Z_max,average_voltage|capacity_grav|energy_grav|max_delta_volume|stability_charge|stability_discharge|stability_worst
P1,7,fw_Z_mean,average_voltage|capacity_grav|energy_grav|max_delta_volume|stability_charge|stability_discharge|stability_worst
P1,8,fw_Z_min,average_voltage|capacity_grav|energy_grav|max_delta_volume|stability_charge|stability_discharge|stability_worst
P1,9,fw_Z_range,average_voltage|capacity_grav|energy_grav|max_delta_volume|stability_charge|stability_discharge|stability_worst
P1,10,fw_Z_std,average_voltage|capacity_grav|energy_grav|max_delta_volume|stability_charge|stability_discharge|stability_worst
P1,11,fw_atomic_mass_max,average_voltage|capacity_grav|energy_grav|max_delta_volume|stability_charge|stability_discharge|stability_worst
P1,12,fw_atomic_mass_mean,average_voltage|capacity_grav|energy_grav|max_delta_volume|stability_charge|stability_discharge|stability_worst
P1,13,fw_atomic_mass_min,average_voltage|capacity_grav|energy_grav|max_delta_volume|stability_charge|stability_discharge|stability_worst
P1,14,fw_atomic_mass_range,average_voltage|capacity_grav|energy_grav|max_delta_volume|stability_charge|stability_discharge|stability_worst
P1,15,fw_atomic_mass_std,average_voltage|capacity_grav|energy_grav|max_delta_volume|stability_charge|stability_discharge|stability_worst
P1,16,fw_frac_Ag,average_voltage|capacity_grav|energy_grav|max_delta_volume|stability_charge|stability_discharge|stability_worst
P1,17,fw_frac_Al,average_voltage|capacity_grav|energy_grav|max_delta_volume|stability_charge|stability_discharge|stability_worst
P1,18,fw_frac_As,average_voltage|capacity_grav|energy_grav|max_delta_volume|stability_charge|stability_discharge|stability_worst
P1,19,fw_frac_B,average_voltage|capacity_grav|energy_grav|max_delta_volume|stability_charge|stability_discharge|stability_worst
P1,20,fw_frac_Br,average_voltage|capacity_grav|energy_grav|max_delta_volume|stability_charge|stability_discharge|stability_worst
P1,21,fw_frac_C,average_voltage|capacity_grav|energy_grav|max_delta_volume|stability_charge|stability_discharge|stability_worst
P1,22,fw_frac_Ca,average_voltage|capacity_grav|energy_grav|max_delta_volume|stability_charge|stability_discharge|stability_worst
P1,23,fw_frac_Cl,average_voltage|capacity_grav|energy_grav|max_delta_volume|stability_charge|stability_discharge|stability_worst
P1,24,fw_frac_Co,average_voltage|capacity_grav|energy_grav|max_delta_volume|stability_charge|stability_discharge|stability_worst
P1,25,fw_frac_Cr,average_voltage|capacity_grav|energy_grav|max_delta_volume|stability_charge|stability_discharge|stability_worst
P1,26,fw_frac_Cu,average_voltage|capacity_grav|energy_grav|max_delta_volume|stability_charge|stability_discharge|stability_worst
P1,27,fw_frac_F,average_voltage|capacity_grav|energy_grav|max_delta_volume|stability_charge|stability_discharge|stability_worst
P1,28,fw_frac_Fe,average_voltage|capacity_grav|energy_grav|max_delta_volume|stability_charge|stability_discharge|stability_worst
P1,29,fw_frac_I,average_voltage|capacity_grav|energy_grav|max_delta_volume|stability_charge|stability_discharge|stability_worst
P1,30,fw_frac_K,average_voltage|capacity_grav|energy_grav|max_delta_volume|stability_charge|stability_discharge|stability_worst
P1,31,fw_frac_Li,average_voltage|capacity_grav|energy_grav|max_delta_volume|stability_charge|stability_discharge|stability_worst
P1,32,fw_frac_Mg,average_voltage|capacity_grav|energy_grav|max_delta_volume|stability_charge|stability_discharge|stability_worst
P1,33,fw_frac_Mn,average_voltage|capacity_grav|energy_grav|max_delta_volume|stability_charge|stability_discharge|stability_worst
P1,34,fw_frac_N,average_voltage|capacity_grav|energy_grav|max_delta_volume|stability_charge|stability_discharge|stability_worst
P1,35,fw_frac_Na,average_voltage|capacity_grav|energy_grav|max_delta_volume|stability_charge|stability_discharge|stability_worst
P1,36,fw_frac_Ni,average_voltage|capacity_grav|energy_grav|max_delta_volume|stability_charge|stability_discharge|stability_worst
P1,37,fw_frac_O,average_voltage|capacity_grav|energy_grav|max_delta_volume|stability_charge|stability_discharge|stability_worst
P1,38,fw_frac_P,average_voltage|capacity_grav|energy_grav|max_delta_volume|stability_charge|stability_discharge|stability_worst
P1,39,fw_frac_S,average_voltage|capacity_grav|energy_grav|max_delta_volume|stability_charge|stability_discharge|stability_worst
P1,40,fw_frac_Si,average_voltage|capacity_grav|energy_grav|max_delta_volume|stability_charge|stability_discharge|stability_worst
P1,41,fw_frac_Ti,average_voltage|capacity_grav|energy_grav|max_delta_volume|stability_charge|stability_discharge|stability_worst
P1,42,fw_frac_V,average_voltage|capacity_grav|energy_grav|max_delta_volume|stability_charge|stability_discharge|stability_worst
P1,43,fw_frac_Zn,average_voltage|capacity_grav|energy_grav|max_delta_volume|stability_charge|stability_discharge|stability_worst
P1,44,fw_frac_transition_metals,average_voltage|capacity_grav|energy_grav|max_delta_volume|stability_charge|stability_discharge|stability_worst
P1,45,fw_group_max,average_voltage|capacity_grav|energy_grav|max_delta_volume|stability_charge|stability_discharge|stability_worst
P1,46,fw_group_mean,average_voltage|capacity_grav|energy_grav|max_delta_volume|stability_charge|stability_discharge|stability_worst
P1,47,fw_group_min,average_voltage|capacity_grav|energy_grav|max_delta_volume|stability_charge|stability_discharge|stability_worst
P1,48,fw_group_range,average_voltage|capacity_grav|energy_grav|max_delta_volume|stability_charge|stability_discharge|stability_worst
P1,49,fw_group_std,average_voltage|capacity_grav|energy_grav|max_delta_volume|stability_charge|stability_discharge|stability_worst
P1,50,fw_has_Br,average_voltage|capacity_grav|energy_grav|max_delta_volume|stability_charge|stability_discharge|stability_worst
P1,51,fw_has_C,average_voltage|capacity_grav|energy_grav|max_delta_volume|stability_charge|stability_discharge|stability_worst
P1,52,fw_has_Cl,average_voltage|capacity_grav|energy_grav|max_delta_volume|stability_charge|stability_discharge|stability_worst
P1,53,fw_has_F,average_voltage|capacity_grav|energy_grav|max_delta_volume|stability_charge|stability_discharge|stability_worst
P1,54,fw_has_I,average_voltage|capacity_grav|energy_grav|max_delta_volume|stability_charge|stability_discharge|stability_worst
P1,55,fw_has_N,average_voltage|capacity_grav|energy_grav|max_delta_volume|stability_charge|stability_discharge|stability_worst
P1,56,fw_has_O,average_voltage|capacity_grav|energy_grav|max_delta_volume|stability_charge|stability_discharge|stability_worst
P1,57,fw_has_P,average_voltage|capacity_grav|energy_grav|max_delta_volume|stability_charge|stability_discharge|stability_worst
P1,58,fw_has_S,average_voltage|capacity_grav|energy_grav|max_delta_volume|stability_charge|stability_discharge|stability_worst
P1,59,fw_has_Si,average_voltage|capacity_grav|energy_grav|max_delta_volume|stability_charge|stability_discharge|stability_worst
P1,60,fw_n_atoms,average_voltage|capacity_grav|energy_grav|max_delta_volume|stability_charge|stability_discharge|stability_worst
P1,61,fw_n_elements,average_voltage|capacity_grav|energy_grav|max_delta_volume|stability_charge|stability_discharge|stability_worst
P1,62,fw_n_transition_metals,average_voltage|capacity_grav|energy_grav|max_delta_volume|stability_charge|stability_discharge|stability_worst
P1,63,fw_parse_ok,average_voltage|capacity_grav|energy_grav|max_delta_volume|stability_charge|stability_discharge|stability_worst
P1,64,fw_row_max,average_voltage|capacity_grav|energy_grav|max_delta_volume|stability_charge|stability_discharge|stability_worst
P1,65,fw_row_mean,average_voltage|capacity_grav|energy_grav|max_delta_volume|stability_charge|stability_discharge|stability_worst
P1,66,fw_row_min,average_voltage|capacity_grav|energy_grav|max_delta_volume|stability_charge|stability_discharge|stability_worst
P1,67,fw_row_range,average_voltage|capacity_grav|energy_grav|max_delta_volume|stability_charge|stability_discharge|stability_worst
P1,68,fw_row_std,average_voltage|capacity_grav|energy_grav|max_delta_volume|stability_charge|stability_discharge|stability_worst
P1,69,wi_X,average_voltage|capacity_grav|energy_grav|max_delta_volume|stability_charge|stability_discharge|stability_worst
P1,70,wi_Z,average_voltage|capacity_grav|energy_grav|max_delta_volume|stability_charge|stability_discharge|stability_worst
P1,71,wi_atomic_mass,average_voltage|capacity_grav|energy_grav|max_delta_volume|stability_charge|stability_discharge|stability_worst
P1,72,wi_group,average_voltage|capacity_grav|energy_grav|max_delta_volume|stability_charge|stability_discharge|stability_worst
P1,73,wi_row,average_voltage|capacity_grav|energy_grav|max_delta_volume|stability_charge|stability_discharge|stability_worst
P2,1,charge_summary_nsites,average_voltage|capacity_grav|energy_grav|max_delta_volume|stability_charge|stability_discharge|stability_worst
P2,2,charge_summary_symmetry_number,average_voltage|capacity_grav|energy_grav|max_delta_volume|stability_charge|stability_discharge|stability_worst
P2,3,discharge_summary_nsites,average_voltage|capacity_grav|energy_grav|max_delta_volume|stability_charge|stability_discharge|stability_worst
P2,4,discharge_summary_symmetry_number,average_voltage|capacity_grav|energy_grav|max_delta_volume|stability_charge|stability_discharge|stability_worst
P2,5,fw_X_max,average_voltage|capacity_grav|energy_grav|max_delta_volume|stability_charge|stability_discharge|stability_worst
P2,6,fw_X_mean,average_voltage|capacity_grav|energy_grav|max_delta_volume|stability_charge|stability_discharge|stability_worst
P2,7,fw_X_min,average_voltage|capacity_grav|energy_grav|max_delta_volume|stability_charge|stability_discharge|stability_worst
P2,8,fw_X_range,average_voltage|capacity_grav|energy_grav|max_delta_volume|stability_charge|stability_discharge|stability_worst
P2,9,fw_X_std,average_voltage|capacity_grav|energy_grav|max_delta_volume|stability_charge|stability_discharge|stability_worst
P2,10,fw_Z_max,average_voltage|capacity_grav|energy_grav|max_delta_volume|stability_charge|stability_discharge|stability_worst
P2,11,fw_Z_mean,average_voltage|capacity_grav|energy_grav|max_delta_volume|stability_charge|stability_discharge|stability_worst
P2,12,fw_Z_min,average_voltage|capacity_grav|energy_grav|max_delta_volume|stability_charge|stability_discharge|stability_worst
P2,13,fw_Z_range,average_voltage|capacity_grav|energy_grav|max_delta_volume|stability_charge|stability_discharge|stability_worst
P2,14,fw_Z_std,average_voltage|capacity_grav|energy_grav|max_delta_volume|stability_charge|stability_discharge|stability_worst
P2,15,fw_atomic_mass_max,average_voltage|capacity_grav|energy_grav|max_delta_volume|stability_charge|stability_discharge|stability_worst
P2,16,fw_atomic_mass_mean,average_voltage|capacity_grav|energy_grav|max_delta_volume|stability_charge|stability_discharge|stability_worst
P2,17,fw_atomic_mass_min,average_voltage|capacity_grav|energy_grav|max_delta_volume|stability_charge|stability_discharge|stability_worst
P2,18,fw_atomic_mass_range,average_voltage|capacity_grav|energy_grav|max_delta_volume|stability_charge|stability_discharge|stability_worst
P2,19,fw_atomic_mass_std,average_voltage|capacity_grav|energy_grav|max_delta_volume|stability_charge|stability_discharge|stability_worst
P2,20,fw_frac_Ag,average_voltage|capacity_grav|energy_grav|max_delta_volume|stability_charge|stability_discharge|stability_worst
P2,21,fw_frac_Al,average_voltage|capacity_grav|energy_grav|max_delta_volume|stability_charge|stability_discharge|stability_worst
P2,22,fw_frac_As,average_voltage|capacity_grav|energy_grav|max_delta_volume|stability_charge|stability_discharge|stability_worst
P2,23,fw_frac_B,average_voltage|capacity_grav|energy_grav|max_delta_volume|stability_charge|stability_discharge|stability_worst
P2,24,fw_frac_Br,average_voltage|capacity_grav|energy_grav|max_delta_volume|stability_charge|stability_discharge|stability_worst
P2,25,fw_frac_C,average_voltage|capacity_grav|energy_grav|max_delta_volume|stability_charge|stability_discharge|stability_worst
P2,26,fw_frac_Ca,average_voltage|capacity_grav|energy_grav|max_delta_volume|stability_charge|stability_discharge|stability_worst
P2,27,fw_frac_Cl,average_voltage|capacity_grav|energy_grav|max_delta_volume|stability_charge|stability_discharge|stability_worst
P2,28,fw_frac_Co,average_voltage|capacity_grav|energy_grav|max_delta_volume|stability_charge|stability_discharge|stability_worst
P2,29,fw_frac_Cr,average_voltage|capacity_grav|energy_grav|max_delta_volume|stability_charge|stability_discharge|stability_worst
P2,30,fw_frac_Cu,average_voltage|capacity_grav|energy_grav|max_delta_volume|stability_charge|stability_discharge|stability_worst
P2,31,fw_frac_F,average_voltage|capacity_grav|energy_grav|max_delta_volume|stability_charge|stability_discharge|stability_worst
P2,32,fw_frac_Fe,average_voltage|capacity_grav|energy_grav|max_delta_volume|stability_charge|stability_discharge|stability_worst
P2,33,fw_frac_I,average_voltage|capacity_grav|energy_grav|max_delta_volume|stability_charge|stability_discharge|stability_worst
P2,34,fw_frac_K,average_voltage|capacity_grav|energy_grav|max_delta_volume|stability_charge|stability_discharge|stability_worst
P2,35,fw_frac_Li,average_voltage|capacity_grav|energy_grav|max_delta_volume|stability_charge|stability_discharge|stability_worst
P2,36,fw_frac_Mg,average_voltage|capacity_grav|energy_grav|max_delta_volume|stability_charge|stability_discharge|stability_worst
P2,37,fw_frac_Mn,average_voltage|capacity_grav|energy_grav|max_delta_volume|stability_charge|stability_discharge|stability_worst
P2,38,fw_frac_N,average_voltage|capacity_grav|energy_grav|max_delta_volume|stability_charge|stability_discharge|stability_worst
P2,39,fw_frac_Na,average_voltage|capacity_grav|energy_grav|max_delta_volume|stability_charge|stability_discharge|stability_worst
P2,40,fw_frac_Ni,average_voltage|capacity_grav|energy_grav|max_delta_volume|stability_charge|stability_discharge|stability_worst
P2,41,fw_frac_O,average_voltage|capacity_grav|energy_grav|max_delta_volume|stability_charge|stability_discharge|stability_worst
P2,42,fw_frac_P,average_voltage|capacity_grav|energy_grav|max_delta_volume|stability_charge|stability_discharge|stability_worst
P2,43,fw_frac_S,average_voltage|capacity_grav|energy_grav|max_delta_volume|stability_charge|stability_discharge|stability_worst
P2,44,fw_frac_Si,average_voltage|capacity_grav|energy_grav|max_delta_volume|stability_charge|stability_discharge|stability_worst
P2,45,fw_frac_Ti,average_voltage|capacity_grav|energy_grav|max_delta_volume|stability_charge|stability_discharge|stability_worst
P2,46,fw_frac_V,average_voltage|capacity_grav|energy_grav|max_delta_volume|stability_charge|stability_discharge|stability_worst
P2,47,fw_frac_Zn,average_voltage|capacity_grav|energy_grav|max_delta_volume|stability_charge|stability_discharge|stability_worst
P2,48,fw_frac_transition_metals,average_voltage|capacity_grav|energy_grav|max_delta_volume|stability_charge|stability_discharge|stability_worst
P2,49,fw_group_max,average_voltage|capacity_grav|energy_grav|max_delta_volume|stability_charge|stability_discharge|stability_worst
P2,50,fw_group_mean,average_voltage|capacity_grav|energy_grav|max_delta_volume|stability_charge|stability_discharge|stability_worst
P2,51,fw_group_min,average_voltage|capacity_grav|energy_grav|max_delta_volume|stability_charge|stability_discharge|stability_worst
P2,52,fw_group_range,average_voltage|capacity_grav|energy_grav|max_delta_volume|stability_charge|stability_discharge|stability_worst
P2,53,fw_group_std,average_voltage|capacity_grav|energy_grav|max_delta_volume|stability_charge|stability_discharge|stability_worst
P2,54,fw_has_Br,average_voltage|capacity_grav|energy_grav|max_delta_volume|stability_charge|stability_discharge|stability_worst
P2,55,fw_has_C,average_voltage|capacity_grav|energy_grav|max_delta_volume|stability_charge|stability_discharge|stability_worst
P2,56,fw_has_Cl,average_voltage|capacity_grav|energy_grav|max_delta_volume|stability_charge|stability_discharge|stability_worst
P2,57,fw_has_F,average_voltage|capacity_grav|energy_grav|max_delta_volume|stability_charge|stability_discharge|stability_worst
P2,58,fw_has_I,average_voltage|capacity_grav|energy_grav|max_delta_volume|stability_charge|stability_discharge|stability_worst
P2,59,fw_has_N,average_voltage|capacity_grav|energy_grav|max_delta_volume|stability_charge|stability_discharge|stability_worst
P2,60,fw_has_O,average_voltage|capacity_grav|energy_grav|max_delta_volume|stability_charge|stability_discharge|stability_worst
P2,61,fw_has_P,average_voltage|capacity_grav|energy_grav|max_delta_volume|stability_charge|stability_discharge|stability_worst
P2,62,fw_has_S,average_voltage|capacity_grav|energy_grav|max_delta_volume|stability_charge|stability_discharge|stability_worst
P2,63,fw_has_Si,average_voltage|capacity_grav|energy_grav|max_delta_volume|stability_charge|stability_discharge|stability_worst
P2,64,fw_n_atoms,average_voltage|capacity_grav|energy_grav|max_delta_volume|stability_charge|stability_discharge|stability_worst
P2,65,fw_n_elements,average_voltage|capacity_grav|energy_grav|max_delta_volume|stability_charge|stability_discharge|stability_worst
P2,66,fw_n_transition_metals,average_voltage|capacity_grav|energy_grav|max_delta_volume|stability_charge|stability_discharge|stability_worst
P2,67,fw_parse_ok,average_voltage|capacity_grav|energy_grav|max_delta_volume|stability_charge|stability_discharge|stability_worst
P2,68,fw_row_max,average_voltage|capacity_grav|energy_grav|max_delta_volume|stability_charge|stability_discharge|stability_worst
P2,69,fw_row_mean,average_voltage|capacity_grav|energy_grav|max_delta_volume|stability_charge|stability_discharge|stability_worst
P2,70,fw_row_min,average_voltage|capacity_grav|energy_grav|max_delta_volume|stability_charge|stability_discharge|stability_worst
P2,71,fw_row_range,average_voltage|capacity_grav|energy_grav|max_delta_volume|stability_charge|stability_discharge|stability_worst
P2,72,fw_row_std,average_voltage|capacity_grav|energy_grav|max_delta_volume|stability_charge|stability_discharge|stability_worst
P2,73,wi_X,average_voltage|capacity_grav|energy_grav|max_delta_volume|stability_charge|stability_discharge|stability_worst
P2,74,wi_Z,average_voltage|capacity_grav|energy_grav|max_delta_volume|stability_charge|stability_discharge|stability_worst
P2,75,wi_atomic_mass,average_voltage|capacity_grav|energy_grav|max_delta_volume|stability_charge|stability_discharge|stability_worst
P2,76,wi_group,average_voltage|capacity_grav|energy_grav|max_delta_volume|stability_charge|stability_discharge|stability_worst
P2,77,wi_row,average_voltage|capacity_grav|energy_grav|max_delta_volume|stability_charge|stability_discharge|stability_worst
P3,1,charge_summary_band_gap,average_voltage|capacity_grav|energy_grav|max_delta_volume|stability_charge|stability_discharge|stability_worst
P3,2,charge_summary_is_metal,average_voltage|capacity_grav|energy_grav|max_delta_volume|stability_charge|stability_discharge|stability_worst
P3,3,charge_summary_nsites,average_voltage|capacity_grav|energy_grav|max_delta_volume|stability_charge|stability_discharge|stability_worst
P3,4,charge_summary_symmetry_number,average_voltage|capacity_grav|energy_grav|max_delta_volume|stability_charge|stability_discharge|stability_worst
P3,5,discharge_summary_band_gap,average_voltage|capacity_grav|energy_grav|max_delta_volume|stability_charge|stability_discharge|stability_worst
P3,6,discharge_summary_is_metal,average_voltage|capacity_grav|energy_grav|max_delta_volume|stability_charge|stability_discharge|stability_worst
P3,7,discharge_summary_nsites,average_voltage|capacity_grav|energy_grav|max_delta_volume|stability_charge|stability_discharge|stability_worst
P3,8,discharge_summary_symmetry_number,average_voltage|capacity_grav|energy_grav|max_delta_volume|stability_charge|stability_discharge|stability_worst
P3,9,fw_X_max,average_voltage|capacity_grav|energy_grav|max_delta_volume|stability_charge|stability_discharge|stability_worst
P3,10,fw_X_mean,average_voltage|capacity_grav|energy_grav|max_delta_volume|stability_charge|stability_discharge|stability_worst
P3,11,fw_X_min,average_voltage|capacity_grav|energy_grav|max_delta_volume|stability_charge|stability_discharge|stability_worst
P3,12,fw_X_range,average_voltage|capacity_grav|energy_grav|max_delta_volume|stability_charge|stability_discharge|stability_worst
P3,13,fw_X_std,average_voltage|capacity_grav|energy_grav|max_delta_volume|stability_charge|stability_discharge|stability_worst
P3,14,fw_Z_max,average_voltage|capacity_grav|energy_grav|max_delta_volume|stability_charge|stability_discharge|stability_worst
P3,15,fw_Z_mean,average_voltage|capacity_grav|energy_grav|max_delta_volume|stability_charge|stability_discharge|stability_worst
P3,16,fw_Z_min,average_voltage|capacity_grav|energy_grav|max_delta_volume|stability_charge|stability_discharge|stability_worst
P3,17,fw_Z_range,average_voltage|capacity_grav|energy_grav|max_delta_volume|stability_charge|stability_discharge|stability_worst
P3,18,fw_Z_std,average_voltage|capacity_grav|energy_grav|max_delta_volume|stability_charge|stability_discharge|stability_worst
P3,19,fw_atomic_mass_max,average_voltage|capacity_grav|energy_grav|max_delta_volume|stability_charge|stability_discharge|stability_worst
P3,20,fw_atomic_mass_mean,average_voltage|capacity_grav|energy_grav|max_delta_volume|stability_charge|stability_discharge|stability_worst
P3,21,fw_atomic_mass_min,average_voltage|capacity_grav|energy_grav|max_delta_volume|stability_charge|stability_discharge|stability_worst
P3,22,fw_atomic_mass_range,average_voltage|capacity_grav|energy_grav|max_delta_volume|stability_charge|stability_discharge|stability_worst
P3,23,fw_atomic_mass_std,average_voltage|capacity_grav|energy_grav|max_delta_volume|stability_charge|stability_discharge|stability_worst
P3,24,fw_frac_Ag,average_voltage|capacity_grav|energy_grav|max_delta_volume|stability_charge|stability_discharge|stability_worst
P3,25,fw_frac_Al,average_voltage|capacity_grav|energy_grav|max_delta_volume|stability_charge|stability_discharge|stability_worst
P3,26,fw_frac_As,average_voltage|capacity_grav|energy_grav|max_delta_volume|stability_charge|stability_discharge|stability_worst
P3,27,fw_frac_B,average_voltage|capacity_grav|energy_grav|max_delta_volume|stability_charge|stability_discharge|stability_worst
P3,28,fw_frac_Br,average_voltage|capacity_grav|energy_grav|max_delta_volume|stability_charge|stability_discharge|stability_worst
P3,29,fw_frac_C,average_voltage|capacity_grav|energy_grav|max_delta_volume|stability_charge|stability_discharge|stability_worst
P3,30,fw_frac_Ca,average_voltage|capacity_grav|energy_grav|max_delta_volume|stability_charge|stability_discharge|stability_worst
P3,31,fw_frac_Cl,average_voltage|capacity_grav|energy_grav|max_delta_volume|stability_charge|stability_discharge|stability_worst
P3,32,fw_frac_Co,average_voltage|capacity_grav|energy_grav|max_delta_volume|stability_charge|stability_discharge|stability_worst
P3,33,fw_frac_Cr,average_voltage|capacity_grav|energy_grav|max_delta_volume|stability_charge|stability_discharge|stability_worst
P3,34,fw_frac_Cu,average_voltage|capacity_grav|energy_grav|max_delta_volume|stability_charge|stability_discharge|stability_worst
P3,35,fw_frac_F,average_voltage|capacity_grav|energy_grav|max_delta_volume|stability_charge|stability_discharge|stability_worst
P3,36,fw_frac_Fe,average_voltage|capacity_grav|energy_grav|max_delta_volume|stability_charge|stability_discharge|stability_worst
P3,37,fw_frac_I,average_voltage|capacity_grav|energy_grav|max_delta_volume|stability_charge|stability_discharge|stability_worst
P3,38,fw_frac_K,average_voltage|capacity_grav|energy_grav|max_delta_volume|stability_charge|stability_discharge|stability_worst
P3,39,fw_frac_Li,average_voltage|capacity_grav|energy_grav|max_delta_volume|stability_charge|stability_discharge|stability_worst
P3,40,fw_frac_Mg,average_voltage|capacity_grav|energy_grav|max_delta_volume|stability_charge|stability_discharge|stability_worst
P3,41,fw_frac_Mn,average_voltage|capacity_grav|energy_grav|max_delta_volume|stability_charge|stability_discharge|stability_worst
P3,42,fw_frac_N,average_voltage|capacity_grav|energy_grav|max_delta_volume|stability_charge|stability_discharge|stability_worst
P3,43,fw_frac_Na,average_voltage|capacity_grav|energy_grav|max_delta_volume|stability_charge|stability_discharge|stability_worst
P3,44,fw_frac_Ni,average_voltage|capacity_grav|energy_grav|max_delta_volume|stability_charge|stability_discharge|stability_worst
P3,45,fw_frac_O,average_voltage|capacity_grav|energy_grav|max_delta_volume|stability_charge|stability_discharge|stability_worst
P3,46,fw_frac_P,average_voltage|capacity_grav|energy_grav|max_delta_volume|stability_charge|stability_discharge|stability_worst
P3,47,fw_frac_S,average_voltage|capacity_grav|energy_grav|max_delta_volume|stability_charge|stability_discharge|stability_worst
P3,48,fw_frac_Si,average_voltage|capacity_grav|energy_grav|max_delta_volume|stability_charge|stability_discharge|stability_worst
P3,49,fw_frac_Ti,average_voltage|capacity_grav|energy_grav|max_delta_volume|stability_charge|stability_discharge|stability_worst
P3,50,fw_frac_V,average_voltage|capacity_grav|energy_grav|max_delta_volume|stability_charge|stability_discharge|stability_worst
P3,51,fw_frac_Zn,average_voltage|capacity_grav|energy_grav|max_delta_volume|stability_charge|stability_discharge|stability_worst
P3,52,fw_frac_transition_metals,average_voltage|capacity_grav|energy_grav|max_delta_volume|stability_charge|stability_discharge|stability_worst
P3,53,fw_group_max,average_voltage|capacity_grav|energy_grav|max_delta_volume|stability_charge|stability_discharge|stability_worst
P3,54,fw_group_mean,average_voltage|capacity_grav|energy_grav|max_delta_volume|stability_charge|stability_discharge|stability_worst
P3,55,fw_group_min,average_voltage|capacity_grav|energy_grav|max_delta_volume|stability_charge|stability_discharge|stability_worst
P3,56,fw_group_range,average_voltage|capacity_grav|energy_grav|max_delta_volume|stability_charge|stability_discharge|stability_worst
P3,57,fw_group_std,average_voltage|capacity_grav|energy_grav|max_delta_volume|stability_charge|stability_discharge|stability_worst
P3,58,fw_has_Br,average_voltage|capacity_grav|energy_grav|max_delta_volume|stability_charge|stability_discharge|stability_worst
P3,59,fw_has_C,average_voltage|capacity_grav|energy_grav|max_delta_volume|stability_charge|stability_discharge|stability_worst
P3,60,fw_has_Cl,average_voltage|capacity_grav|energy_grav|max_delta_volume|stability_charge|stability_discharge|stability_worst
P3,61,fw_has_F,average_voltage|capacity_grav|energy_grav|max_delta_volume|stability_charge|stability_discharge|stability_worst
P3,62,fw_has_I,average_voltage|capacity_grav|energy_grav|max_delta_volume|stability_charge|stability_discharge|stability_worst
P3,63,fw_has_N,average_voltage|capacity_grav|energy_grav|max_delta_volume|stability_charge|stability_discharge|stability_worst
P3,64,fw_has_O,average_voltage|capacity_grav|energy_grav|max_delta_volume|stability_charge|stability_discharge|stability_worst
P3,65,fw_has_P,average_voltage|capacity_grav|energy_grav|max_delta_volume|stability_charge|stability_discharge|stability_worst
P3,66,fw_has_S,average_voltage|capacity_grav|energy_grav|max_delta_volume|stability_charge|stability_discharge|stability_worst
P3,67,fw_has_Si,average_voltage|capacity_grav|energy_grav|max_delta_volume|stability_charge|stability_discharge|stability_worst
P3,68,fw_n_atoms,average_voltage|capacity_grav|energy_grav|max_delta_volume|stability_charge|stability_discharge|stability_worst
P3,69,fw_n_elements,average_voltage|capacity_grav|energy_grav|max_delta_volume|stability_charge|stability_discharge|stability_worst
P3,70,fw_n_transition_metals,average_voltage|capacity_grav|energy_grav|max_delta_volume|stability_charge|stability_discharge|stability_worst
P3,71,fw_parse_ok,average_voltage|capacity_grav|energy_grav|max_delta_volume|stability_charge|stability_discharge|stability_worst
P3,72,fw_row_max,average_voltage|capacity_grav|energy_grav|max_delta_volume|stability_charge|stability_discharge|stability_worst
P3,73,fw_row_mean,average_voltage|capacity_grav|energy_grav|max_delta_volume|stability_charge|stability_discharge|stability_worst
P3,74,fw_row_min,average_voltage|capacity_grav|energy_grav|max_delta_volume|stability_charge|stability_discharge|stability_worst
P3,75,fw_row_range,average_voltage|capacity_grav|energy_grav|max_delta_volume|stability_charge|stability_discharge|stability_worst
P3,76,fw_row_std,average_voltage|capacity_grav|energy_grav|max_delta_volume|stability_charge|stability_discharge|stability_worst
P3,77,max_voltage_step,average_voltage|capacity_grav|energy_grav|max_delta_volume|stability_charge|stability_discharge|stability_worst
P3,78,num_steps,average_voltage|capacity_grav|energy_grav|max_delta_volume|stability_charge|stability_discharge|stability_worst
P3,79,summary_abs_delta_band_gap,average_voltage|capacity_grav|energy_grav|max_delta_volume|stability_charge|stability_discharge|stability_worst
P3,80,summary_delta_band_gap,average_voltage|capacity_grav|energy_grav|max_delta_volume|stability_charge|stability_discharge|stability_worst
P3,81,wi_X,average_voltage|capacity_grav|energy_grav|max_delta_volume|stability_charge|stability_discharge|stability_worst
P3,82,wi_Z,average_voltage|capacity_grav|energy_grav|max_delta_volume|stability_charge|stability_discharge|stability_worst
P3,83,wi_atomic_mass,average_voltage|capacity_grav|energy_grav|max_delta_volume|stability_charge|stability_discharge|stability_worst
P3,84,wi_group,average_voltage|capacity_grav|energy_grav|max_delta_volume|stability_charge|stability_discharge|stability_worst
P3,85,wi_row,average_voltage|capacity_grav|energy_grav|max_delta_volume|stability_charge|stability_discharge|stability_worst
