path,size_bytes,sha256
.gitattributes,421,80330eb67bdc09ca47586e7565cd50349da39215dc096b12c8b8f6cd9ad0cd03
.gitignore,630,7960483c30a19fa7a2b6e90a4174a22e3eb60e999ebca002db5c9c7fe7501cbb
CHANGELOG.md,1201,afbd9147917f81f641f0db126cb8be98f5c4a63cc9316447b8da251bd76f2c83
CITATION.cff,585,752c0ec8501d9305507f24bb517bd2ec219af66f032d41335fbddd19f336708c
LICENSE,1549,60ee81d16501c37447a3e14defa677088d3b25520bacbefcebef266d63fc1571
README.md,5706,81c931dbc8d04dd4f1e66d50b3c5e89ffb3beda9cbe1507cd809a032187ed5d9
START_HERE_GITHUB_DESKTOP.md,1011,57914bd907601ae1dbe1e249302de9b1729c71c893c9e9febc74631e8086c118
configuration/13_calculation_manifest.csv,7012,38bc54955fd8534c35cab6f93bc47691793be4769cf0eb57fd066c4e61a5d268
configuration/13_expected_result_schema.csv,334,ab33b237c51796909446e2e2d1c8fc0f5d0c7e7d9a495599e8628852776aa1ca
configuration/manuscript_figure_config.json,505,c2891acfec2fcafaeaeb925a3fd8bd3e1d8b43e845b027b501b29c49ad1f9eb8
configuration/pilot_dft_resource_config.yaml,603,895cb590d078343edbe403fcd9c17b646d0e945d1d79e847c3702934a1231482
configuration/pseudopotential_policy.json,818,35c2a45a23e735472af0af9403e717752fdf291c0e7bbcbe3c179dce182ddccd
configuration/repository_layout.json,3904,599767e692171df37155eac2d351efcdfaa0fdf30c8dde46cc37f9e383c955f6
configuration/runtime_data_policy.json,397,8f68ae241bebecb8e225095a1cfa2c7c29e397d01bae2e9b2d16032ffdaf974a
data/processed/notebook_01/01_linked_material_ids_long.csv,3912544,d7ce89f2986d3a63cc21743ba85981af3c1c75a90af87223759c1213f7d9ff26
data/processed/notebook_01/01_linked_materials_summary.csv,12911227,7f010a72a67d87a6b798820a98bcdace32996586ac04940084a0741a48644cd0
data/processed/notebook_01/01_multion_insertion_electrodes_core.csv,1410948,19646157b6126b34f2b33b2d0aaabcd1b504ec5dadbb7dc4dc8c6a21fc084524
data/processed/notebook_01/01_multion_insertion_electrodes_core_with_groups.csv,1713316,112e01cc8210ff08494c9bcde258d5fd9bb9634c2c78a4f9644e3ebc356cdefc
data/processed/notebook_02/02_master_feature_table.csv,8697596,5fc37a4403d262909ab2517b2793645e88545459bd10147b0b4698ec1ee8ac85
data/processed/notebook_02/02_master_metadata_and_targets.csv,1038812,65e2a21b8300bcba2f9577e8eaa7c6d47bef8e37547cebfab5b1c05bad63d247
data/processed/notebook_02/02_protocol_lookup_for_notebook_10.csv,18548,4d68cd1870d01a26c1881cc9d4c6d76f0bd569b6dd86ae9190b371b09cffdfa1
data/processed/notebook_02/protocol_feature_lists/02_protocol_P0_features_for_target_average_voltage.csv,10839,b32fb3a40b453db4cb69192e3c87ad283c1360b6a71cfaa7562afcef2f1449a0
data/processed/notebook_02/protocol_feature_lists/02_protocol_P0_features_for_target_average_voltage.json,8033,b3f82a148c5297f24e2c0a194fdeb95b437a02369ccd26da8dd239315fec3776
data/processed/notebook_02/protocol_feature_lists/02_protocol_P0_features_for_target_capacity_grav.csv,10309,54b3673887d8284b8fd49ad56a51cf075912fc4426080f34cbb730a8a81f3f23
data/processed/notebook_02/protocol_feature_lists/02_protocol_P0_features_for_target_capacity_grav.json,8037,67d91dcd4f28df374ab057679ad03337e7de92243df1724ba9291f4bfcb797bd
data/processed/notebook_02/protocol_feature_lists/02_protocol_P0_features_for_target_capacity_vol.csv,10044,e206e4b11b9579265ff94055f0da566893c423b026bae5fccd7b12b9fc7e5eb3
data/processed/notebook_02/protocol_feature_lists/02_protocol_P0_features_for_target_capacity_vol.json,8039,917733d9c92220343288d10e663d78f2caa1d07cb260b998577e8fa1eff0f4b2
data/processed/notebook_02/protocol_feature_lists/02_protocol_P0_features_for_target_energy_grav.csv,9779,3a47bf5bc6f3bed6d15e6d3f5319780eec17d997a73eee34f9f3f8b905743cfa
data/processed/notebook_02/protocol_feature_lists/02_protocol_P0_features_for_target_energy_grav.json,8037,d2de1b6230676039c90a6af36fe1a7025f9841996884f36a3a68fc2dcf8c9949
data/processed/notebook_02/protocol_feature_lists/02_protocol_P0_features_for_target_energy_vol.csv,9514,16f8eb7f4c6ed7b27fdfc7be0859f22fae230a45351d73ffc13402b0468695f2
data/processed/notebook_02/protocol_feature_lists/02_protocol_P0_features_for_target_energy_vol.json,8065,3c616e0c2ac9de193c73e284234f1f01ab251416c94f2beba84794115faec8c2
data/processed/notebook_02/protocol_feature_lists/02_protocol_P0_features_for_target_max_delta_volume.csv,11104,5f94bf716698c733c588e3e1dbcb4cae9fb6422df1c66e6ba897307f9a0dbb17
data/processed/notebook_02/protocol_feature_lists/02_protocol_P0_features_for_target_max_delta_volume.json,8063,b7029fefd4fbdc8f7d458ef8b1fb25392ae2dce34b634ecad5c50ef8008d9f1d
data/processed/notebook_02/protocol_feature_lists/02_protocol_P0_features_for_target_stability_charge.csv,11104,b71db7e6502ed7817c025ee3fdf19ce287dcaf82e243d9e07cf3e776bb42cdc8
data/processed/notebook_02/protocol_feature_lists/02_protocol_P0_features_for_target_stability_charge.json,8039,106a339d40cc321d4796b2b4ca1261b6d6cc48b98cee7fe7ec16595ac029a977
data/processed/notebook_02/protocol_feature_lists/02_protocol_P0_features_for_target_stability_discharge.csv,11899,5bf47e97beccdfebdca02f5df01903993cc6a5a72ea108791171a3ba925cbe2a
data/processed/notebook_02/protocol_feature_lists/02_protocol_P0_features_for_target_stability_discharge.json,8039,7b8134d6d7f19ee0166ba806e484fa4c3cfa00a9495b3784386017e062010cf5
data/processed/notebook_02/protocol_feature_lists/02_protocol_P0_features_for_target_stability_worst.csv,10839,53f3a7595e68a5b716cc880e4855d52f45b169f7451fb47746fbaefba76eceb1
data/processed/notebook_02/protocol_feature_lists/02_protocol_P0_features_for_target_stability_worst.json,8039,c3636ce8851690f20928c87135e090c09e7e5b5eb65b5354312c19b89199ad8e
data/processed/notebook_02/protocol_feature_lists/02_protocol_P1_features_for_target_average_voltage.csv,2249,f48b47caf708a832bc283ef6333b39741c06e72751ca3bb64bab42a803bd2d0a
data/processed/notebook_02/protocol_feature_lists/02_protocol_P1_features_for_target_average_voltage.json,1721,6a5f9b5bace255dcee8bc706c7e49d5cb137a6205f6b2fed316bdd3924e761d3
data/processed/notebook_02/protocol_feature_lists/02_protocol_P1_features_for_target_capacity_grav.csv,2103,c7f2ee17f22c0a5f4e878bceb13689bde91c6f7cb6384e589daa1c170a6a79b9
data/processed/notebook_02/protocol_feature_lists/02_protocol_P1_features_for_target_capacity_grav.json,1723,eb7bfbe737280aa4d872dd5e0da4f2e22a83b45dc7418b81e0a55606f235348d
data/processed/notebook_02/protocol_feature_lists/02_protocol_P1_features_for_target_capacity_vol.csv,2030,f9149105621bbcb1afc86fca70f170cc79a389de7c71ab6eb0370060d9dd1b3e
data/processed/notebook_02/protocol_feature_lists/02_protocol_P1_features_for_target_capacity_vol.json,1724,1de97349d0b3522b662c891bfbda22867f12e12df578a510c05910e137a70bf1
data/processed/notebook_02/protocol_feature_lists/02_protocol_P1_features_for_target_energy_grav.csv,1957,e43718254540308b0aabbbe1e539659e0c98434ffba349baaebadcc6b68b9c9b
data/processed/notebook_02/protocol_feature_lists/02_protocol_P1_features_for_target_energy_grav.json,1721,be43a7009b71aa47b4d29168e37359be919fdf02ed2cea9dbfee9897358bd835
data/processed/notebook_02/protocol_feature_lists/02_protocol_P1_features_for_target_energy_vol.csv,1884,6ea3b9f59e27f25f34f075bf4b70bb50e7cfabe3ad2bdce510d1b069ab3e4b87
data/processed/notebook_02/protocol_feature_lists/02_protocol_P1_features_for_target_energy_vol.json,1748,6f3fc37f1079b5a3fed1691adb3ef2c62af6e21257f663e9b256892371536f33
data/processed/notebook_02/protocol_feature_lists/02_protocol_P1_features_for_target_max_delta_volume.csv,2322,4e7af848e612ed8220531fc246015c83eda37facba3b76727a1c79e5a44817e5
data/processed/notebook_02/protocol_feature_lists/02_protocol_P1_features_for_target_max_delta_volume.json,1752,43fec64b6473dd04ddf7291f8f6a1403fb6314b77961b446e8bb9e65d91c4e2b
data/processed/notebook_02/protocol_feature_lists/02_protocol_P1_features_for_target_stability_charge.csv,2322,f25d030f543906db82fec2e3e02101ad52840c903afddf3e91e52f3450ac3bcf
data/processed/notebook_02/protocol_feature_lists/02_protocol_P1_features_for_target_stability_charge.json,1728,ef2add8598a065dd9fd9482f7abbb16e5430a5c7157c6ec46279ca82685a1b72
data/processed/notebook_02/protocol_feature_lists/02_protocol_P1_features_for_target_stability_discharge.csv,2541,92c0288e3d75e77ad2be815669e6f351143238ad5f1f1ce792656c5f80708efc
data/processed/notebook_02/protocol_feature_lists/02_protocol_P1_features_for_target_stability_discharge.json,1731,91d437b2e23ab5c85168e80a18523df7c3b0681203b5e90f39ee1589a28537ec
data/processed/notebook_02/protocol_feature_lists/02_protocol_P1_features_for_target_stability_worst.csv,2249,06955a0f8f8444d579b3df52740f4132635c06fcfe6d84cfc1c79ee83c249663
data/processed/notebook_02/protocol_feature_lists/02_protocol_P1_features_for_target_stability_worst.json,1727,3c43e2e5fd89b27964f106d81f35b4b7f8e0f3449c50c1b3a8d9539505ed9166
data/processed/notebook_02/protocol_feature_lists/02_protocol_P2_features_for_target_average_voltage.csv,3203,f78cae4fc28d7b96b750b37f5320884770a8b4289ab85da109376709dcd9acf1
data/processed/notebook_02/protocol_feature_lists/02_protocol_P2_features_for_target_average_voltage.json,2648,2b8f45181b33ddec335c923a91796564482814beb37eeddee778966f98da7c9a
data/processed/notebook_02/protocol_feature_lists/02_protocol_P2_features_for_target_capacity_grav.csv,3017,466e0bcfcbabea18de6f344872e9a9a3b11082bae7914b3bc9cbf9b8d581b51d
data/processed/notebook_02/protocol_feature_lists/02_protocol_P2_features_for_target_capacity_grav.json,2650,cf307d9b2d4c96425b9f086941bdf639ea781f591a001197a81e38a0740ad650
data/processed/notebook_02/protocol_feature_lists/02_protocol_P2_features_for_target_capacity_vol.csv,2924,af31218ba7a91fc087fbc3e84274d3dc80022bd3a7afc571b5c28301cfab1dcc
data/processed/notebook_02/protocol_feature_lists/02_protocol_P2_features_for_target_capacity_vol.json,2651,f626152f9c09892f0a4f258219dc00224ad9f9ca66da88573ae6fe93261a90b1
data/processed/notebook_02/protocol_feature_lists/02_protocol_P2_features_for_target_energy_grav.csv,2831,1088011a79b7afeb15fc70d42764bc84926583b9ccf56f29404a98ef4280e323
data/processed/notebook_02/protocol_feature_lists/02_protocol_P2_features_for_target_energy_grav.json,2648,20abe3924c90a383c5c2d4e68fed1c4ee4af12f4164645ca37ce88e4e5324a2a
data/processed/notebook_02/protocol_feature_lists/02_protocol_P2_features_for_target_energy_vol.csv,2738,66a11875c4cf517be1d256d8671b23cc16e7eeaeeb1afbe4465fa13e147c5584
data/processed/notebook_02/protocol_feature_lists/02_protocol_P2_features_for_target_energy_vol.json,2675,d684e3fb82be486b4ee40bf485222f308257f04a515de8df9e8bb8f637f3f490
data/processed/notebook_02/protocol_feature_lists/02_protocol_P2_features_for_target_max_delta_volume.csv,2514,c1dab9b4534953d3a80196c34b2ae09cafc1fa6aa47f0983e26e8e437cf63372
data/processed/notebook_02/protocol_feature_lists/02_protocol_P2_features_for_target_max_delta_volume.json,2105,d95f7e66c07740ac83f2ac56921314f429f91eacd3803aa2af49d0cc98303325
data/processed/notebook_02/protocol_feature_lists/02_protocol_P2_features_for_target_stability_charge.csv,3296,82d7a07dd7e41832af4e49227fdedb9f102b636ff29e18a9481abfae46d6cac3
data/processed/notebook_02/protocol_feature_lists/02_protocol_P2_features_for_target_stability_charge.json,2655,bdde0a12afc93027839202f536c7ab5bad1d1fbc87f4bfb8d0200d94cf02ccda
data/processed/notebook_02/protocol_feature_lists/02_protocol_P2_features_for_target_stability_discharge.csv,3575,f30a9ddf23833118bdd30b49ba7435bc4cc451d7409b215cd62b4490575757aa
data/processed/notebook_02/protocol_feature_lists/02_protocol_P2_features_for_target_stability_discharge.json,2658,ba51e345702d07e112b510aa3688142e70cd416fe7dd092701b65b36dbeb083e
data/processed/notebook_02/protocol_feature_lists/02_protocol_P2_features_for_target_stability_worst.csv,3203,2ea18329410af399ee823caed2ef40891731e2f5e98f01319c0bb6906849632a
data/processed/notebook_02/protocol_feature_lists/02_protocol_P2_features_for_target_stability_worst.json,2654,ecb81466e5fba12d3304a39eab3ba99896b29d207b08bae2620eb0ab0aaef7ef
data/processed/notebook_02/protocol_feature_lists/02_protocol_P3_features_for_target_average_voltage.csv,3889,061a8315ca3428ab596fc4aed987decc7d3aa1939e693dbf06faf0d9cbfe88d4
data/processed/notebook_02/protocol_feature_lists/02_protocol_P3_features_for_target_average_voltage.json,3169,194e842525aff1e0ed965dde8be03286c1903fe1921656c476483c19c95abd36
data/processed/notebook_02/protocol_feature_lists/02_protocol_P3_features_for_target_capacity_grav.csv,3910,bbb7f4bcf5d001f9994e57755ccb5dc213d00f5c7b97975f6f6e9bea9183ce01
data/processed/notebook_02/protocol_feature_lists/02_protocol_P3_features_for_target_capacity_grav.json,3368,28499146279116d1408a11e4bdabfc9268860499b3674d48fa1b61c45560aa18
data/processed/notebook_02/protocol_feature_lists/02_protocol_P3_features_for_target_capacity_vol.csv,3798,da0b8dc2d5bd70a9a92fd5e0f81fa6f19c7a913dbcff02f5656f148df17f25d8
data/processed/notebook_02/protocol_feature_lists/02_protocol_P3_features_for_target_capacity_vol.json,3369,cd5d9eb64541c1108591bf436cfe7c6dfd7dc9f2601438ba53e69fd9b069b63d
data/processed/notebook_02/protocol_feature_lists/02_protocol_P3_features_for_target_energy_grav.csv,3457,53485a4b60acdb6193a5c103ccd6a5b78adfc07e1cb1114a21623bfabf22547c
data/processed/notebook_02/protocol_feature_lists/02_protocol_P3_features_for_target_energy_grav.json,3169,6048245b01f769e0789780a7c89d6266b8583dbe4feef0670b45d80aebffb426
data/processed/notebook_02/protocol_feature_lists/02_protocol_P3_features_for_target_energy_vol.csv,3349,58d228ba8dbd63fc71568dda7a3c74b966609780ea7cb6f667ee16e4cac26094
data/processed/notebook_02/protocol_feature_lists/02_protocol_P3_features_for_target_energy_vol.json,3196,fba204939df49231aebef6cfc963d52976d3930b674210269763f2dec8c2a6f0
data/processed/notebook_02/protocol_feature_lists/02_protocol_P3_features_for_target_max_delta_volume.csv,3464,be637fd9ee6c71d8a16557d4555ac583f11fd0ae2ded08ba0dbd0dd5ca465e4f
data/processed/notebook_02/protocol_feature_lists/02_protocol_P3_features_for_target_max_delta_volume.json,2822,45df7dbc986e4c618d5649573e89f3a3a4a22043983e861259337c8eaf227931
data/processed/notebook_02/protocol_feature_lists/02_protocol_P3_features_for_target_stability_charge.csv,3884,2c23f877336f2afdaffd29faac89a9d0700c50f38ae653c5f8f0735899b561b5
data/processed/notebook_02/protocol_feature_lists/02_protocol_P3_features_for_target_stability_charge.json,3102,a7bb1a72a521f14ffecc78494e6cf2db0a66733da9dece0de0bd18fc59945f6b
data/processed/notebook_02/protocol_feature_lists/02_protocol_P3_features_for_target_stability_discharge.csv,4199,5e637d5056d4d5694d4b2c6f02478e434078e15581e559fb1847b8f7deb1a716
data/processed/notebook_02/protocol_feature_lists/02_protocol_P3_features_for_target_stability_discharge.json,3105,b6b01b19d13489aa2a97b03a9ed9b142979a1ef9909237144f349ff9a42015dd
data/processed/notebook_02/protocol_feature_lists/02_protocol_P3_features_for_target_stability_worst.csv,3779,ae61487c6a053593973d25bb819a0ac8c7e604aa34ecff8522a35a162c22c20c
data/processed/notebook_02/protocol_feature_lists/02_protocol_P3_features_for_target_stability_worst.json,3101,b94bf0d662a44e73157877b1ef7e329084cd96d1a0be935ce0d7024ec0439215
data/processed/notebook_02/protocol_feature_lists/02_protocol_P4_features_for_target_average_voltage.csv,10874,a018d1c7035d44f03afd70f67ea43fef01fe02f96f0c4f60016eb7230bff8d6a
data/processed/notebook_02/protocol_feature_lists/02_protocol_P4_features_for_target_average_voltage.json,8032,2433907df2103ded6d9995ad2ce1f6fc5fca8d48c9ca07867862f7f1924dd14d
data/processed/notebook_02/protocol_feature_lists/02_protocol_P4_features_for_target_capacity_grav.csv,10340,ee6ede91f6d197b87670e54084527181d4dd2d0078cd946b7b61952d29d87042
data/processed/notebook_02/protocol_feature_lists/02_protocol_P4_features_for_target_capacity_grav.json,8034,5cac67bc4a723ef3939c0a9e827c47e14d0fec203dc9a982f9991418c4137474
data/processed/notebook_02/protocol_feature_lists/02_protocol_P4_features_for_target_capacity_vol.csv,10073,c73fbd9c2407d9eb764216eb71a253bb801be9d5402b50baed5cb9dff88843af
data/processed/notebook_02/protocol_feature_lists/02_protocol_P4_features_for_target_capacity_vol.json,8035,d6649b9471f1b760e040aaaf0cc648dc36d8f6a0c08a5a6ad1017e9040ab0fb8
data/processed/notebook_02/protocol_feature_lists/02_protocol_P4_features_for_target_energy_grav.csv,9806,cf027e2c43e080fa3fafb48828a1ad5e28b36ba53ba6ce4dbc3478ce866b87ac
data/processed/notebook_02/protocol_feature_lists/02_protocol_P4_features_for_target_energy_grav.json,8032,7e13e595973a61b18c71602deb01ac398c1130f8f5a67df5452cdb8a9eacf457
data/processed/notebook_02/protocol_feature_lists/02_protocol_P4_features_for_target_energy_vol.csv,9539,d1810cae70b1d02f9f6d1ef5c90d8288ecc9f50242a13ab34c3df30e98bb9739
data/processed/notebook_02/protocol_feature_lists/02_protocol_P4_features_for_target_energy_vol.json,8059,7c89056e2eeb87554897a3787f894599ea46607d7a631178796127a5c82deac4
data/processed/notebook_02/protocol_feature_lists/02_protocol_P4_features_for_target_max_delta_volume.csv,11141,5a6f90353f2c18f673cc31947e12d582b4f41e8f37ba1369591962692df1c1d5
data/processed/notebook_02/protocol_feature_lists/02_protocol_P4_features_for_target_max_delta_volume.json,8063,1f608ae33ab16a67ccabbf32f68b66adbbde4183fe669a904f7fc21975e4d70b
data/processed/notebook_02/protocol_feature_lists/02_protocol_P4_features_for_target_stability_charge.csv,11141,e9a8b5cb7caa4f3d42f7dbb41627bb75e06dce79625812f9a66adb3f9faaf3dc
data/processed/notebook_02/protocol_feature_lists/02_protocol_P4_features_for_target_stability_charge.json,8039,1c9b3a68d4e8df0a861c96ba1e2b536c1c2ab11a535e7462f4bd3e98d5013f58
data/processed/notebook_02/protocol_feature_lists/02_protocol_P4_features_for_target_stability_discharge.csv,11942,e34e5bc61fb86a10d060ff7f2955ab3c8f9d9df9934f3c43ee06652bcb84327d
data/processed/notebook_02/protocol_feature_lists/02_protocol_P4_features_for_target_stability_discharge.json,8042,f798d6afdb9f0c00aeb01e30cb471b2f855e06abb7f46aea44ed2f1e515ef05c
data/processed/notebook_02/protocol_feature_lists/02_protocol_P4_features_for_target_stability_worst.csv,10874,d0a0e0b2781f44a498cf6cd46de352c2eae4679ce941e491f67620a74a0628a0
data/processed/notebook_02/protocol_feature_lists/02_protocol_P4_features_for_target_stability_worst.json,8038,e271dc2a066925d8dc7e78cda0fd4c809baa034da2bc3f1de26ca4aa729f0230
data/processed/notebook_03/03_battery_property_dependency_graph.graphml,1438885,dc7c1a96560bbf21c5865431ade183f12bdcb1c37bb86de7885a67f78bdb6f1b
data/processed/notebook_03/03_battery_property_dependency_graph.json,1448513,6e09eec1a3124a6990b79184b2388d41598375f99e4656e288d865e48884248b
data/processed/notebook_03/03_compiled_exclusion_reasons.csv,556518,c36f7fbfe2e15b7f59a4f5abc23e92ba823da9aad3b994e97b6cb64ccabee13b
data/processed/notebook_03/03_compiled_feature_sets_by_target.csv,909968,ea7e9a4d030d89d9aa319909685b764a70d498461e3c87a3c5903cf508c8c662
data/processed/notebook_03/03_compiled_target_feature_matrix.csv,716962,9f2ce9681b233328d83d76ece836af5694a473f096b62e396db4fd663d4934fa
data/processed/notebook_03/03_compiler_api_example.json,2915,7538b1738f7ade4a8a3b960a7a7b73d8d28e6831685fd45e34222256c907a9d3
data/processed/notebook_03/03_dependency_graph_edges.csv,669098,1bd9d8ae17fbcc1f3695ffde9209856a618bb94c7735c4c76cf43f20a6664600
data/processed/notebook_03/03_dependency_graph_nodes.csv,32675,0bb2160be4ecc250a456d9dd72bc51081031b9f11d9cee752237f7c93f7141a6
data/processed/notebook_03/03_leakage_rules.yaml,3084,bcfc9e477a16b7e84a5d8a22dfc6a5a00dbe4a961b35024b36679c70b597b4c4
data/processed/notebook_04/04_benchmark_aggregate_results.csv,230685,2338afdccdf24d96b29c6e7c277ddf57a57a923c3476f6fb675b44d2bf58aee9
data/processed/notebook_04/04_benchmark_fold_results.csv,1830204,fbeb41c752bdaa17807fb8df8eaf09a9e86b8410671f0aea10d6dd124094329c
data/processed/notebook_04/04_benchmark_predictions_sample.csv,7839852,061186fe14819935484659f65192778ac5731e6113d93d2c62202507e8e69928
data/processed/notebook_04/04_best_model_by_target_protocol_split.csv,80586,2dd42bbb6418dd8cc22d24f076f39fe174d04a8e778e3d2bbfeb51432060b4b3
data/processed/notebook_04/04_compact_best_model_benchmark_table.csv,28575,7479d0d485d9f8473cef5f8a65561d2c809898d07fa88c46e6c0afb79cee71a2
data/processed/notebook_04/04_model_comparison_table.csv,75284,496fc0d6c00d83dacf7446d42f932853c23d691527173930043f5627b2308dea
data/processed/notebook_04/04_performance_degradation_relative_to_random.csv,87833,a5ceffd396fc13de40fd4e5eba120483657e53f8bdeebfee13e1009fc29ed3a8
data/processed/notebook_05/05_common_multitask_feature_manifest.csv,30675,5513d73affa951feafc774a0c78f163e081f28a2e88c8fc32e8a53feec693362
data/processed/notebook_05/05_energy_direct_vs_derived_predictions.csv,34881973,17b2d88361775b8551ff147561ef5482750312bc5d573f6448d18ed9612c92ea
data/processed/notebook_05/05_outer_test_record_manifest.csv,1289243,440031f2ba9425b1508c6b12eb405a06b628195db8a4286da15740f8952c65de
data/processed/notebook_05/05_physics_constrained_oof_predictions.csv,63198206,250c29b928be685a15ba74f1cb4fdda331ea09ba5719cf68f5c9a0b15eaf625f
data/processed/notebook_05/05_split_plan.csv,9093,095dd1bb52cc5170aaa88d244a8deaa288dc9b3b4a3bd42931970da38686201d
data/processed/notebook_05/05_stability_direct_vs_derived_predictions.csv,35127336,27a5ed88d58bf78376cf8d26f7b08f1d772a25c95e498f7e626d3200ecebba7f
data/processed/notebook_05/05_valid_record_universe.csv,31874,1a95b313f62b768d7f2db2cc95085f09819cf77e2e41e91bed43ff5cd07252ed
data/processed/notebook_06/06_paired_physics_constraint_fold_effects.csv,58787,d497450262c61499f80d9f5e2694db4434e30b63fd0f38207c286de5c0fed7b6
data/processed/notebook_06/06_paired_protocol_fold_effects.csv,882111,3e04589171d7c3f7a5240c78d1750d9e0008a870802c2ac49cbb1ee335c6d226
data/processed/notebook_07/07_calibration_and_domain_summary.csv,25367,f050ab460f43ac869ddfd61d5b4a39a018554ca17e8cfeb5352baea9cdd096f4
data/processed/notebook_07/07_compact_uncertainty_ad_table.csv,16529,1ff17c7f993bb70980d445165abbb7aa4569cea229f1238d95e4f7e29f0b6ab4
data/processed/notebook_07/07_error_by_applicability_domain_flag.csv,37614,6cd9b47a7492a514d4ff1b8047663d2588328c8146ab05c7c9358414bc6d2914
data/processed/notebook_07/07_leave_working_ion_out_uncertainty_table.csv,3522,173549274625ab87638a04a7a3f73076369cc59f9a9483c1ae629afe7ca40615
data/processed/notebook_07/07_reliability_bins_uncertainty_and_domain.csv,147660,7351ee3541514ca4349172e65223056e38a76274786e84b339587340258e2d4f
data/processed/notebook_07/07_uncertainty_fold_metrics.csv,668016,03a7ac03a1148abe0bb24e7ef6b2d80030e176b46fa6bacc3856ea119ed635fb
data/processed/notebook_08/08_formula_list_for_notebook_13_manual_search.csv,5819,45aa6090f8ce732f7f34f49bf72fac18d3d0c0887d590181a317d23c3c51d635
data/processed/notebook_08/08_sodium_candidate_base_table.csv,209645,25b35179d88e18d8c9c73f59cd6cead234f67ad88f54d9d78a63fc4e5fbeaf06
data/processed/notebook_08/08_sodium_case_study_candidate_table.csv,706706,216dbd39b54380034da01ef0eb851f98a9e9232b5d0589877a003fc0aa616cd8
data/processed/notebook_08/08_sodium_case_study_candidate_table_compact.csv,352488,fadb15bf880744fcf6953ed3c08238f14debfd6b6a4a79c3183320cdefe07f58
data/processed/notebook_08/08_sodium_lwoo_prediction_uncertainty_wide.csv,375615,90da21b482f6d52f9082a18349fad4a2ad72403aca008cab21535716948e54b1
data/processed/notebook_08/08_sodium_pareto_candidates.csv,259565,240cead672fec3abc2cbd5c6df368836a0ed97397694ef7011a697d1d0470ed6
data/processed/notebook_08/08_sodium_rank_robustness.csv,689364,f570405a8a24b81c7620947ff1338ce4c7de1fe73ea30d611553dd994e97d981
data/processed/notebook_08/08_sodium_top20_candidates_for_literature_review.csv,18708,6b42ae689eaa7f012751d6877f01c059d3d7d8aafc34400635ea9cbc31edc061
data/processed/notebook_08/08_sodium_top30_candidates_for_literature_review.csv,27385,9d13f5aecf8f94cf616f9ead9cbe8667c7a5e1229b1958d7c9ac596743fec151
data/processed/notebook_08/08_sodium_uncertainty_penalized_shortlist.csv,44757,941c97dcc5fa11bf39bebe519b9c2dd52306332ab24ac55f85e96d2e29b3781b
data/processed/notebook_09/09_candidate_literature_analogue_summary.csv,24289,cde4033742bcc8a9fe6af2e9e02e5ebec8e268c57cf0f4eba3c223310143b60c
data/processed/notebook_09/09_manual_literature_annotations_BLANK.csv,212957,3edfd24634bb2e52ea6d400543e3813f5555bd86bcf40c0c2372f96b41e509d7
data/processed/notebook_09/09_manual_literature_annotations_WITH_CARRYOVER.csv,273943,9c1fe4e248387a5fc5b4fef204d259f9c7724d3b8699ca923142e501c27a4bf8
data/processed/notebook_09/09_query_table_all_alternatives.csv,155507,6bd9c2d054381e29c8db08b7542559d9f692cefaed351fdd1ebf90ed23856b64
data/processed/notebook_09/09_query_table_recommended.csv,108418,1bd9a4620448c519a5d8162fbeb21c54926bf13b6f420f87a582a576ec23c70e
data/processed/notebook_09/09_sorted_top30_candidates.csv,27866,e1abecc79249e3f2a37545d431148210d8ad5507445c719a0581d5be5b4ceb93
data/processed/notebook_10/10_dft_candidate_selection_scores.csv,56618,121bfcae4c5ecfd2a8f90dd1f5409fa7356c3d7287fb0e80f52bacb6d880d184
data/processed/notebook_10/10_dft_input_generation_manifest.csv,4596,f37f7059263279d8c85522f2961ad01489e5d80d96e661ac274ea97655a058f6
data/processed/notebook_10/10_dft_optional_control_selection.csv,3893,3295cb337c42249414e1315e54c69b07f2a352bd97e7b328153a8026d7cec90a
data/processed/notebook_10/10_dft_primary_selection.csv,11931,f38a69349496cf8ace01e2d624319f1db89091235b4b41ecb8c4da390aa6f74b
data/processed/notebook_10/10_dft_reserve_candidates.csv,46086,106fb9642e0f8eaf94bb0d28d713b26152d1083a92b04e12b3dd1f2c6de1194a
data/processed/notebook_10/10_dft_structure_resolution_table.csv,1336,4cd87ad0913702c54a33910e586047f97815149e98332ff58678ad8922cc3ab2
data/processed/notebook_11/11_dft_protocol_requirements.csv,1472,4625cc1aba2fe7bcdfa9bd5693fa3635bb94bfdc08696e4a9a60e14fa688138a
data/processed/notebook_11/11_exact_candidate_core_records.csv,4744,81d79f161d022c28a4c3f74329c3bb45d6a3b62254bb1ca11a3ce35c11f0787a
data/processed/notebook_11/11_exact_structure_manifest.csv,4649,356017a5bb2e9991542b4dcb0cc2815b4f612c7faf6af4251595e19d265e85d9
data/processed/notebook_11/11_hypothesis_driven_dft_case_manifest.csv,2509,bc4660c290982f729572dc4a92d2cbfffdcf552ba075dab22211a5c54066634e
data/processed/notebook_11/11_locked_exact_endpoint_mapping.csv,827,dea9e4397650ec403a25000ffeb635de6f5ddc9f2229584a0c7b7b76610c408e
data/processed/notebook_11/11_pilot_dft_execution_order.csv,483,5bc672fb66fe5efd7c6f57de96b9e30a3483b4df5ef134b0bf7bff225b132f28
data/processed/notebook_11/11_vasp_input_template_manifest.csv,2128,f59c65d4641831be4cbfc1087c4386a3d326fcdbe623978fdd860b4c1393096b
data/processed/notebook_12/12_expected_pilot_result_schema.csv,507,3a313fb419bb87fdebd1999826f388be07ed91ccf28b62d6fe56118ec2444d84
data/processed/notebook_12/12_na_reference_definition.json,353,6d6a1dcc9a4d3a52abc8073e9d88649f0df5e5dff6526a672f48fb1d55284e3c
data/processed/notebook_12/12_pilot_execution_order.csv,844,354b692157c7c230459f899550b76700843703ecfa1a75f60b7f989056491fd2
data/processed/notebook_12/12_pilot_job_manifest.csv,871,d96703107541a2c81d32a73f28fc449c622df1bf7f163802e4814a535270aa62
data/processed/notebook_12/12_pilot_reaction_balance.csv,1039,474613b480ea2d9bb496ffa87dd7b3cec19009fe4e8f14a4e8e5d94b966b9bc6
data/processed/notebook_12/12_pilot_reaction_balance.json,1170,aceb388ea1f51a11275c370b446a3e1a29823f3cbb201324cab31e9f873b2f50
dft_validation/.gitignore,225,98345f898b2889557e2abf4bb72bebd2cbaff0b768a4d8b8bedef80403e2a73f
dft_validation/CITATION.cff,843,9da3cce01a7cf90df15d470926501f0f13aac74543fe7adf4e176dbcc171f9cb
dft_validation/LICENSE,1549,60ee81d16501c37447a3e14defa677088d3b25520bacbefcebef266d63fc1571
dft_validation/MANIFEST.sha256,4978,181afde085a21df0bd2a2655d28e45f4b8c63ba1877b4db1da957ff733a00984
dft_validation/README.md,2934,a7c458bb5603f32dd914692ed62448aef6a2cc3419e65b099ee35b632d4d1798
dft_validation/THIRD_PARTY_NOTICES.md,710,6e81399edfe73f4c328a18a9c19b6a3252e277928123e4d111c2e1259b65be38
dft_validation/audits/CLEAN_EXPORT_AUDIT.txt,996,48f989f29417562405d5cf98417c085d48ec83419fd1b6a319b8e757b559ac3f
dft_validation/audits/FINAL_PUBLIC_EXPORT_AUDIT.txt,1419,9f47e115c62215d0debaf76cb2296da30256719187c987a3145febedb62eb0ab
dft_validation/audits/README.md,893,7b59a8f480f31ad9782eb90aa2a89a9f7b1b80470dacc3dc27d1311527c94fcd
dft_validation/audits/charged_static_atomic_forces.csv,1900,e55a81fac62f2a1a39553029b151cfb32e3daf12d01eecae7603a2a452ad0a62
dft_validation/audits/charged_static_force_audit.txt,735,cb75eea8420bebdb3a3aeb12bdc9992fa4aff4e012c9ce8b438d74f172f73147
dft_validation/audits/charged_static_force_audit_nonaccepted_attempt.txt,2568,98113fb4661f9b05cff6d5249488e6fdb9ccf876e91b62b9502810b8a761d617
dft_validation/audits/composition_and_voltage_audit.txt,1254,688716cb710497c64086294c1732b7878838870ffa22e86c887ed08f76e1c4b8
dft_validation/audits/discharged_clean_stop_receipt.txt,881,3c0c64b627cd5a33ae8221be592afb0bd21a99411fa5174929b3b398cf0d7241
dft_validation/audits/discharged_relaxation_clean_stop_audit.txt,885,30f6657678e8b781c3ac7d132ca91c26e492770094b1c3798dc52664eefecf46
dft_validation/audits/pseudopotential_archive_provenance_audit.txt,1750,04b33f6eb6983624280fb0d5a4d4d31b84dafdf2bf275610abd6098c27711a40
dft_validation/calculations/charged/reference_6x7x4/pw.in,2497,108587db74486a5b3bdf6e8205e6d5105c773e295410e8bfbe0bbe7c6e3da3f8
dft_validation/calculations/charged/reference_6x7x4/pw.out,293698,796b81bfd63eaa7ddef1a6a68a2a2c09e16de5e248c4d080478ce63d38849ed9
dft_validation/calculations/charged/selected_5x6x4/pw.in,2497,161332afe22168c8d055c02d0691c210f6b836ce20a36080961eb18d3e389629
dft_validation/calculations/charged/selected_5x6x4/pw.out,222013,8e960c8716bb74822818eafa88c913ccd81f3119b18e1a029a40b372faec7217
dft_validation/calculations/charged/supporting_3x4x2/pw.in,2497,ee1ef7627eef2df035eca01617e3470a5f899bc193a25b0abe5d426dc9afd7f0
dft_validation/calculations/charged/supporting_3x4x2/pw.out,102990,721e2eba7b32316adf232f1fa01c86097973fbad4fca610589134e1015f3f48e
dft_validation/calculations/charged/supporting_4x5x3/pw.in,2497,81229942a49921e7c265b4cb42e6b84eec5b1689a430d5fc585b555e28425c1e
dft_validation/calculations/charged/supporting_4x5x3/pw.out,151522,7ec98cf65a2f1b2bfbeb8a3146e8c54990d4205da772dc3e967608f371a6d952
dft_validation/calculations/discharged/reference_4x4x3/pw.in,4420,99014901231bae2b0ad3339ce295d4ca61b5c28843298c4567ed9fb266591c8a
dft_validation/calculations/discharged/reference_4x4x3/pw.out,349289,ae5f1618bedaf7288372794f905228569032a945f4743d367b0e6cc6a7eb833a
dft_validation/calculations/discharged/selected_3x3x2/pw.in,4420,89fd1e5c70763c1a4802720d2eea9c40dde8fa26cc48a02a0c4eb8f6f4b6b48e
dft_validation/calculations/discharged/selected_3x3x2/pw.out,196426,e54b1a860ab217501196fd5b19f9c17840dec37f0b5cc6f6ecfb8f8b5a87e202
dft_validation/calculations/na_metal/reference_16x16x16/pw.in,991,db8220ce67b572f4052231c6d0b104e25bb468a5a9552a0962a5823c44d3ee45
dft_validation/calculations/na_metal/reference_16x16x16/pw.out,123775,70ff37bcd36fce4c0aaad1e0ee2dca0f0fe971ad1330164a23ddcea633dc81d6
dft_validation/calculations/na_metal/selected_12x12x12/pw.in,991,447e2b0eb10292a7a10f24877449c9400ec288938c91006cf39ded5319ada81b
dft_validation/calculations/na_metal/selected_12x12x12/pw.out,84204,e37fb13b4f39bc00411deadb928ad0c1c16e3a774f497da84ee519c7e41c4fa3
dft_validation/environment/qe_environment.txt,7266,1060d9b00b8f7489b99996cbdf0f81f28cde663b949cc8dce62c78255ba85a96
dft_validation/licenses/SSSP_LICENSE.txt,3673,8028d9d7fcad7932bb5551dc0a60cff6c6b7f7aa2bd480f516a2faaa09d943a1
dft_validation/manifests/accepted_energy_chain.csv,2783,84adba3e839c3a3651da1e7a8c64d7c6eedc8f0968b15d3772919097614cb180
dft_validation/manifests/calculation_master_manifest.csv,3595,e86452b76fa8e73415c9ea09521505ba9078ea159613786a71ffcd8ec8fe923a
dft_validation/manifests/export_file_provenance.csv,6942,78c2705ffa68993cdc68e65686e20fde648316e064225a4a99d6ee350bfcd63a
dft_validation/manifests/pseudopotential_provenance.csv,1972,e6b9ea2cfe0ecfaa0887ff88d9e25d30bef78af4fd1d460463b581840e89285a
dft_validation/manifests/sssp_archive_download_receipt.txt,1002,69ec80eefccd5b58de5c141335a01a42fd83dbb673eace763d2ae03469291876
dft_validation/manifests/sssp_archive_payload_verification.csv,2461,57b18a3c0219e2fbebbe42b02b9c533c3c1ba9e7e4048029da5fe4f8d20d2e99
dft_validation/results/composition_normalization_counts.csv,735,c27a2d414714af8b2af3cfbb473fbd1bb0c39766288c86024d963834582996c1
dft_validation/results/kpoint_convergence_trend.tsv,981,cc695666ca725e1739069b0533d303ce36e2b054f000dd1d26f3f1f1d0400bb6
dft_validation/results/kpoint_input_audit.tsv,606,af4d568a73b56624bd50e2dffdd2bd030cb33e35a60eb61923713fa0cc750e6a
dft_validation/results/kpoint_metrics.tsv,722,0be77baf39cfb79f287dac0577a6601e141eed8aff0e0cbe07fc9744ed1d318c
dft_validation/results/kpoint_run_summary.tsv,219,4c6280abf56900b531d6b90ab3857b545700ae711498ed387d2a9d78226e791e
dft_validation/results/selected_vs_reference_voltage.tsv,362,d0a2d650aae81bd0fb8e82f26f84c85b6d2f19c9587490df99e5d118da4a4dd4
dft_validation/results/voltage_reconstruction_check.csv,316,af7a25c8b3bb01a870ce7c9c1acbe8d81e22493d58e3d77e388b535bc9d3d88e
dft_validation/scripts/reconstruct_voltage.py,2840,ba88b0c2072a77c9ba85b1334377157d292e9077a3c03bb13ef406efb63ec9a8
dft_validation/scripts/verify_repository.py,5394,1bac8245f175b3959aab0eb69b33c4e17aa9122f5fdec472a53f50994710d0b5
documentation/GITHUB_DESKTOP_UPLOAD_GUIDE.md,1847,240ccf51c8a2ca7f2963cb6c66f94add830bb6ac1661cac210be3ed8fb57ee2f
documentation/REPOSITORY_AUDIT_REPORT.md,2819,0351fda13410f14d0980368a7f5c4fe984d6e661c9ff99b38cd77e3e6e648796
documentation/REPOSITORY_SCOPE.md,1976,e73c75771b110011f84bd39673a50883e4f432042b7ee756ab8708f3d995131d
documentation/data_availability.md,451,f675180873551e38ce2387e76a2a1cd85a2d7b7e785cd37ebab11efb03014b91
documentation/external_data_manifest.csv,363,799ef990629704b8761d3a07238f60a710ccd0eb2215aad89eabd2cf659610b0
documentation/figure_generation.md,1399,271a8f5a67018f52447b9c805bb3fc1ee8bf6c33e5b12547232768b14c009b20
documentation/figure_package_installation.md,821,ad0a11d5c3cb771bc272880029b295aa9783b2f7f2d807b4b2a20addebb8bbe2
documentation/manuscript_figure_captions.md,6024,b4a03de4760298c9df3c837949a594a758155c3494003d78fd0f8ce6bbdcbe68
documentation/manuscript_figure_map.md,3158,a310076daa3eeffa0373156e64f05b31c48602278321fc033758ad22c1ab4739
documentation/notebook_10/dft_inputs/Na_candidate_02_Na0-1CoO2_NaCoO2/README_DFT_SPOTCHECK.md,590,26f56678199ee4523f3ef0ecba16988222e8da58f013ffdc5182fb6be783fdfd
documentation/notebook_10/dft_inputs/Na_candidate_02_Na0-1CoO2_NaCoO2/charged_CoO2/STRUCTURE_REQUIRED.md,410,ba184b1d599ee6e1ad0062fffdac029d2e42ce423ec01ddd6b3c0cda1349bf92
documentation/notebook_10/dft_inputs/Na_candidate_02_Na0-1CoO2_NaCoO2/discharged_NaCoO2/STRUCTURE_REQUIRED.md,415,456e8b64e1ddf41c806d5ca30c1e549e2e0a12a9a7b99d5997164b7bebc5faa3
documentation/notebook_10/dft_inputs/Na_candidate_06_Na1-3CoPCO7_Na3CoPCO7/README_DFT_SPOTCHECK.md,594,79d92620382c31af9b871cae63aec2670763979a9ae475c5da9b8bdf2c4dcf19
documentation/notebook_10/dft_inputs/Na_candidate_06_Na1-3CoPCO7_Na3CoPCO7/charged_NaCoPCO7/STRUCTURE_REQUIRED.md,414,e35f3bbac54c7ebf21e11de43f409a9d4921dc67f0cf037ee3ccd1b6523548d2
documentation/notebook_10/dft_inputs/Na_candidate_06_Na1-3CoPCO7_Na3CoPCO7/discharged_Na3CoPCO7/STRUCTURE_REQUIRED.md,418,2d356aea13fad1306c73b3676c737fc8c214f6dd8f8b8bf93421242b48869d09
documentation/notebook_10/dft_inputs/Na_candidate_10_Na1-3FePCO7_Na3FePCO7/README_DFT_SPOTCHECK.md,594,c144f96b776bdda2037eb1154b1ef9c23d8604cf58b68841928829e1499f7575
documentation/notebook_10/dft_inputs/Na_candidate_10_Na1-3FePCO7_Na3FePCO7/charged_NaFePCO7/STRUCTURE_REQUIRED.md,414,89862b060660434c967d39f1dd92130ce1528828194655a3f0ff4b4e913cb557
documentation/notebook_10/dft_inputs/Na_candidate_10_Na1-3FePCO7_Na3FePCO7/discharged_Na3FePCO7/STRUCTURE_REQUIRED.md,418,ee5990356b86fbf2c82f241f55593ec24b12471967cd27186b78e3349e34396d
documentation/notebook_10/dft_inputs/Na_candidate_11_Na1-3MnPCO7_Na3MnPCO7/README_DFT_SPOTCHECK.md,594,2474a9fa093f87c556408ce5b0b3beb0a41e7975cd10332db96d992964f364b1
documentation/notebook_10/dft_inputs/Na_candidate_11_Na1-3MnPCO7_Na3MnPCO7/charged_NaMnPCO7/STRUCTURE_REQUIRED.md,414,e6018f2d50968cb1b19a80127dae1d25b9772308a12b7d857137b23b41443045
documentation/notebook_10/dft_inputs/Na_candidate_11_Na1-3MnPCO7_Na3MnPCO7/discharged_Na3MnPCO7/STRUCTURE_REQUIRED.md,418,eec62b8e175868540ae1def62d4d8782329d34a3e8da0897bd6b4dc6bd57d746
documentation/notebook_10/dft_inputs/Na_candidate_15_Na0-3Cr2(PO4)3_Na3Cr2(PO4)3/README_DFT_SPOTCHECK.md,604,58ca92ecae41c92458bfa9e2f6335194d5ec6434cc9c024da392e3a6819fabc4
documentation/notebook_10/dft_inputs/Na_candidate_15_Na0-3Cr2(PO4)3_Na3Cr2(PO4)3/charged_Cr2(PO4)3/STRUCTURE_REQUIRED.md,415,af6f57d2a606e673216151a57572c51bbe5241c6cb94fabdcd0b15a87e1757f9
documentation/notebook_10/dft_inputs/Na_candidate_15_Na0-3Cr2(PO4)3_Na3Cr2(PO4)3/discharged_Na3Cr2(PO4)3/STRUCTURE_REQUIRED.md,421,bd36cd7f5a22c239f8889e226eaaeb5d94397d0280010b96de899456e6bfe647
documentation/notebook_10/dft_inputs/Na_candidate_16_Na0-2MnP2O7_Na2MnP2O7/README_DFT_SPOTCHECK.md,592,dc08d68f0e08c2544e5e49e3935e4f43d0731acef8d27fee77d91cedea3bf4b6
documentation/notebook_10/dft_inputs/Na_candidate_16_Na0-2MnP2O7_Na2MnP2O7/charged_MnP2O7/STRUCTURE_REQUIRED.md,412,ec31c6f83021258bcf6404d83804aa1284b0b5677cc5deec0c98ca1bcb927c6c
documentation/notebook_10/dft_inputs/Na_candidate_16_Na0-2MnP2O7_Na2MnP2O7/discharged_Na2MnP2O7/STRUCTURE_REQUIRED.md,418,fa45a3e7c214b9981891787127505b55d704f5da1b2f92477120f18f38594fe1
documentation/notebook_11/dft_inputs/Na_candidate_02/charged/02_static_template/README_STATIC_STAGE.txt,213,212adab8c5f8a03e8441fa31f9d3aa136b6f078d3dc054505476a49cb372bd32
documentation/notebook_11/dft_inputs/Na_candidate_02/discharged/02_static_template/README_STATIC_STAGE.txt,213,212adab8c5f8a03e8441fa31f9d3aa136b6f078d3dc054505476a49cb372bd32
documentation/notebook_11/dft_inputs/Na_candidate_06/charged/02_static_template/README_STATIC_STAGE.txt,213,212adab8c5f8a03e8441fa31f9d3aa136b6f078d3dc054505476a49cb372bd32
documentation/notebook_11/dft_inputs/Na_candidate_06/discharged/02_static_template/README_STATIC_STAGE.txt,213,212adab8c5f8a03e8441fa31f9d3aa136b6f078d3dc054505476a49cb372bd32
documentation/notebook_11/dft_inputs/Na_candidate_10/charged/02_static_template/README_STATIC_STAGE.txt,213,212adab8c5f8a03e8441fa31f9d3aa136b6f078d3dc054505476a49cb372bd32
documentation/notebook_11/dft_inputs/Na_candidate_10/discharged/02_static_template/README_STATIC_STAGE.txt,213,212adab8c5f8a03e8441fa31f9d3aa136b6f078d3dc054505476a49cb372bd32
documentation/notebook_11/dft_inputs/Na_candidate_11/charged/02_static_template/README_STATIC_STAGE.txt,213,212adab8c5f8a03e8441fa31f9d3aa136b6f078d3dc054505476a49cb372bd32
documentation/notebook_11/dft_inputs/Na_candidate_11/discharged/02_static_template/README_STATIC_STAGE.txt,213,212adab8c5f8a03e8441fa31f9d3aa136b6f078d3dc054505476a49cb372bd32
documentation/notebook_11/dft_inputs/Na_candidate_15/charged/02_static_template/README_STATIC_STAGE.txt,213,212adab8c5f8a03e8441fa31f9d3aa136b6f078d3dc054505476a49cb372bd32
documentation/notebook_11/dft_inputs/Na_candidate_15/discharged/02_static_template/README_STATIC_STAGE.txt,213,212adab8c5f8a03e8441fa31f9d3aa136b6f078d3dc054505476a49cb372bd32
documentation/notebook_11/dft_inputs/Na_candidate_16/charged/02_static_template/README_STATIC_STAGE.txt,213,212adab8c5f8a03e8441fa31f9d3aa136b6f078d3dc054505476a49cb372bd32
documentation/notebook_11/dft_inputs/Na_candidate_16/discharged/02_static_template/README_STATIC_STAGE.txt,213,212adab8c5f8a03e8441fa31f9d3aa136b6f078d3dc054505476a49cb372bd32
documentation/run_order.md,1159,66e2ae23d1a59a330514f2081d8690f5054340774fc7e0c5b08461a8344eff2f
environment.yml,294,7b68c50c3ab8a9c12aaeb04d20dee3f5fc9555ad03da2216c011b9cce51ccf4a
figures/figure_generation_receipt.json,270,5611e49bce33438d7eddb641e16cf4c3181363edb503451892ee2cc83adc2f96
figures/figure_manifest.csv,6149,35fd670cf3ceca9894e29e207fdde5e2099e5e52e7998c0b763aaf57551f2ecd
figures/main/Figure_1_workflow.pdf,35349,334656ccf5284930f3f8740697d0bf35548419882d910851ad7a46dede697a36
figures/main/Figure_1_workflow.png,733545,14cfa3264dbdd712026c1223847ae815f826b467761110c6dfc83fd4b0911761
figures/main/Figure_2_dataset_landscape.pdf,18151,307d17a217094b5c9eb0fe68fd9163f2783069fe32a5b3ce311d3dc84f237f50
figures/main/Figure_2_dataset_landscape.png,340443,4f0cd012ed6b58ed48853fd9da85f6e31a199cc3307b284e03b18c26313f5dcc
figures/main/Figure_3_leakage_validation.pdf,61463,24470de586ce6592fb7f0b07931ee340355afad165bc4af9e925125367888fc7
figures/main/Figure_3_leakage_validation.png,512559,0107a32d268593ba3798c72129a2e898d3fc305dde9d1f388c715bb2acdac5cd
figures/main/Figure_4_physics_constraints.pdf,17753,dd9d8c7edb0949dd56d547caf672f0b620617d53c3265fdab261615e55869798
figures/main/Figure_4_physics_constraints.png,416736,b3fea9b56e44afeec34cad4d18ac802602a8355b861bd60c3b966eb27967aedf
figures/main/Figure_5_applicability_domain.pdf,58754,9e71d4c2b6a5e9f11809bf012215e86b250de925ed2da447b9ca5b8d6d68d96f
figures/main/Figure_5_applicability_domain.png,468843,3ad33662bfd514191031fa11464498c33e73704e762a2c09500bb9f2cf79af02
figures/main/Figure_6_sodium_dft.pdf,56557,289bfd443e4800f8d47f93f74f56a51b8f11be3d7a9212eebb57b349cdbe5883
figures/main/Figure_6_sodium_dft.png,1232618,daaf13ef421677629a4f45515aa289b33ff5ae83054e1cc82a39358bdaf64854
figures/source_data/Figure_2_dataset_landscape_source.csv,627,c14873697429b4e06f21ce03b4d9cee34296b0a6844f87643b9f53ead59e503c
figures/source_data/Figure_3_leakage_validation_source.csv,2346,aaeae2d7f98ac19cae5a3bf193e4dc4367e7da591f30386d0d146ab265422f16
figures/source_data/Figure_4_physics_constraints_source.csv,902,b76eb2691433059b3475cf41dc945bacb00d1108b297b9632dfe15b42ec62011
figures/source_data/Figure_5_applicability_domain_source.csv,2816,6a89b49255d9e06bf066eb2205af7235d705498942aca5247b67c54e955613da
figures/source_data/Figure_6_dft_voltage_source.csv,354,f8abdee99548d8eeaddb94fe4996dcc57ebeaf62b18b5788d4cf540d13ea4d61
figures/source_data/Figure_6_sodium_candidates_source.csv,30352,b88ca64ca49ce5dfbb2db50581afe73c9f9d48cca3d538ddcaa07d2670888832
figures/source_data/Figure_S10_voltage_convergence_source.csv,354,f8abdee99548d8eeaddb94fe4996dcc57ebeaf62b18b5788d4cf540d13ea4d61
figures/source_data/Figure_S1_protocol_feature_counts_source.csv,2673,38cbcd4cd0bb6da4b26f5313e219bf6ecf3aea05a86dbf22e49d4c1622831603
figures/source_data/Figure_S2_compiler_validation_source.csv,764,e667ea8d71a4bb6365eb38fd82fcd66b4bda885711111edf9af47b7466aafc5f
figures/source_data/Figure_S3_clean_domain_shift_source.csv,2532,b46271ffff89c617ca009ba46b0ca3fa01e245a431d066f64deceea1e4f5c472
figures/source_data/Figure_S4_predictive_tradeoff_source.csv,3317,6acf6abed0b52e73e6576c409dd5521990ad420b0605662e382c2e029e1fd3de
figures/source_data/Figure_S5_conformal_coverage_source.csv,2004,0163015502351b97ad5a8655636b96031c9f06b3881960d1312e0a1732f60498
figures/source_data/Figure_S6_out_of_domain_fraction_source.csv,2285,6b5398a50e8048a15ec962fb334def9da30c259d1b9e30ecf92f3098570a96b0
figures/source_data/Figure_S7_sodium_screening_funnel_source.csv,413,aeb54c2b1490cefed737a4a5f950cfb82ba4347a91a2364a5614d2f3fd9ccd20
figures/source_data/Figure_S8_rank_robustness_source.csv,1207,87bf03a88902bf8eee47932be79eff2b05a5598f12388fca3b6422a72faaf211
figures/source_data/Figure_S9_kpoint_convergence_source.csv,947,f6e542ae71dfc81ce80d5338b1e4b27e41f7bc3ca09e7fa8d90759ba9795932a
figures/source_data/source_file_hashes.csv,2045,6d1cdcea14cacefae3833eae9b343ed720b83a0f7732983643204e4ee47b4c61
figures/supplementary/Figure_S10_voltage_convergence.pdf,15742,da44d1b8b115ce0a99daf1061b7206b794f35eb9b60c5610b8a4c1ebf92a909d
figures/supplementary/Figure_S10_voltage_convergence.png,288541,070c5f6baae54cd580fa68a00129694d8d3be227b28c6ab9edd73d324f699fbb
figures/supplementary/Figure_S1_protocol_feature_counts.pdf,29539,5dd2b20106f3864c5bf2423d4d7ae5e36e10a592601ccb61050d76df36937b56
figures/supplementary/Figure_S1_protocol_feature_counts.png,745968,80661db817b9a12e6d06e4a761942f9365a16963d2fd021e3a4892600e500db6
figures/supplementary/Figure_S2_compiler_validation.pdf,19974,527b882526118e2cbd85749c29e5f90b75acf40652cce5b10cc1c9b499c8c468
figures/supplementary/Figure_S2_compiler_validation.png,399839,8ff6e22402a906706be50021953bb68e40f7fd3c35f65047c515fb791c2b3720
figures/supplementary/Figure_S3_clean_domain_shift.pdf,56298,c88def9685a912a550de2ab106cbbbe1a98fa21f8bd998a885b5d11db7d3faa0
figures/supplementary/Figure_S3_clean_domain_shift.png,443705,6eb26c82c79ba0b1aa6a86f28891fedad1a742fca1355723eb98c3e078a2ddde
figures/supplementary/Figure_S4_predictive_tradeoff.pdf,58858,9b54e65efbe185623c686ad2e4a78d9022b9d6c62b21bcb11585fb70ca538f5c
figures/supplementary/Figure_S4_predictive_tradeoff.png,629267,5b30a7d19c412728b976d4403cc61b6031782d65a56efb7a8a7f1fc856bc8a3e
figures/supplementary/Figure_S5_conformal_coverage.pdf,56135,e3922a22e4a9e1159503d0dc7011228ee4e1cd8b2c47e452673fa5b2fa641a5b
figures/supplementary/Figure_S5_conformal_coverage.png,543639,86e4d16acfd7992eed69a0b0071ec2a8b6e9b626b5e902df2db6d302d54aeb7a
figures/supplementary/Figure_S6_out_of_domain_fraction.pdf,27730,adf29f122c01617472f7f0562c4794cce160912ba8b5fe1d97a7bbfb12e81d9c
figures/supplementary/Figure_S6_out_of_domain_fraction.png,457700,6b5296744bf8cd213985435440148b7abbead52cd095c79821d4b8bf8af65de2
figures/supplementary/Figure_S7_sodium_screening_funnel.pdf,18224,9ccd6b904c6d2d0484b5419e288cbf846d645e7434caf02da58e6c6ae6f6bdd6
figures/supplementary/Figure_S7_sodium_screening_funnel.png,372149,f988b63747f47774d94b42d79d5b88494dcd9e2f5e98bc7a64a7e334a3ad0af4
figures/supplementary/Figure_S8_rank_robustness.pdf,16224,b8616e7fc2890e9aecd87623a7c9c2bdb8d75c4142cb169b2501d04a5861b7da
figures/supplementary/Figure_S8_rank_robustness.png,262353,75a0a33e5ed73bcef30c04ff7bf57352daa1e36cd2fa1bcf81bbe2d50721b259
figures/supplementary/Figure_S9_kpoint_convergence.pdf,18187,e06f2dd16dea31642cbb2e195dad0bb969634af4e1f77ffab4bf181db8cf8d7d
figures/supplementary/Figure_S9_kpoint_convergence.png,250238,697eb01ad26afb14af053e6d0bef58988f690af44d5f375c7a8c4c7c02c0edeb
notebooks/01_multion_data_extraction.ipynb,115984,643b4ce5f1d18041376b3b34c59e52d36dd1479a8ca1c57c03463855a6530ef0
notebooks/02_leakage_taxonomy_and_descriptor_protocols.ipynb,73863,92f876dfba1a6ebd52f0dfb4ea51dad2097ae9a3d7ae9a20fbdb8b186faa6c30
notebooks/03_dependency_graph_and_leakage_compiler.ipynb,56866,7c0aacc4b1d15f691e3c733fa11c80b5bade393fc6faea4adf2c5bb97fac5223
notebooks/04_validation_benchmark.ipynb,54406,5f7f4a5067cb392b924693ccf00c10271b28604ad801cec5776ef06b0adabe92
notebooks/05_physics_constrained_multitask_learning.ipynb,61678,7820e2e1e9aa38d2c70a0f25090d74bc6a4478e160f0f140878b23d09a578680
notebooks/06_leakage_domain_shift_interaction.ipynb,31385,044a02ebd7d212f787bf0af0be34d4f06d4a1761a364025ca2836fb422283c9b
notebooks/07_uncertainty_and_applicability_domain.ipynb,64825,61789baabcce72ab76028d9328e417699921e1b2a9fca0572c21b2ba93fca911
notebooks/08_sodium_candidate_triage.ipynb,68090,3027f5480561248ed0a97cb7a47a7ba061ddaff241b9b29e27cba447999b829c
notebooks/09_literature_analogue_validation.ipynb,69890,504d8502371c68fbf1ea6fc7382646d246a75f2dcea8343ce72250a86c6d9d23
notebooks/10_dft_candidate_selection.ipynb,82164,acfe2d73bc940d53269e65646dc17a28101dacd5cc0eaf2611b69b70f5bc0fde
notebooks/11_exact_state_dft_preparation.ipynb,61106,9a8fa38bed15b3799d51635ab70e3b83ded02ccf6c5537aa9b8732acacdb915c
notebooks/12_pilot_dft_packaging.ipynb,37655,1fbd46aad2148f1c1959e57524de211d80ef4450161ef81e7af43207070cc0e3
notebooks/13_quantum_espresso_pilot_preparation.ipynb,70865,d1ad9e4eeb29a08a87a12c2201afc8aa1a4f53ac8eec9263b0c0d858c00b3e0b
notebooks/14_manuscript_figure_generation.ipynb,3041,a5b3129fce96705665c3e77c6e069af508fd8dbb25b583d39b365929c23ec302
notebooks/Untitled.ipynb,105979,00c6e9096d8550bab3002b0a5d936cb0a07346d4f586492ccc97d5ed6ba9700c
papers/README.md,538,549a201a70480b0cb59e3d03f20febd9ab3b55dbd13e315b5602068ff1b55431
papers/cmt/PORTABILITY.md,628,de6a4b2e2a045740ac4d786039f5dfb74afa7340b742e5976182e49789ef8208
papers/cmt/README.md,3459,58d11f0e3c2aa6b03881acb1968b3f32ddee653090709f56baf5f9ddfccb6a0e
papers/cmt/STAGE_F_README.txt,382,e17b664ff301a32c193572f8af2a76b7e0c1ff6079f0b44dc9d54e0a53c42488
papers/cmt/analysis/run_stage_ab.py,35559,20cdffb0da8f7c76dc8dfd73c839ad16c297ce8a85128ef9ae6a8d658071fe8c
papers/cmt/analysis/run_stage_c.py,26362,31f850db814070ee8a6c6d442375dad75835519be0b6b3f6eb8c5453cb91a823
papers/cmt/analysis/run_stage_d.py,33448,65b7b9b648b8e735f9012f6a12eb98e3964b46a0b83f99690d7f966e7d70e078
papers/cmt/analysis/run_stage_e.py,19885,757dda44456517b1c7d57842f3716035277cf56c2dff842c18a129b358f95f9e
papers/cmt/analysis/run_stage_f.py,24577,9d23fdf425eeb3c589ee459075951bf59c1d320a494fbeecd696fa06103adf73
papers/cmt/config/cmt_stage_ab_v1.yaml,3972,2074869bf3a12f6994202fb3cd85fc43e031ba76589cb8666c215fda4718b44a
papers/cmt/config/cmt_stage_c_v1.yaml,2449,15eb04ea4c7e94f89d1c6b893c81d1fb760931b36af7f7f44831d8da5ae8c4f9
papers/cmt/config/cmt_stage_d_v1.yaml,3034,8d4632df7b7526d0f04844b55c83e766288c07b51a34d140746249a04f267a29
papers/cmt/config/cmt_stage_e_v1.yaml,2356,cbfafab13eecd6c55b30b387af6641df1f6f5ecdeda37bfc58679ac4a53001c1
papers/cmt/config/cmt_stage_f_v1.json,696,39ff4f4bbf199a82a40a522a2ce89d2d6b39138888614192aa6c9328bed5ec66
papers/cmt/publication/ARTWORK_STATUS.md,843,c5cfe4b8dfff968475d82c79ababe3b6e14be60e4a3daeafdd8d3d3b38be5a82
papers/cmt/publication/README.md,2203,49442ee6b182fa84b2182a35417d9febc1b7971ea59b4a47643acb2d20b511b8
papers/cmt/publication/REFERENCE_RENDER_ENVIRONMENT.txt,304,7fce7f65342f51b4b15279e5d0026de8dcdd5b613bfc520e651d198698b4c3f0
papers/cmt/publication/make_cmt_publication_outputs.py,629,371a898c0894fbcd599b04a1f2dc3c52e814b532c908f16774ed6186863e3e5a
papers/cmt/publication/outputs/Fig1_information_provenance_and_eligibility.pdf,28490,82a0a1f2b916e3d03d938dd1a4211b5ad6880c2d7c5ceb4191d8ed5b1f232a36
papers/cmt/publication/outputs/Fig1_information_provenance_and_eligibility.svg,32916,6de8910ecbc632cd08a7b02cbb15f2742dc466b2c0cb2ec1c9d64f203f8a8e98
papers/cmt/publication/outputs/Fig1_information_provenance_and_eligibility.tif,1891502,f81cdc384f8cbec6a05f96dcd25ea1ce2575a91fb9b7b8fdaa1b28e08d3b1dda
papers/cmt/publication/outputs/Fig1_information_provenance_and_eligibility_preview.png,295173,bff79050f2053ed03599d89d7b5bc267ad53de1a26cea2d4da54221ae508d222
papers/cmt/publication/outputs/Fig2_plot_data.csv,1302,e78e8379144bdd7aaf21c30c98b000fbc62325025eb4efa63ae1328dd9d8395b
papers/cmt/publication/outputs/Fig2_stage_dependent_learnability.pdf,24293,03dcb83c5c5923e9705510d9e6ba6f9f026578addbc4a2bca410f58fd2ac7b61
papers/cmt/publication/outputs/Fig2_stage_dependent_learnability.svg,43924,f2624e4a74c693cbf628a2e09f85867267ef82b2a8afdfe4e0e893606fdc17da
papers/cmt/publication/outputs/Fig2_stage_dependent_learnability.tif,2148920,914dba1b89ed0b3faf873e5918e7d0c76a96375165f9174451608fd33c137389
papers/cmt/publication/outputs/Fig2_stage_dependent_learnability_preview.png,210235,c84830e1fb6cb39099c2f1dccf5072d998cdd159a6af3b2995eb095e58097dad
papers/cmt/publication/outputs/Fig3_incremental_information_value.pdf,26003,bb6019f9449cece45d9532fd91288f73f9e0797f5cb34d661db3c25dacbd11e4
papers/cmt/publication/outputs/Fig3_incremental_information_value.svg,52126,83b2d6fa49eb2d35afb5026c0dea491c3182146dadfe091668e36532f8a3ed85
papers/cmt/publication/outputs/Fig3_incremental_information_value.tif,843320,d53763a28f7aea033cdef0e932e085f5f8435c9cb3a00bc9a12b4a1745c7bda0
papers/cmt/publication/outputs/Fig3_incremental_information_value_preview.png,139762,324b0818884388f9cb811bbaef791cc07529084bb554efc005e42f47483f5567
papers/cmt/publication/outputs/Fig4_chemical_domain_robustness.pdf,26223,3f4fba11e3df4a95936ec0ceb5f37945c3293e989904b8cf88aed774a79c0a95
papers/cmt/publication/outputs/Fig4_chemical_domain_robustness.svg,65319,17e4946468c8bb6bae203684da5d64389ebbcd9f13cb2e16ed025813b263bb0d
papers/cmt/publication/outputs/Fig4_chemical_domain_robustness.tif,2437958,6d5ea5544baf45c4c29ae3858d73b17b8ce9e4d29de8b837ec9034cf2c56c5eb
papers/cmt/publication/outputs/Fig4_chemical_domain_robustness_preview.png,265688,9f93b8941ae8c84de2a45c57579f78c31714a294d84814afea4a50385cdc6e55
papers/cmt/publication/outputs/TEXT_OVERLAP_FIREWALL.md,1100,26dc60f28c9cadc283c6250bda10f1458c7174b737ba74f4bdd5e72e9a64d694
papers/cmt/publication/outputs/Table1_target_level_summary.csv,672,2e35b7a89c94c1d8f0115c07c8500fcad9b21cd2a774759b5488ca8db4808a1b
papers/cmt/publication/outputs/TableS1_stage_c_full_skill_bootstrap.csv,6567,29720ff3bf51ea51a27b80aeca9ac7edfa8d26a2e81bc55dbe41d57121bdcdae
papers/cmt/publication/outputs/TableS2_threshold_sensitivity.csv,697,88c07329dee3d3d3b9e37299ea2549b6b77235ec152dc0a1fe56809e6239da03
papers/cmt/publication/outputs/TableS3_domain_robustness_summary.csv,21230,0542be0db2989b748451d4157b46cd3f44cf29e2d6492cc7687ff9e3f616ddb8
papers/cmt/publication/outputs/TableS4_estimator_sensitivity.csv,1081,130a8174a039df0a08f983ec20e7f1f088c21ec9acb96f5a7e07e9d002e518e5
papers/cmt/publication/outputs/caption_exact_overlap_audit.csv,42,78b1d5f359afef080d199907c5047e105f92ae41f3e311f41a12ed0bde51fe61
papers/cmt/publication/outputs/figure_captions_overlap_controlled.md,2354,179b338c87f89304e99c247daeae013ba641d2f5919730a78ee540b62449b98d
papers/cmt/publication/outputs/publication_outputs_sha256.csv,2761,342cf31db79a431c1029dda67590e1779666de44f51a17a5d8544383853d782c
papers/cmt/publication/reference_rendering/make_cmt_publication_outputs_matplotlib_reference.py,18258,aef78d1695898c45367f0306e4ecedb7377b43818a7ea291efd49732bcc290da
papers/cmt/publication/verify_cmt_publication_outputs.py,3597,9f8e45b3f5e731719efa6e2a40fbae1054fde421df1505f645d0aa7bd4fe35e7
papers/cmt/results/stage_ab/stage_a_audit.csv,11568,0874a2459c0fc29645a04322e2efc6787ffda3b5045a84e84ccc7ea0fefb6d6a
papers/cmt/results/stage_ab/stage_a_feature_manifest.csv,5189,50d805444f8d3fdc07bba2d1035d575236239ca97c10733fcb8730fdaf7a1b1a
papers/cmt/results/stage_ab/stage_a_gate.json,422,22e64d9127027c4bd7feaf01c1b32a4ab5c16319bac8e87bc06a6b386148f850
papers/cmt/results/stage_ab/stage_a_input_sha256.csv,7675,651e00516e990240b669f83b2ec17272fc47ab8bc22cb54967494471689b472b
papers/cmt/results/stage_ab/stage_a_primary_split_manifest.csv,257877,77337a772e6438afb926a7cd2d9923af953979fc71070c32c25c7d183ebe9113
papers/cmt/results/stage_ab/stage_ab_output_sha256.csv,2067,ecfb8d113cf4d24a31193d28afd2bb56fee9b5866f56f6f0117aa736f0b54b02
papers/cmt/results/stage_ab/stage_b_earliest_stage_point_estimate.csv,561,fb808a673d76de46ad8882865d18cadfef7941ccc26d18be3e5291a6e2e85ffe
papers/cmt/results/stage_ab/stage_b_environment.json,415,0338f3cf893e58b254a38dcfd71c83af3b3eea65273c5a534fed5741ead35b41
papers/cmt/results/stage_ab/stage_b_execution_audit.csv,260,c1b225294a45051390f59ecb89f2a77c7e8c5c2f5053eecc1f7f978c6e3630d7
papers/cmt/results/stage_ab/stage_b_fold_metrics.csv,36630,4e9eadccc8c24c8e4e00d87bd7abdfee3ddf35ef7af910b20e96ef9880a0a0b4
papers/cmt/results/stage_ab/stage_b_gate.json,527,290015789306b51141fe0e79a1246e5fa27db387a37a4a2474792c97a51c81fd
papers/cmt/results/stage_ab/stage_b_historical_compatibility.csv,1993,70138adb413cb0ea51aca8cfee7ccd3233de49177339402ae485dfd1fe9ab2dc
papers/cmt/results/stage_ab/stage_b_incremental_information_value.csv,2889,f7faf13da4c8564e10446c02fa8734ea0ca11845816f376706d4d8571c247aa4
papers/cmt/results/stage_ab/stage_b_oof_predictions.csv,23641491,0e45d877f0b0345f20716810a84fedb8514be364fee4b69e6fa0c12edd48f1c5
papers/cmt/results/stage_ab/stage_b_primary_summary.csv,9325,5f25cb431137d9e46d19c20d0086d796b608dc210ccb626042ceb4c6937eace4
papers/cmt/results/stage_ab/stage_b_progress.json,1225,5101f3c8828b6e64e500543bb5558ebc534a1281c79dc73e3cdcff721fbe7e5e
papers/cmt/results/stage_c/stage_c_bootstrap_metadata.json,1135,078733819f5b97dd3779d9b5a6b70b0f3e60273c609bb9e1eccf0b91daa211d6
papers/cmt/results/stage_c/stage_c_earliest_useful_stage.csv,950,dbb22de3f4a086f7722307f2862e577f10e9e3e8f6d4e6901585ba2262001ee8
papers/cmt/results/stage_c/stage_c_environment.json,273,f281cfec19d992cf2d74689838d882d239eca6dbc1836c378953f12e1742a906
papers/cmt/results/stage_c/stage_c_gate.json,517,ed3144ff8e26608cded3c4f495cb36a0ec5a466777820a2670f833042c6f30bf
papers/cmt/results/stage_c/stage_c_incremental_information_value_bootstrap.csv,8575,fe49b01d21b8a475d2e3a09ccbd3c70acb50c920d6d4614b5ff9a5a1890c8048
papers/cmt/results/stage_c/stage_c_incremental_information_value_replicates.csv.gz,5299128,f76fc712a797f45f216fd8e4bb7369fabbd61c495bdf28f94b6d461a9f4a7c23
papers/cmt/results/stage_c/stage_c_input_audit.csv,1814,ba4129a3fac05a05d0bc3775413a5898686f7015f5cdc51bb032296a20008e7d
papers/cmt/results/stage_c/stage_c_input_sha256.csv,882,dc1f8875484d237f9912ec597b0d5885f57897747484a80e02e5478b9d00a9dc
papers/cmt/results/stage_c/stage_c_output_sha256.csv,1490,909ed4ad3e27f1afd6f6c41eac9f23e80ae29cc0c49db4d5aa87d97aea271e96
papers/cmt/results/stage_c/stage_c_skill_bootstrap_replicates.csv.gz,2780685,4ecbbfd8000369a4643d6f4ebb7c21c8d3d09644d7fc22b9eeb99182b5f53683
papers/cmt/results/stage_c/stage_c_skill_bootstrap_summary.csv,6745,f44acd95fc301c28ad25cbc8321357909e39017aea3282a10228f5d21b103407
papers/cmt/results/stage_c/stage_c_threshold_sensitivity.csv,725,1b926b4c68d375f3b1ddc9dd016ebf2b54b135e6e145c6d314651e4e9fe046da
papers/cmt/results/stage_d/stage_d_domain_summary.csv,21609,34024033687da749befd37063c21bebc2f7d8f19ac348951f514b5f40868db57
papers/cmt/results/stage_d/stage_d_environment.json,367,92f6af225072599d0a8833d2f640df06a941b5d566117a589aa770686a5b62f6
papers/cmt/results/stage_d/stage_d_execution_audit.csv,425,373ee0658432dbe417527174d6cb6c98c524b493d34027d5be739de22539ec44
papers/cmt/results/stage_d/stage_d_fold_metrics.csv,756891,b19ff859648edec71e6414063d3ae9122c1743ba20b7c038ac79318f6aa9aed5
papers/cmt/results/stage_d/stage_d_gate.json,628,908893a0c87fc9cf6b835c64348c98b05ecbdc7e89d858521dfb9dd405858af4
papers/cmt/results/stage_d/stage_d_historical_framework_compatibility.csv,2126,ed3d581099a54b174fc0d72ce95d8f618f0b7ee7e607167171d8d89ad764bef7
papers/cmt/results/stage_d/stage_d_output_sha256.csv,1443,2ba2310668d260427c681e8bdf1622a56144268de3d3467936f589178359e267
papers/cmt/results/stage_d/stage_d_preflight_audit.csv,3685,c93620e1f33e0c225dc2441d988cea4443ea610a7d2eabc05ac53ca7b66c9f9d
papers/cmt/results/stage_d/stage_d_preflight_gate.json,532,eefa99ee7da084c4d3fda898a97686c0fcea8d40d27c6741f21cfe34aa88e338
papers/cmt/results/stage_d/stage_d_primary_stage_robustness.csv,7710,d18653cfdbad70838d3cf6d5851fd0d5a628b7af220594f5988de8a3c2eedd95
papers/cmt/results/stage_d/stage_d_stage_transition_summary.csv,16475,02143098bbdbbd3215325142a1146f6ad391a8fd32f0b2c265f37c9e5ac0eaba
papers/cmt/results/stage_d/stage_d_working_ion_detail.csv,24583,d7dfdff1dbb415d59b58303f3f796a658bbddd7e92d39fb995ba62ccd51586c3
papers/cmt/results/stage_e/stage_e_environment.json,273,ac9b72a525939bd96bddad99c5843438c7a5e255a433e574b4b6db499252207e
papers/cmt/results/stage_e/stage_e_estimator_earliest_stage_comparison.csv,1091,d3a335198b29a22cefa4792310ad7df2da9a75dcaacf7e090d9bbba0a7c2f93b
papers/cmt/results/stage_e/stage_e_execution_audit.csv,185,c2826483df962646012542fb9001a41feae8f3ff416d2e17346c65ca7c06f6e0
papers/cmt/results/stage_e/stage_e_gate.json,652,b9c1e2859984a3788e6459b523b7d2d81aff1ca099ac07485ceea1d4d58a9470
papers/cmt/results/stage_e/stage_e_output_sha256.csv,1352,e14c95da2726abd7b86c6410e0b5e61227c5c7212c99a2e68f59da8b53236a43
papers/cmt/results/stage_e/stage_e_preflight_audit.csv,11072,91ded74396311e9db503d59670d8a1983470df3f87ddd7877f2b219fe4ac8c03
papers/cmt/results/stage_e/stage_e_ridge_fold_metrics.csv,28805,cd2c24e0451abb27cc6944bebe432d7e242e41f2218bd71cddd198e1b3b2813d
papers/cmt/results/stage_e/stage_e_ridge_incremental_information_value.csv,5246,f6cddb2877ed8e4b94dfc020ef8c39cdd6a687a52cac98403b0ae7be8ef7751b
papers/cmt/results/stage_e/stage_e_ridge_oof_predictions.csv,15319547,7b85554e1bd9199a1cc226d98a6a8d1edbf57246c155104c4aa9e25cca57dec8
papers/cmt/results/stage_e/stage_e_ridge_primary_summary.csv,3905,ccef1e692cce1d1fcc29d941c2f975fc8889fef5df14200674fad2b91c88a411
papers/cmt/results/stage_e/stage_e_ridge_skill_bootstrap_summary.csv,4576,61b7d7797ab374a8263ebed931726e0273e32871a81cbaad7cbd0c08d157b5cb
papers/cmt/results/stage_f/CMT_ANALYSIS_FREEZE_SUMMARY.md,1953,d70cac3c16d370307b688c280e996ef44f0514105741b38195e25cfaa15a3044
papers/cmt/results/stage_f/stage_f_claims_register.csv,4067,97046a3ca92c2cd0c7fee4c487e090d239fff0fe55499e7d969ea2be79451348
papers/cmt/results/stage_f/stage_f_figure_table_plan.csv,1434,233752e1ab7263aadcb8de9bb05ffec47f54ad6d1f35954c048f6b65e6bcdb11
papers/cmt/results/stage_f/stage_f_gate.json,515,fe38dd22855c9e02c952a8c5fbd6fa94a9e999d556f5308244fb8b27f88cbfbe
papers/cmt/results/stage_f/stage_f_input_manifest_sha256.csv,1789,274b70e7265da9503f04fa9080cc16f4f3b606b935dbbfc5ca8c7be47f99fe52
papers/cmt/results/stage_f/stage_f_master_result_matrix.csv,16392,911ac6a14b3946a9c7d27625818fdcf730d4d68429c5835ca3778f0f3a0fb2d5
papers/cmt/results/stage_f/stage_f_output_sha256.csv,669,8c05caac4d4a096f574323f5214b3f5d963d69346f88ae622fe31f4b49d61a85
papers/digital_discovery/README.md,745,52baff5eb340bae1ceb600ea23adecc9664d451d31de3dd845f5b08618942261
provenance/notebook_01/01_extraction_attempts_K.json,492,dc90f47ae9b328199a3ef53aae4af3726321a771929c11f2960c80a1c50394c3
provenance/notebook_01/01_extraction_attempts_Li.json,498,3ea8e552317c6248a60280f4413bd7d144411beb404a5f3609966c49e9080fc2
provenance/notebook_01/01_extraction_attempts_Na.json,494,821bbe31661fa4122e45c591d153cb3c0b836719c747a5ad4eed31a5b7317263
provenance/notebook_01/01_extraction_run_manifest.json,360,8ad7fb5a9576c926705ce8206bbd3edb630b8434b062850460618f455041e05f
provenance/notebook_01/01_field_discovery_metadata.json,8451,a620660693407a67b2d358dfc58207ac23407acd80506a820e9d7cbe587ba2dd
provenance/notebook_01/01_final_decision.json,397,21ad1e55fd0d581471beda282d88410b552b88c2b9818a0d2b01b61cb4bb7c83
provenance/notebook_01/01_linked_structure_query_log.json,15176,ef68111fad0f242a14f00b9a51e0ee6ae9d7e742650fac63d15aa09f6d74f03f
provenance/notebook_01/01_linked_summary_query_log.json,3103,582c554dc935aa84f8a800c53f2a19a63959cda7f2f3a53fd94a0c56e4b31688
provenance/notebook_01/01_mp_connection_metadata.json,420,87d830a4e07efb25e5d4cc9558b53d61ece3dd20d424f12196892374b3ea07f1
provenance/notebook_01/01_output_file_manifest.csv,2873,b7102f242567f13304ef1e87afdafcea298f0381ea4eab7a360e6512f014c814
provenance/notebook_01/01_software_environment.json,466,042b3cd1c59e1fdf5977d1108ba66e4c10b9a96ba9de089f0af5eb131d90c387
provenance/notebook_02/02_final_decision.json,338,ed9c72835cd6cbb0bd4ca221d4bda3e257043971866f1178f688503a842ceb09
provenance/notebook_02/02_no_ml_assertion.json,494,20b3779a5a92c50c18bcf3fa5fdbaa62cecebae7e663230820a12fd4ab9491ec
provenance/notebook_02/02_output_file_manifest.csv,11472,a9066c81d756562255618307db206bb7dac0a46c693fa404b01dfca55e45482c
provenance/notebook_02/02_protocol_definitions.json,4442,47c7b6f883937bb1badc99b1393b30ec4b185d582b5ac85d7409e8865aa7b230
provenance/notebook_02/02_protocol_ready_manifest.json,2017,8f3cc5f359e9853781e6ba97a999745e44c958e35eb88e25ad510cb5298d002e
provenance/notebook_02/02_software_environment.json,563,35ce44b874be1d41c6eaa7cd8f54ed26bcde56ccf470a0687d8c623cc1694dc0
provenance/notebook_03/03_compiler_ready_manifest.json,1146,4367a8665d49d097acf5aeb676713a01d67aec9917b8792b678307f70b25bef1
provenance/notebook_03/03_final_decision.json,476,322b3b6b507ad7b7287767daa72928ba1f97b7b0dc0cdbd92788460d81c41fbb
provenance/notebook_03/03_input_file_hashes.csv,1464,60f82cadcb4b65ca39be5d360ec683eda285b6f9731d61ed7f9745897e10ebc7
provenance/notebook_03/03_no_ml_assertion.json,189,5aa197b6e93311a3be5e9ddb7d2c5207ddc8bf13a217a25eb147c05a639dc1d3
provenance/notebook_03/03_output_file_manifest.csv,3260,8a8b033a58d1deae1fe5f2556fc039c69d236dea2e4da17437318f6c9cae89c9
provenance/notebook_03/03_software_environment.json,437,8e8e607df9a6ff875ee0a06e826affecd8efac25e850212480e997a831f1606b
provenance/notebook_04/04_benchmark_config.json,971,47dd4b6cae1ce706425892e7e573a9a475ed8174279558b6e0916017394ee8dc
provenance/notebook_04/04_final_decision.json,784,51ebce15d30e42026ac924beb2567c7de67038f30e8fd1fea2c61a18049bed3c
provenance/notebook_04/04_output_file_manifest.csv,1202,1324a08ba2304d969c0bf23f82c3f5c17277f8fd4dffd567dfe9b45b824a903d
provenance/notebook_05/05_final_decision.json,750,116933956896f829cf8a043c3340bb316a0312663b10a07c9e093b29da0ead9a
provenance/notebook_05/05_input_file_hashes.csv,1625,dbdfb018d9655278e6055849d85da84530d4fa72c5f397610009f10a942feaac
provenance/notebook_05/05_output_file_manifest.csv,2988,f8b8513aef0ca564b5c9cf07c72c80540dcadfe3e8d63f43f2f8785dde38cb28
provenance/notebook_05/05_software_environment.json,254,c9610fee9f2bbb2382702c5793b7583cbbd1aa1c0672b07533a80da50868f2a4
provenance/notebook_06/06_final_decision.json,516,a5172e18ff3234f9b25e0599a0e1be470597ff48c658bbdca67611d5924cdd3c
provenance/notebook_06/06_input_file_hashes.csv,1428,d181ab88f4d364b4fa7c8a9fbdaa18eccb21870b917cc8920f8f41f7e6955033
provenance/notebook_06/06_output_file_manifest.csv,1575,d521fcc334aeafac52c474778e538614b4694b689f5ecc9e2155f683295cbbec
provenance/notebook_06/06_software_environment.json,253,acc2eb2f215b21824040101081b0e2e9146460e311d2064bb1637c0a80b695e5
provenance/notebook_07/07_final_decision.json,344,bf2e8b2f8939d32fec871a26406385a570cd138ee5604a74ab80906409f6dcd0
provenance/notebook_07/07_output_file_manifest.csv,1521,acb45e450aba7e1d2256ba72aff8b2b2c9893543ae07214f238c879d17fa09c8
provenance/notebook_07/07_software_environment.json,397,00ceda3ec254913245f62a37f23fe9d90ed5c7a330e0af9dd04be7bad4e896b0
provenance/notebook_07/07_uncertainty_config.json,890,235483d73c69d84e8bb49ed750a0ae8b72ba7eba8a53f48e1acf146beb3b4204
provenance/notebook_08/08_config.json,1571,f2b617fa2a3f81f635316ad85eb2aa0c1fcdf4a81545497ab63f7654fbef3a62
provenance/notebook_08/08_final_decision.json,489,1a7327c34beeea37f5e3bbac7275934f29472dc57c93ca6e96e49841d5e5d26f
provenance/notebook_08/08_output_file_manifest.csv,1959,ec0b261999382d8e6ae5dbe9d471782970ffbcbeb61debde6305d1f2825d74f6
provenance/notebook_08/08_previous_notebook_decisions.json,2062,cd16f87752ebb86d740fec44aa973b2337df4df55e4c3e6de3b38145f2b77a52
provenance/notebook_08/08_selected_protocol_by_target.json,133,05e0891a3ff454bf49e1fe9c8a761667b5acdc520cbb7b21a9255a5767f39351
provenance/notebook_08/08_software_environment.json,325,1359aea289cbb252898fde52900e59352b45f13b1511e4375ad70596547be510
provenance/notebook_09/09_final_decision.json,640,7911ff234917f5a4f10de5080938a6d4a76e406a9d5a9281936a7bbc2688e590
provenance/notebook_09/09_output_manifest.csv,2371,c0209d358cde7fc1e3b26e8ef270f548f191a8802b0395e7a4bb3de5b58c626c
provenance/notebook_10/10_final_decision.json,1684,929e7652a6e61767f7d8dad6b8d334d3e23c8d009be2ea087510382957a5b90e
provenance/notebook_10/10_output_manifest.csv,13569,830ee1acfb14a748c964655cc94a4fc4bd2a72329c04ae548e6ca6ba63f36a77
provenance/notebook_11/11_final_decision.json,601,47c21bf6334bfcc270ff178fa51cab3d97fb0491c374ae01ed8c60330d4054a8
provenance/notebook_11/11_input_file_hashes.csv,1344,91c266f1abf034099e036c004022d02b720111b0310738d350951c22dd446da7
provenance/notebook_11/11_output_file_manifest.csv,22055,2d0689296d6ba82551f5559b1796c1623a8662688033c822bebca7a579c9773f
provenance/notebook_11/11_software_environment.json,284,d241ae6e7e57a0ce6d11e3dd31dc3f196f1cf8d8d4a3303cf39a2056b06ab841
provenance/notebook_12/12_final_decision.json,555,d7c4fba2d994d8ba6691c5e4192e7cb145662d1fed8bd391ee95c8b21601b1cc
provenance/notebook_12/12_output_file_manifest.csv,7130,ead0cd6bdba659ac0a5a96ad69983f166b7ae2868c005658c8001f82bb9e0d5c
provenance/notebook_12/12_software_environment.json,284,6e8c6e47b32d32ec39f4f2d98e40a1ee3aeeae42208418532b5d92d622abb14d
provenance/notebook_14/14_final_decision.json,589,75380f5b13f7acf4721dcebbdfad5652d3e078ff11505d648631e7bcd37afc1e
provenance/notebook_14/14_input_file_hashes.csv,2045,6d1cdcea14cacefae3833eae9b343ed720b83a0f7732983643204e4ee47b4c61
provenance/notebook_14/14_output_file_manifest.csv,7675,6f22bdbd2cfa1a08aa4b225f23d6543c1285675d426e889f35cda20d4bf608ac
provenance/notebook_14/14_software_environment.json,254,c33c045171f62274d2e6c863f30e46c7f102e91f549e4bfb1056cee876873ef1
provenance/supplementary/notebook_09/manual_inputs/09_manual_literature_annotations_BLANK.csv,212957,3edfd24634bb2e52ea6d400543e3813f5555bd86bcf40c0c2372f96b41e509d7
provenance/supplementary/notebook_09/manual_inputs/09_manual_literature_annotations_FILLED.csv,274087,65040c1d3d91252f680a52a01941f135288f7f76772b23029dac05a67460a227
provenance/supplementary/notebook_10/dft_inputs/Na_candidate_02_Na0-1CoO2_NaCoO2/candidate_metadata.json,998,34ef3ca41d8e035eef76d892e9d20585c44cb1343163da02b1c37f04b39753e2
provenance/supplementary/notebook_10/dft_inputs/Na_candidate_02_Na0-1CoO2_NaCoO2/charged_CoO2/state_metadata.json,771,f9e95413c267db2baa34bf02bfc9c7a4d2e61f057e9ad7a8835342eca61853a4
provenance/supplementary/notebook_10/dft_inputs/Na_candidate_02_Na0-1CoO2_NaCoO2/discharged_NaCoO2/state_metadata.json,781,78faabc302ca372d3accd54af806d63670a49c85ea10484c7c1c122738ec24d8
provenance/supplementary/notebook_10/dft_inputs/Na_candidate_06_Na1-3CoPCO7_Na3CoPCO7/candidate_metadata.json,1077,b27670dd4e2a3343e24dbe34cbf662aeb7fceab4dd27a4ab8ef09e013176c7e4
provenance/supplementary/notebook_10/dft_inputs/Na_candidate_06_Na1-3CoPCO7_Na3CoPCO7/charged_NaCoPCO7/state_metadata.json,792,1b7cdfe16bd00473e033e0ddc2bd4c861da86b90c15e8aab1530fd59640fba2d
provenance/supplementary/notebook_10/dft_inputs/Na_candidate_06_Na1-3CoPCO7_Na3CoPCO7/discharged_Na3CoPCO7/state_metadata.json,784,9ce3c4dc6b67251c463106f556c4cc1611d2a9a3f015c70e630e00b06409d428
provenance/supplementary/notebook_10/dft_inputs/Na_candidate_10_Na1-3FePCO7_Na3FePCO7/candidate_metadata.json,1079,ebfa766f9a6fdf702c8fadcbd238a021541a6cbd76d3720ef4fea3d0ff06bc4c
provenance/supplementary/notebook_10/dft_inputs/Na_candidate_10_Na1-3FePCO7_Na3FePCO7/charged_NaFePCO7/state_metadata.json,791,a277e2478c70909cdb23161c568b5118340e32ce4d01feed7e1a6c34ea736e39
provenance/supplementary/notebook_10/dft_inputs/Na_candidate_10_Na1-3FePCO7_Na3FePCO7/discharged_Na3FePCO7/state_metadata.json,783,5bc09f6854ee2f9b46427ce5bf34ac0673378379489bea9026e37389cc71b2ce
provenance/supplementary/notebook_10/dft_inputs/Na_candidate_11_Na1-3MnPCO7_Na3MnPCO7/candidate_metadata.json,1049,d6f42708c4f783321ec7efe359c2955e1cc72a6f1b309f0550fd01c731810d56
provenance/supplementary/notebook_10/dft_inputs/Na_candidate_11_Na1-3MnPCO7_Na3MnPCO7/charged_NaMnPCO7/state_metadata.json,793,beb90e92460d5dba92f363650b23b2926f3cfc31f35a43ff5e08f87076cfb023
provenance/supplementary/notebook_10/dft_inputs/Na_candidate_11_Na1-3MnPCO7_Na3MnPCO7/discharged_Na3MnPCO7/state_metadata.json,783,d48ba85f980044da75e4dda624ec9fb1c585adea8da84487e209b4e95a84e033
provenance/supplementary/notebook_10/dft_inputs/Na_candidate_15_Na0-3Cr2(PO4)3_Na3Cr2(PO4)3/candidate_metadata.json,1048,a92d84f9edb24edd32edabcf2b142cc7ed51290ec266ace4bf09b394cd5897ca
provenance/supplementary/notebook_10/dft_inputs/Na_candidate_15_Na0-3Cr2(PO4)3_Na3Cr2(PO4)3/charged_Cr2(PO4)3/state_metadata.json,793,e7b37c88b6ceefd821b9448bc902bc817869c700cbaddb1e821bbc7fea320f3e
provenance/supplementary/notebook_10/dft_inputs/Na_candidate_15_Na0-3Cr2(PO4)3_Na3Cr2(PO4)3/discharged_Na3Cr2(PO4)3/state_metadata.json,794,b1e0599a5df11c3c3f6dc90910dd8c34857547893f9c5a021f2a6e6865df237f
provenance/supplementary/notebook_10/dft_inputs/Na_candidate_16_Na0-2MnP2O7_Na2MnP2O7/candidate_metadata.json,1102,71ebcfb6eaca01e1b00ade4d74d7cfd6bbdbab4ef48c0dc39252fe484cdcdde4
provenance/supplementary/notebook_10/dft_inputs/Na_candidate_16_Na0-2MnP2O7_Na2MnP2O7/charged_MnP2O7/state_metadata.json,769,68f6478626c37a7860bd0c3291c71774f1f130c58d89620574dfe8a09103aab3
provenance/supplementary/notebook_10/dft_inputs/Na_candidate_16_Na0-2MnP2O7_Na2MnP2O7/discharged_Na2MnP2O7/state_metadata.json,803,b64bd17e467081999eae3a96a6a37156913e097973b0b1420f64d8ec6afff7e6
provenance/supplementary/notebook_11/exact_structures/Na_candidate_02/charged/provenance.json,553,7e5ea32b70a41071c3112e4c4bf1cc933c94bfac0c2018c877493824b30b4bca
provenance/supplementary/notebook_11/exact_structures/Na_candidate_02/charged/structure.json,4859,556d9ec0edf1ac685684fd6e0e9ba96f9eb9e89a3ca5b3572aee1f942f1dacc3
provenance/supplementary/notebook_11/exact_structures/Na_candidate_02/discharged/provenance.json,556,f20a5e44196b9ae063b69b51424f669eb120e7d19350ebb23bf94e45bbb11c51
provenance/supplementary/notebook_11/exact_structures/Na_candidate_02/discharged/structure.json,3081,a2770cff07d773756845cf8be4b4d5bec37b57efd7052e9c8985b264699b48e6
provenance/supplementary/notebook_11/exact_structures/Na_candidate_06/charged/provenance.json,547,b7106a048b382a090356b7c66b05663da959ccdbbb43519ac2bc45d7e788f494
provenance/supplementary/notebook_11/exact_structures/Na_candidate_06/charged/structure.json,8095,765d3bfc35023268b531cee97ddaa0e76a3db5d1a27d9c359d24afe4331426e1
provenance/supplementary/notebook_11/exact_structures/Na_candidate_06/discharged/provenance.json,551,453c6183b53de5c4312e5daae439815a8c2ea9a973016c5744e54a01d20cdcd3
provenance/supplementary/notebook_11/exact_structures/Na_candidate_06/discharged/structure.json,18293,915ce7b16582ffe3832aaf32dad1fad4e995eec43f55dc70dee07c6b77651d67
provenance/supplementary/notebook_11/exact_structures/Na_candidate_10/charged/provenance.json,548,efaf2a62459d54be50cd876738b4aceea1b36b23094b1501242d3b56460c0d4b
provenance/supplementary/notebook_11/exact_structures/Na_candidate_10/charged/structure.json,8113,9e53dda345031cc9b5abeebed41b36e2297972e840fa430c78a02bbd9dd32ff9
provenance/supplementary/notebook_11/exact_structures/Na_candidate_10/discharged/provenance.json,552,17216ddaba76c3f2630ddf6b2e2322039714b2a2c6da3e9b889ab44778d259eb
provenance/supplementary/notebook_11/exact_structures/Na_candidate_10/discharged/structure.json,9201,59051ec4e072cde0ea36dd0c60f7e9f993191f34bdcca5fb0cab3920738badab
provenance/supplementary/notebook_11/exact_structures/Na_candidate_11/charged/provenance.json,548,3db689682a31a3110091250af854a40dad0a84613ba17608284b6750dd617dfe
provenance/supplementary/notebook_11/exact_structures/Na_candidate_11/charged/structure.json,8145,7ed484c63061d560e79f180028b9caeedd95a2e22b690b118f4e98665ea344ca
provenance/supplementary/notebook_11/exact_structures/Na_candidate_11/discharged/provenance.json,551,d0627a6068d4d7e85aaa2d6d87612bd68ee061494ee8d95625f6d31eba533cb4
provenance/supplementary/notebook_11/exact_structures/Na_candidate_11/discharged/structure.json,9081,7f15405a7ba279a51b3763963ee163c590d5bfd5e679078297609e4547f4eb77
provenance/supplementary/notebook_11/exact_structures/Na_candidate_15/charged/provenance.json,548,71f6469fede7d43ad67c02cdf5df6c9f722d1ca0ee5b5f4e53285a3fd78181ea
provenance/supplementary/notebook_11/exact_structures/Na_candidate_15/charged/structure.json,12107,4fc197f0966cffe8e713399517249eff8306c7b19df782b9c41fcdd00bfb3738
provenance/supplementary/notebook_11/exact_structures/Na_candidate_15/discharged/provenance.json,555,dcafa18649159561c6d41ebf800ea7367e8b56046bc04e5cb45ea5e705808816
provenance/supplementary/notebook_11/exact_structures/Na_candidate_15/discharged/structure.json,14260,d73164471d440812d7a4aea69390db4dcea47cf5fa29c91668deef4f0775e6ae
provenance/supplementary/notebook_11/exact_structures/Na_candidate_16/charged/provenance.json,545,a70410619297316bf14098a414155bf267b5eaaab449ebcb92e82d6ed6dd103c
provenance/supplementary/notebook_11/exact_structures/Na_candidate_16/charged/structure.json,14223,f971db0d5c5851c1ea6244add20319e03222c962bd2f312ee18985443e7f3929
provenance/supplementary/notebook_11/exact_structures/Na_candidate_16/discharged/provenance.json,551,4c7485db921e4f836d67d0fd1995fd3ca4017c8f436b9f4b3979899b69eb9f15
provenance/supplementary/notebook_11/exact_structures/Na_candidate_16/discharged/structure.json,17002,2b30cf9a30a2b9ca7cb839615b6cf900dcb6020c3639a6f7b7f2f92efd27f0bb
results/audits/notebook_01/01_available_insertion_electrode_fields.csv,482,94f2f20844923db54573870c01ce16a98a838e9fb653e88e218cc4a311b4dbe4
results/audits/notebook_01/01_available_summary_fields.csv,1037,22027952407fd95ca282a7ae5e889e9f4313d418facb9001e715abbcb67c24c4
results/audits/notebook_01/01_cross_ion_chemsys_overlap.csv,1437,22e2b0e245c03a8204619ea0186fa38231413a286e623428c0ed0c2a4d6f58bc
results/audits/notebook_01/01_cross_ion_formula_overlap.csv,219,796e68e23b82dfe3f00df784c59001a78fbae0659e8d814bda8aedcccd653974
results/audits/notebook_01/01_cross_ion_framework_overlap.csv,1388,5b281cc34ac782ebc1df2c0f9646c4d64ce3fc53f05c6450aef1830c30b3ef91
results/audits/notebook_01/01_dataset_feasibility_gate.csv,4883,a4fcf53bf7bda2290492180893efd62407a40434ee6b23b9962fbff390c5147a
results/audits/notebook_01/01_duplicate_electrode_audit.csv,601,da25e3a95af7aa1d729374136bd921a4e31cdd2ee8a9e7530b703fe05018fc64
results/audits/notebook_01/01_duplicate_record_flags.csv,206994,3be57ee3e0ad8d27d731dc5ce48f7670c7265c33cb7bd7fdf18a5f4d3eca1699
results/audits/notebook_01/01_family_counts_by_ion.csv,834,d972780a7414d84e61264c1846fa012c74064a2efb7e39e3ec112a04f525efcb
results/audits/notebook_01/01_linked_material_ids_summary.csv,1069,405c788ead2bd31f42b55129bc2c0394ea9ae63f45589846cfa417833511edd9
results/audits/notebook_01/01_linked_structure_availability_by_material_id.csv,203698,a4036f56c42bd7a38e18df81cdd08f303accbbda5205208d41ce78a39c07a9d2
results/audits/notebook_01/01_linked_summary_coverage_audit.csv,168,24bf84351f02e13b0cd98b7a101fc3b7e46049350c4f6ad7a1920fd272271fcc
results/audits/notebook_01/01_linked_summary_missing_ids.csv,236,06cb3d26ec444f9e33872b9349ab9d979d07bf7597b29d292964cdea84c12040
results/audits/notebook_01/01_overall_group_counts.csv,196,f97e8fed8c13eaffb7c98d2323151477174a0249c8e38d3f6a92ef9f1c200cde
results/audits/notebook_01/01_raw_extraction_audit.csv,942,356822be1409b2e7ddab42a0efb419c77d949b1450ecdc839c5b2fe967bcf91f
results/audits/notebook_01/01_record_counts_by_ion.csv,389,ca7987872943837b56e448bf8a85601c1483d7e2c48814705275647d9ddd22c2
results/audits/notebook_01/01_structure_availability_by_ion.csv,266,ad1bfd5520f0047a8b6c1940f074546d020e006cc27eaf93f2a1e08b925c57fc
results/audits/notebook_01/01_structure_availability_by_record.csv,160807,a7bf9dfc96422dc3a2ad8feebbdef666e4743e2722ad07e018020ab0375c2a0e
results/audits/notebook_01/01_target_coverage_by_working_ion.csv,932,b3d68388fd6f218a290af275d199d5305086fffd79f550b8e845721c7f5e5b2a
results/audits/notebook_01/01_target_missingness_matrix.csv,778556,7e07a593a1345e011f3b7c87852f00e335261d02ae955e5be371da786ea2e224
results/audits/notebook_02/02_feature_leakage_taxonomy_master.csv,19336,e914db392436570bb147301748f0a55648d092b6453b328944df8b26ab1952a6
results/audits/notebook_02/02_feature_taxonomy_summary.csv,486,fe98900e821b6cbadcd59c29da580e1997deb09611bcacf3b7e6a6c921c7934b
results/audits/notebook_02/02_numeric_candidate_feature_pool.csv,10168,9af9d9c75821bb760c52383cd9f87843e7503451e6ee962c528b52a79f7b91ae
results/audits/notebook_02/02_protocol_feature_counts_by_target.csv,25237,036ffd076118544a02c4c02eb352c6dc3863540dc7cdca5c81b1d0e7af0491dd
results/audits/notebook_02/02_protocol_integrity_audit.csv,1467,cd4dccce0ac3d4395037c64d6428f355bafbfe615a03f577032753fa80f25e8b
results/audits/notebook_02/02_summary_merge_audit.csv,72,361660038dbc2382b53fee2a61812091746e7f9aa58b216243ff0d077261d513
results/audits/notebook_02/02_target_plausibility_masks.csv,486250,b614bd0d5d1288d677c2adb7fc9a1f660103e736b01a14eaf3a8fe76b0719fe2
results/audits/notebook_02/02_target_plausibility_summary.csv,708,951d08257c54423650041feca1e92eb26701c863e41039f8cfdc289598f4e7e2
results/audits/notebook_02/02_target_specific_leakage_matrix.csv,445581,6ce0246d4d27e68719c645f6bfbe5403921fe0a60d5af6acd352c57f85e9c747
results/audits/notebook_02/02_target_specific_leakage_summary.csv,1039,d14cb91945b393f991ca4b64b179591789f12a2c4951812d4898df941a6261ab
results/audits/notebook_03/03_compiler_validation_summary.csv,815,c32936652d2643a81599f1f88a855d4b32a11e02946ff1f6ebef34ed460c3db1
results/audits/notebook_03/03_dependency_path_audit.csv,434694,7f64b27256f6d13931f2feeced23e6b1c0a7d0c0420f2b01b228e72401cddc6f
results/audits/notebook_03/03_go_no_go_gate_audit.csv,371,0f8c9c63783239c3b5420ac9da827f887d41e3df88cd7226a839e7d49af00827
results/audits/notebook_03/03_manual_vs_compiler_agreement.csv,1037383,f22ef8babf1f5995a2a8dc2d40ec56d1a995cf4cd797b31dd941c530dafeaf21
results/audits/notebook_03/03_protocol_reconstruction_audit.csv,4771,41db3754cabb51792e75e4db0239942b222bc6ed5b67a538d6a922149c338341
results/audits/notebook_04/04_benchmark_row_audit_by_target.csv,640,38f3e205d7b0086ded27ddd0ee0c04bb4e4ea764e09386d4a04907d449f26ab2
results/audits/notebook_04/04_error_summary.csv,53,afe2ce06dea80966eace52259a546ceb68a85df200457903e3268c2ffb01d756
results/audits/notebook_04/04_execution_coverage_audit.csv,20158,eddab1a8bef698bd8636dc95ed23daa08c2cbd1d658d45dda0ac21dfba074ee3
results/audits/notebook_04/04_feature_matrix_audit.csv,960,99c480c3419d18147c703c09a8767c2e0695f462e0d9898e0b67c0eb664feb8d
results/audits/notebook_04/04_fold_error_rows.csv,273,37a4051f8ea1cd4c04c4eec8e34543ef61f12fd9c211df4719826acae7d5cb39
results/audits/notebook_04/04_model_audit.csv,472,518662cdbb4090486269d49f76b255d0c8b32e508c18be7258626b812300971f
results/audits/notebook_04/04_split_composition_audit.csv,79756,741b9efbf214c33e003d181b190dc549002a43b4205eeff5232dcfa83718ae6c
results/audits/notebook_04/04_split_count_summary.csv,1525,64bf3ef0430c71dcca21ef81976aac8a9c52b5656a6394287b04ec4eb10d39a3
results/audits/notebook_05/05_config_execution_audit.csv,33702,015b31f80b5ebb69e0c9eb6bec3c954ce1d007ec546ccb810710d69f75d92128
results/audits/notebook_05/05_go_no_go_gate_audit.csv,343,7d649c59a8329bb4f330422882bac042fab724ed1cc5239341b45b1c8b772db4
results/audits/notebook_05/05_preprocessing_scope_audit.csv,69673,fc7c04e53cfd7462e8f7dade0c741ac7ae330527fd8e851e67f7dc9ab1d2584d
results/audits/notebook_05/05_split_design_compatibility_audit.csv,15368,5acf9f1e4c605e934c1d00c57a6ad2868bc0dfd4510180f478be18dfe8146d10
results/audits/notebook_05/05_split_reuse_audit.csv,15368,5acf9f1e4c605e934c1d00c57a6ad2868bc0dfd4510180f478be18dfe8146d10
results/audits/notebook_05/05_target_input_exclusion_audit.csv,758,a9a3954a3f55229aec3ac37aea9f04b983c6994f468f6a175d75b255711d7ae4
results/audits/notebook_06/06_chemical_system_reporting_caution.csv,12525,b303eba70deea4387e549885fa4ff96aa8755cb55a17119980151c00463cdc24
results/audits/notebook_06/06_coverage_audit.csv,215,3f858314c69682c35ae49c6421eafff273bbe050ec432699974c39ae81715776
results/audits/notebook_06/06_go_no_go_gate_audit.csv,377,921148b5a3cae6b407c757d8deda8e7408f09da9e402fb5108f15d3dda6cc360
results/audits/notebook_06/06_preflight_audit.csv,186,aba43c0a0a3c47b64e6f3a0f7efb8180a7ec09a809752b8724c683c6119854d2
results/audits/notebook_07/07_applicability_domain_flag_counts.csv,16276,f801dde51e695b49342014e496d56d5ce22473700087082b35bbdb6446bb79e2
results/audits/notebook_07/07_config_execution_audit.csv,11364,44c620d5c97875c6691bfa74894a8bd0b7885380b6e5078ce37a5664834ee6c4
results/audits/notebook_07/07_conformal_coverage_by_config.csv,12619,574f5037cf110da529b6880707a8d1311419406df39447d805bd8cb81b5707dc
results/audits/notebook_07/07_domain_distance_thresholds.csv,8453,b604633800181fb040965e23ce73f72d1299311aa69658a01a9971bb4dc2e1ed
results/audits/notebook_07/07_out_of_domain_prediction_audit.csv,8281444,c4ef0527499451a3aa7ccc4a471b52a63f4cd9cb79b153d6bbb6900b0e54301a
results/audits/notebook_07/07_uncertainty_config_plan.csv,6133,505e8a42c45fcdf612cdfb1d2e897ccb9ed4cd855083126742e6a78fe941e63e
results/audits/notebook_07/07_uncertainty_vs_error_summary.csv,11915,b4d7ff0f21c37b24fec245dde142430f97277774287d77163170b5844bf2ff58
results/audits/notebook_08/08_chemical_system_triage_summary.csv,12125,6eb0e5f2592f82ab171e60cf1cdea2c755dcf12e35777e858a1cc28ee8b765ac
results/audits/notebook_08/08_family_level_triage_summary.csv,1022,c19edf2fcd734d0c10f8416957f84dde75fd285000f130930cc36c9fe30b93e8
results/audits/notebook_08/08_input_coverage_audit.csv,220,e9e7f5a371a7702b73af48a940385f39e512f9edac4c6d34b203b6d8ec6f0c48
results/audits/notebook_08/08_no_cde_criticality_assertion.json,328,c10157ec0fc480245db4c568acb74e9afadb53aaaabc638e2f12e3931ead3f6d
results/audits/notebook_08/08_pareto_summary.csv,103,1e5fa27d8684f4966f96238c51b41ae9a2dc721b38fbe8ccd83d795acef0ba91
results/audits/notebook_08/08_prediction_coverage_by_target.csv,736,038514c9fcebf676ae21d704fc60ee629dece3524ac3a9414394a6fc7c69155f
results/audits/notebook_08/08_previous_decision_audit.csv,164,0d89890fc86f9f0b95f6efd6eb9f8490fb1ed252732e92c5cdd0e8870e11f027
results/audits/notebook_08/08_rank_robustness_audit.csv,178,e3d0fc9c06b8c77e9a8159a77be40fff669ef0992577b95b599c642ccfbb716c
results/audits/notebook_08/08_reviewer_safety_audit.csv,631,028b7409064194fe4326613c494fcded993afe4b226d0699b562e040bea4ccfa
results/audits/notebook_08/08_selected_protocol_by_target.csv,115,18c6523c3c4e6487b01769232458319b12f817a4641bdbc8289ba0856827bbc6
results/audits/notebook_08/08_shortlist_summary.csv,193,33f85e30190171877b9a2f2503eb2c0dddf99fd231f690d823a0c40be739aa05
results/audits/notebook_08/08_sodium_screening_funnel.csv,414,a863fb994ea32684c9eb0f254aadc13c4db901c6c56f17580bda3e4f4414558b
results/audits/notebook_09/09_annotation_carryover_audit.csv,19490,4a215ffa0f49667849d846705f0c1bab480169eeee2dab22ec55dfdb5121e9db
results/audits/notebook_09/09_input_coverage_audit.csv,103,3a6b4499655152f6b58f63a5424fe49820790eb1510173dd7ef94b7529b46c50
results/audits/notebook_09/09_literature_unfriendly_query_audit.csv,8986,f6e141dd6833e79972b9ea46a78b2ff3b77c064bd89d0c987a58ae6921e22b1b
results/audits/notebook_09/09_manual_annotation_validation_issues.csv,1,01ba4719c80b6fe911b091a7c05124b64eeece964e09c058ef8f9805daca546b
results/audits/notebook_09/09_manual_review_progress_by_candidate.csv,2576,56222648b9282c7e94b917e93de8c651c6d8164c907163e4db0cdead1f60d4df
results/audits/notebook_09/09_query_generation_coverage_audit.csv,1079,e213fdb29f650659d2df8eee2a69bfa1057cb4f3214f656e129b1887ec56546f
results/audits/notebook_09/09_reviewer_safety_audit.csv,934,61e81164a23ae53a0bb5bbab4bf22b0d6aa6ac9a59fcceee8887ecc90c4b4c2a
results/audits/notebook_10/10_mp_id_discovery_audit.csv,61,516320c3a8f6b05969702d2d9afbd44b7691df53e8fd9e8ee4762f8387e3724d
results/audits/notebook_11/11_core_mapping_audit.csv,365,07e3086e261858699143c121128dee6ef340c1d27cb7fbbe5524e8ffbc8fdeb7
results/audits/notebook_11/11_go_no_go_gate_audit.csv,423,b34c69fdac1d2d14f90d2c3035a766bf035052e7e133b9cef72cdd343df6f532
results/audits/notebook_11/11_preflight_audit.csv,122,de076d2d971e7b01dc9007099cf93ef3d31414eb9274e339bfa4ae517b8242ff
results/audits/notebook_11/11_private_output_residual_and_secret_scan.csv,13345,9402ad77fe735a52c767cba2084ccd9849193f443e425d9e7961b0c041b90a35
results/audits/notebook_11/11_raw_record_resolution_audit.csv,680,1a1e1c3f1f8d128f08bbf60b9f25c8d596f0f3bc43aa29e814a61e724229a16a
results/audits/notebook_11/11_structure_parse_and_identity_audit.csv,4188,c28264fe5684ee1d4904f4303598477a513c139c5cad8f520e2ae4f850e97fda
results/audits/notebook_12/12_go_no_go_gate_audit.csv,305,7cc969b39d159be215607a62a460c508a6416c7b53d490dee08b30a03cba9aa6
results/audits/notebook_12/12_notebook14B_manifest_verification.csv,34,c3afa059d131d3a454450235558793494ff3a02574be66b9d859f794f0d42204
results/audits/notebook_12/12_reaction_balance_audit.csv,160,d0fee5277d5e9ef7238e85917b9b3753a810668e5fd781690c4be83937149db3
results/audits/notebook_12/12_resource_configuration_audit.csv,768,a6821d7d90dc053ec2916186fd9e0be3e24daf36a2db962ecb0d8997ee0c3f71
results/audits/notebook_14/14_figure_generation_audit.csv,7191,4a6bff3d330fe4fcf456a1569593f0038e4cb0d8acfdad9a7c59cf885b3e86e4
results/metrics/notebook_05/05_constraint_strength_sensitivity.csv,1018,0f617249dcf26dfc72bf9d0826d3b0ce9ac20a211a58811936fc4f7286f58b73
results/metrics/notebook_05/05_independent_vs_constrained_fold_metrics.csv,1513649,e19f325d75a7e8f267effbe8cc9b17c55d86be4f1b826a00041977c15c5943d7
results/metrics/notebook_05/05_independent_vs_hardderived_vs_softconstrained_metrics.csv,169192,35d065c921ab9e61aa716e40cda9f342e2a05f32ae047cbbf6684b3ab4ec5c5e
results/metrics/notebook_05/05_paired_method_comparisons.csv,718049,e144852f123f3902cd0054f3950cb66cb5a680471e5baedf2391bb2667b09a19
results/metrics/notebook_05/05_physics_consistency_metrics.csv,169200,d3c56b49e5b0bb32e05db9f92f16fbf18b36e230b591c67b417ffd55a8a41c83
results/metrics/notebook_06/06_domain_shift_main_effects.csv,25268,20e378b02ff011737b91135432db5f2d2d58c5b2c464f488881d3effce14ce5d
results/metrics/notebook_06/06_group_bootstrap_intervals.csv,30778,1bcdb6f9e15415fd6ed31100bf6aaf74964816cd394cc428a9161a10b86ee565
results/metrics/notebook_06/06_leakage_domain_interaction_effects.csv,33168,c49ae7dc48bc1c61e5ce59a73cc33d296d7465b5c102ec2f999f3fd20b4a7c72
results/metrics/notebook_06/06_leakage_main_effects.csv,165497,e238919e5f94f192f515f079587ca8ae6c8e5f558c2c03a1dee445d6bac2a372
results/metrics/notebook_06/06_physics_constraint_value_summary.csv,2306,0bb5ac81a0bd39db5347a2c25dc60ca44c49174df300dacb554dec8f129a854a
software/__init__.py,45,2b37bd01924b0185c19703ae46f3cd1a0dde0efddfad9dd844bf7a49e8092bb6
software/cmt_repository_paths.py,6895,3749308410d477d58337d62413158c581092099269a7dce1960da7de85fed216
software/manuscript_figures.py,40296,2d9c83e9a8c45519912935d9050e16ca69224b17c14587b8a6b634be777d80f2
software/notebook_03/electrode_audit/__init__.py,190,237c7de935f7be43870728c0de40d659bd4ec387d07ed376d9dbeaa93f0f59a8
software/notebook_03/electrode_audit/leakage_compiler.py,10793,92a2a8d943821592ad24ca84881635617da90d83b7a4dd5e40d03e0b222f608b
software/tests/notebook_03/test_leakage_compiler.py,886,5f5be9307e3696fd8f77d54112e9fe86007894fa5aea305af2b2dd7f5b30b8e9
