shortlist_priority_rank,battery_formula,formula_charge,formula_discharge,average_voltage,capacity_grav,energy_grav,max_delta_volume,stability_worst,final_triage_score,rank_median_mc,rank_iqr_mc,out_of_domain_flag,high_uncertainty_flag
1,Na0-2VF5,VF5,Na2VF5,4.338141591551722,279.3085775932417,1211.680157334393,0.185321871033648,0.057393259583332,0.7802501772700956,1.0,0.0,False,False
2,Na0-1CoO2,CoO2,NaCoO2,3.008840576551722,235.2621671087404,707.86635452427,0.095311966205387,0.011452050000005,0.6908771992361679,5.0,4.0,False,False
3,Na0-1CoO2,CoO2,NaCoO2,3.056321886551724,235.2621671087404,719.0369104120325,0.167784901100262,0.00813656,0.6828218946525285,6.0,5.0,False,False
4,Na0-4Fe2(PO4)3,Fe2(PO4)3,Na4Fe2(PO4)3,3.956551765301722,219.4310432592394,868.1902815693422,0.036937405438655,0.096099300980394,0.679075598597492,5.0,6.0,False,False
5,Na0-1MnF3,MnF3,NaMnF3,3.78776930655172,198.64275476957155,752.4129294850634,0.18908059493695,0.001892827499998,0.6820599788634433,7.0,6.0,False,False
6,Na1-3CoPCO7,NaCoPCO7,Na3CoPCO7,3.92340555530173,189.48825786910663,743.4392835880998,0.066817102717882,0.053627843579542,0.6703273643635393,7.0,7.0,False,False
7,Na0-2CoP2O7,CoP2O7,Na2CoP2O7,4.392705956551719,192.22448585035423,844.3856439899428,0.048271376324257,0.080338579250005,0.6558121912130261,8.0,7.0,False,False
8,Na0-2MnPO4F,MnPO4F,Na2MnPO4F,3.864972674676721,249.4468036394037,964.105079851745,0.286561754856125,0.035307653035705,0.6534340768200189,9.0,8.0,False,False
9,Na0-2FeCSO7,FeCSO7,Na2FeCSO7,3.892605436551723,207.847172023377,809.0670317900984,0.128771071377676,0.089343333416668,0.6497400015960273,9.0,7.0,False,False
10,Na1-3FePCO7,NaFePCO7,Na3FePCO7,3.443899664051723,191.5797090750565,659.781295722714,0.010974811361596,0.040621705954548,0.6496645577277298,10.0,8.0,False,False
11,Na1-3MnPCO7,NaMnPCO7,Na3MnPCO7,3.369558361551721,192.2027348596324,647.6383323593827,0.073265602924694,0.0,0.6387079527038741,11.0,9.0,False,False
12,Na0-2MnH4(SO5)2,MnH4(SO5)2,Na2MnH4(SO5)2,4.239597669051729,162.89062405005873,690.5907100330106,0.133276296695113,0.018710770637256,0.6300531705498968,14.0,10.0,False,False
13,Na0-1CoPO4,CoPO4,NaCoPO4,3.960957919051726,151.51125369018754,600.1297001296034,0.024417398488017,0.012940566666667,0.6189110881088994,15.0,10.0,False,False
14,Na1.5-3NiPCO7,Na3Ni2P2(CO7)2,Na3NiPCO7,4.058584699885058,142.23676513448655,577.2799587359716,0.02189481609775,0.044120722608695,0.6144205395465183,15.0,9.0,False,False
15,Na0-3Cr2(PO4)3,Cr2(PO4)3,Na3Cr2(PO4)3,4.291304676551717,175.60325231964254,753.5670578969732,0.087594040190126,0.061561507205885,0.6130931828354983,15.0,10.0,False,False
16,Na0-2MnP2O7,MnP2O7,Na2MnP2O7,4.05877872905172,195.018501417946,791.536945326702,0.123101178662976,0.072622637499999,0.6048938521296092,18.0,11.0,False,False
17,Na1-3CoAsCO7,NaCoAsCO7,Na3CoAsCO7,3.7624218903017272,164.00839402719313,617.0687718811425,0.077376141519508,0.043617186377407,0.58951450093898,18.0,10.25,False,False
18,Na2-6Fe2C4SO16,Na2Fe2C4SO16,Na6Fe2C4SO16,3.904088337801721,183.03058987831173,714.5675914048866,0.034428311613011,0.083436778400001,0.5880287704175603,19.0,12.0,False,False
19,Na1-3FeAsCO7,NaFeAsCO7,Na3FeAsCO7,3.469605169051721,165.5728782903828,574.4725143710837,0.007168509450685,0.044741147196979,0.5785546901215265,20.0,10.0,False,False
20,Na1-3CrPCO7,NaCrPCO7,Na3CrPCO7,3.031012679051716,194.2518696590096,588.7798798659595,0.073593047086824,0.056423033579551,0.5846535152435602,22.0,13.0,False,False
21,Na0-6Mn3(PO4)4,Mn3(PO4)4,Na6Mn3(PO4)4,3.469875774885057,235.5697164078063,817.3976522599902,0.14024297968184,0.094573069673917,0.5781124568057849,21.0,12.0,False,False
22,Na0-1MnO2,MnO2,NaMnO2,2.745589469051722,243.81248636564385,669.4089949888283,0.075649825346243,0.013758580833332,0.5718044971246529,22.0,12.0,False,False
23,Na0-1VPO5,VPO5,NaVPO5,3.600908689051717,144.9496306764634,521.9503845777144,0.028865546752802,0.0056868725,0.5738794617621932,22.0,13.25,False,False
24,Na0-1VF4,VF4,NaVF4,4.179153189051728,178.7660645353225,747.09076869702,0.19147314460584,0.024513009999999,0.5681789644919614,22.0,11.0,False,False
25,Na1-3MnAsCO7,NaMnAsCO7,Na3MnAsCO7,3.390345429051724,166.03802903051624,562.9262727723682,0.062758297887686,0.012315709429295,0.5622555433824739,25.0,12.0,False,False
26,Na1-2.5MnPCO7,NaMnPCO7,Na5Mn2P2(CO7)2,3.611596209885063,150.3489705497081,542.9997721974468,0.056828403091353,0.019132283636364,0.5570288204314421,28.0,15.0,False,False
27,Na0-2MnCSO7,MnCSO7,Na2MnCSO7,4.100874681551726,208.58069746847025,855.3633013088498,0.21292472878333,0.087316613750001,0.5397827794855958,29.0,16.0,False,False
28,Na1-3VSiCO7,NaVSiCO7,Na3VSiCO7,2.9326560578017262,197.067679986078,577.9317255081036,0.026909028376574,0.088130306363638,0.5409114031040865,28.0,14.0,False,False
29,Na0-1MnO2,MnO2,NaMnO2,2.692695221551724,243.81248636564385,656.5127169914138,0.163209534160819,0.015143706666666,0.5249631826747415,32.0,16.0,False,False
30,Na0-3.5Cr2(PO4)3,Cr2(PO4)3,Na7Cr4(PO4)6,3.702667313694579,199.85318274074345,739.9898472719805,0.162168072105599,0.062883002352944,0.5294724695993619,34.0,16.0,False,False
31,Na1-2NiCSO7,NaNiCSO7,Na2NiCSO7,4.12187752405173,102.7883136966566,423.6808399614274,0.028872810078638,0.045019359999999,0.5193117174610468,37.0,19.0,False,False
32,Na0-1CoPO4,CoPO4,NaCoPO4,3.762495864468388,151.51125369018754,570.0604654297514,0.050194594412819,0.038437671964286,0.5105849761131537,37.0,17.0,False,False
33,Na1-2CuP2O7,NaCuP2O7,Na2CuP2O7,4.083998061551728,94.54823680922271,386.13481585199935,0.029615707794994,0.0,0.5227500177528901,37.0,18.25,False,False
34,Na0-1MnPO4,MnPO4,NaMnPO4,3.387073626551728,155.01219683059955,525.0377236787692,0.173844509338984,0.002636648750002,0.5196332969203331,35.0,19.25,False,False
35,Na0-1K2MnF6,K2MnF6,K2NaMnF6,3.855023356551729,99.222544723181,382.5052274043613,0.0306355715763599,0.0,0.5187360005844088,39.0,19.0,False,False
36,Na1-3VPCO7,NaVPCO7,Na3VPCO7,2.440613730301724,194.99710311407105,475.9126072292628,0.063204372017703,0.036701005454538,0.5047110977933756,40.0,21.0,False,False
37,Na0-3V2(PO4)3,V2(PO4)3,Na3V2(PO4)3,3.348916998218388,176.415910700775,590.8022421020027,0.118606396177811,0.014576926617646,0.5114456062796692,40.0,20.0,False,False
38,Na1-2MnPCO7,NaMnPCO7,Na2MnPCO7,3.877459166551734,104.73507929194264,406.1059932600657,0.051845981444865,0.019404587272727,0.5028611067570268,42.0,21.0,False,False
39,Na0-1VP2O7,VP2O7,NaVP2O7,3.586303236551732,108.12516438539888,387.7696269880441,0.069555959226515,0.001825057000001,0.5072670118005523,43.0,23.0,False,False
40,Na0-1CuPO4,CuPO4,NaCuPO4,3.827826506551719,147.6607610751055,565.2197752208892,0.119355330983493,0.027282932857144,0.4877002002584112,47.0,25.0,False,False
41,Na0-1.29V2O5,V2O5,Na9V14O35,3.211356015440613,162.97450034225784,523.369142037538,0.061296319991463,0.025970106530612,0.4902258236563525,46.0,26.0,False,False
42,Na1.5-2.5NiPCO7,Na3Ni2P2(CO7)2,Na5Ni2P2(CO7)2,3.864610799051721,98.84444186871173,381.9952974720634,0.016761788141745,0.041895762391304,0.4909165403393448,45.0,22.0,False,False
43,Na0-4Ni7(PO4)6,Ni7(PO4)6,Na4Ni7(PO4)6,4.37764028905173,99.94575973892462,437.5265845530007,0.000745124247177,0.059097808108106,0.4885250217203786,46.0,23.0,False,False
44,Na1-2CuP2O7,NaCuP2O7,Na2CuP2O7,4.17689376405173,94.54823680922271,394.9179407305286,0.039693862506569,0.017396540909091,0.4890170938674689,48.0,21.0,False,False
45,Na0-3V2(PO4)3,V2(PO4)3,Na3V2(PO4)3,3.125016097385055,176.415910700775,551.3025607747662,0.168666455411796,0.035000853250026,0.4942420243131588,46.0,25.0,False,False
46,Na1-3CuCSO7,NaCuCSO7,Na3CuCSO7,2.9306589190517203,185.74294054510847,544.3492053594156,0.009740201868946,0.089562225192304,0.4879930573332542,44.0,23.0,False,False
47,Na0-1MnO2,MnO2,NaMnO2,2.681035694051722,243.81248636564385,653.66997860179,0.28175884889916,0.03293045,0.4753222148216521,51.0,21.0,False,False
48,Na0-1VPO5,VPO5,NaVPO5,3.419470574051725,144.9496306764634,495.650996817832,0.168405659897193,0.030552756249999,0.4776536493830625,51.0,25.25,False,False
49,Na0-1Mo(PO4)2,Mo(PO4)2,NaMo(PO4)2,4.090156524051739,86.77199080031944,354.91102427688406,0.022895756354055,0.014981788409095,0.4796622869497615,53.0,26.0,False,False
50,Na4-6Co2C4SO16,Na4Co2C4SO16,Na6Co2C4SO16,4.203535884051735,90.56035138236284,380.6736867080964,0.001708263473895,0.053681964518513,0.4736172885694374,55.0,22.0,False,False
51,Na0-2V3O7,V3O7,Na2V3O7,3.227863313218396,172.46779322370762,556.7024624585422,0.02420240741757,0.082158660000001,0.4587443095290471,57.0,27.0,False,False
52,Na4-6Ni2C4SO16,Na4Ni2C4SO16,Na6Ni2C4SO16,4.2998776990517245,90.63378747413866,389.7142015406423,0.017240021820524,0.046667437314811,0.4736360736828214,52.0,23.0,False,False
53,Na0-1MnPO4,MnPO4,NaMnPO4,3.297377866551716,155.01219683059955,511.1337868747771,0.205881717513334,0.010553695357143,0.4764357396516733,51.0,26.25,False,False
54,Na0-1VP2O7,VP2O7,NaVP2O7,3.607397424051729,108.12516438539888,390.0504394790577,0.045256791319093,0.004769900000001,0.4808989762863833,52.0,27.0,False,False
55,Na0-6Cu9(PO4)8,Cu9(PO4)8,Na6Cu9(PO4)8,4.016838964885053,109.42182510972124,439.529850709566,0.070111260876353,0.013042322500012,0.4580149936447115,58.5,28.25,False,False
56,Na4-6Ni2P(CO4)4,Na4Ni2P(CO4)4,Na6Ni2P(CO4)4,4.307202056551734,90.80132535062172,391.09965528782095,0.025521497748177,0.071954193611112,0.4506705389672589,61.0,24.0,False,False
57,Na0-1Rb2CrF6,Rb2CrF6,Rb2NaCrF6,4.498360276551725,74.46678479711632,334.978426653874,0.045265140264845,0.0,0.4712271192175009,60.0,26.0,False,False
58,Na2-3NiAsCO7,Na2NiAsCO7,Na3NiAsCO7,3.856678581551722,82.0644075153952,316.4960427723569,0.011813930942475,0.016718646132482,0.4542702500449147,61.0,31.0,False,False
59,Na1-3MoF6,NaMoF6,Na3MoF6,3.062632396551724,192.1943877809533,588.6207584533723,0.004545193011774,0.060765631499999,0.4395166087637233,67.0,30.25,False,False
60,Na0-1V2P2O9,V2P2O9,NaV2P2O9,4.149546079051721,81.0165494051057,336.1819049222564,0.027417805124064,0.035604401346162,0.4510224955205879,65.5,34.0,False,False
61,Na0-1Cr3O8,Cr3O8,NaCr3O8,4.337746056551726,87.30884356226281,378.7235918642971,0.006460504664538,0.046632533090909,0.4444450939974559,66.0,33.0,False,False
62,Na0-1CoPO4,CoPO4,NaCoPO4,3.877459321551722,151.51125369018754,587.4787229410055,0.170187742616709,0.086211365416667,0.4488528086297846,66.0,30.25,False,False
63,Na1-2CrAsCO7,NaCrAsCO7,Na2CrAsCO7,4.387437486551736,90.26993487974453,396.0536961999752,0.023560141988136,0.053284074405423,0.4441668809374606,66.0,28.0,False,False
64,Na2-3FeSiCO7,Na2FeSiCO7,Na3FeSiCO7,3.868105926551724,96.78898741754244,374.3900558547362,0.013881350875249,0.044322769618057,0.4322506869325772,69.0,30.0,False,False
65,Na1.5-2.5NiPCO7,Na3Ni2P2(CO7)2,Na5Ni2P2(CO7)2,4.112834931551735,98.84444186871173,406.5308733073724,0.021863361042883,0.040802623260869,0.4397452840199336,69.0,31.0,False,False
66,Na0-1Mn(PO3)3,Mn(PO3)3,NaMn(PO3)3,3.951715941551714,85.12630591473967,336.3949801286848,0.100132211014461,0.010715820064102,0.4497032440809037,68.0,31.0,False,False
67,Na1-2CoCSO7,NaCoCSO7,Na2CoCSO7,3.832828926551731,102.69387073607363,393.6080383367873,0.051936479759376,0.034266435833324,0.440926518371467,70.0,32.5,False,False
68,Na1-3VAsCO7,NaVAsCO7,Na3VAsCO7,2.443383406551728,168.11926327895614,410.7798182175028,0.020702201578926,0.050211779545454,0.4320828614060038,71.0,33.0,False,False
69,Na0-1CoO2,CoO2,NaCoO2,2.662275291551726,235.2621671087404,626.3326545305126,0.114361442571003,0.097365835000005,0.4294537669586489,69.5,33.0,False,False
70,Na0-1VPO5,VPO5,NaVPO5,3.337510494051724,144.9496306764634,483.77091349161833,0.073681226898314,0.027948760937499,0.4388722570074412,70.0,32.0,False,False
71,Na0-1VF3,VF3,NaVF3,2.128294121551722,204.70634645210808,435.6753137983518,0.236785261690798,0.009434196249999,0.4377915025598221,71.0,31.0,False,False
72,Na4-6Co2P(CO4)4,Na4Co2P(CO4)4,Na6Co2P(CO4)4,4.224462604051727,90.72761762293992,383.2754278028141,0.018675591204741,0.081551116898153,0.4332689164414194,73.0,33.0,False,False
73,Na4-6Mn2C4SO16,Na4Mn2C4SO16,Na6Mn2C4SO16,3.737696424051723,91.7995847827752,343.11897977201187,0.031714388718323,0.029121994876541,0.4341492565515582,75.0,33.0,False,False
74,Na0-1FePO4,FePO4,NaFePO4,3.014129111551721,154.2033123226646,464.7886927694456,0.196725160268021,0.026914668333333,0.4354451375004246,73.5,34.25,False,False
75,Na0-1FePO4,FePO4,NaFePO4,3.072423191551724,154.2033123226646,473.77783299424846,0.169555702732158,0.029870462083334,0.4290604592066167,75.0,34.0,False,False
76,Na0-1V2O5,V2O5,NaV2O5,3.266735261551719,130.82203996985868,427.36097095766576,0.113406136643222,0.00610912375,0.4273814338297684,75.0,34.25,False,False
77,Na0-3Mo4P5O24,Mo4P5O24,Na3Mo4P5O24,3.616627704885051,81.08689361220995,293.26110594098515,0.009389674813241,0.00705728628788,0.4314704467371686,76.0,33.0,False,False
79,Na0-1FePO4,FePO4,NaFePO4,3.003711521551725,154.2033123226646,463.1822658850268,0.177703947138865,0.024104718749999,0.4283326525449866,78.0,35.25,False,False
80,Na1-2V(PO4)2,NaV(PO4)2,Na2V(PO4)2,3.8704488865517312,93.4293021404477,361.6133384408011,0.032723501127793,0.031631231875004,0.4236692798508801,79.0,31.25,False,False
81,Na0.4-0.8NiO2,Na2(NiO2)5,Na4(NiO2)5,2.932746576551725,98.2783079305942,288.22537113274643,0.017526944036961,0.008296108725491,0.4142653060478674,81.0,31.25,False,False
82,Na0-1Co2P3O10,Co2P3O10,NaCo2P3O10,4.302846381551721,68.06354667567655,292.86698552901146,0.047130081865473,0.019505724666666,0.4188656690716377,82.0,37.0,False,False
83,Na0-1Rb2VF6,Rb2VF6,Rb2NaVF6,4.005764786551726,74.68562575079928,299.17304969413254,0.016347304551869,0.0,0.4206123043063242,82.0,35.0,False,False
84,Na2-3MnBPO7,Na2MnBPO7,Na3MnBPO7,3.668716216551733,96.51655586382483,354.0918536633354,0.035911391000941,0.069957487617182,0.4156744984666903,83.0,35.0,False,False
85,Na0-1MoP2O7,MoP2O7,NaMoP2O7,3.185216206551719,91.51226848872884,291.4863606886113,0.028667360470238,0.003237321999998,0.4204002646024027,85.0,33.0,False,False
86,Na0-8Fe7(PO4)8,Fe7(PO4)8,Na8Fe7(PO4)8,3.417543051551721,160.65577586427503,549.0480304966038,0.114182437857771,0.090302505354612,0.41223890725183,84.0,34.0,False,False
88,Na0-0.67MnPO4,MnPO4,Na2Mn3(PO4)3,3.672976751551715,108.13420055862515,397.17440469946064,0.078330807825624,0.024829921666668,0.4095767642154337,87.0,33.0,False,False
89,Na2-3CuPCO7,Na2CuPCO7,Na3CuPCO7,3.362398286551713,93.22397962611988,313.45614936039726,0.036124648692496,0.008190581250002,0.4070582874861547,89.0,33.25,False,False
90,Na2-3CrSiCO7,Na2CrSiCO7,Na3CrSiCO7,3.459963181551732,98.15328343360096,339.60674682867085,0.015113261158202,0.041646913356476,0.4022907506504456,90.0,36.0,False,False
91,Na0-1Mo2P3O13,Mo2P3O13,NaMo2P3O13,3.91118607405173,51.96268174858514,203.2357172254482,0.01029582987395,0.009237340555555,0.4041906248397515,90.0,29.0,False,False
92,Na0-1LiMnPCO7,LiMnPCO7,NaLiMnPCO7,3.9608672665517193,111.74310762854812,442.599617268682,0.081468113058264,0.017613945681821,0.4017125870460538,92.0,36.25,True,False
94,Na3-6Fe2P(CO4)4,Na3Fe2P(CO4)4,Na6Fe2P(CO4)4,3.359924674885058,137.5291660407657,462.0876384967329,0.09467806839956,0.088606300096156,0.3881044772548833,94.5,36.0,False,False
95,Na0-3Li3Fe2P2(CO7)2,Li3Fe2P2(CO7)2,Na3Li3Fe2P2(CO7)2,3.2981303065517262,157.21100860251266,518.5023919955111,0.071961580205312,0.044305801277175,0.3899470797977811,97.5,39.0,True,False
96,Na2-3FeBPO7,Na2FeBPO7,Na3FeBPO7,3.662467991551725,96.20234988805166,352.3380271770489,0.015524595118022,0.055398535642364,0.3907360638470884,98.0,28.0,False,False
97,Na0-1Rb2MnF6,Rb2MnF6,Rb2NaMnF6,3.765955136551728,73.86302326840693,278.1648318788969,0.026796367130348,0.0,0.3917176130439279,99.0,34.25,False,False
98,Na0-1Cr(GeO3)2,Cr(GeO3)2,NaCr(GeO3)2,4.347084786551722,84.74447870869932,368.3914341388431,0.036350359127551,0.09468767537036,0.3824502924034429,103.0,33.0,False,False
99,Na0-2Ti3Fe(PO4)6,Ti3Fe(PO4)6,Na2Ti3Fe(PO4)6,4.137728261551732,65.75003780590923,272.05578962760546,0.021845213696363,0.055773818749994,0.3816152255653043,102.5,40.25,False,False
101,Na2-2.5MnPCO7,Na2MnPCO7,Na5Mn2P2(CO7)2,3.165659641551745,50.116323516569366,158.6512227393543,0.005333227300368,0.011072701249999,0.3859870061203321,105.0,35.0,False,False
102,Na0-3Li3Mn2P2(CO7)2,Li3Mn2P2(CO7)2,Na3Li3Mn2P2(CO7)2,3.357049196551727,157.7705659753254,529.6435517469774,0.127062703799178,0.035044891195608,0.3779689511167747,104.0,39.0,True,False
103,Na4-6Cu2C4SO16,Na4Cu2C4SO16,Na6Cu2C4SO16,3.7011811090517353,89.17050870384884,330.03620229921864,0.024367675293018,0.051603475370368,0.3689525487015377,104.0,42.0,False,False
104,Na0-0.5MnO2,MnO2,NaMn2O4,3.183568416551725,136.1424880137049,433.4189249912029,0.136504197715484,0.025369589583334,0.3714356094737105,108.0,37.25,False,False
105,Na4-6Mn2P(CO4)4,Na4Mn2P(CO4)4,Na6Mn2P(CO4)4,3.8806216990517193,91.97146445172773,356.9064606449384,0.032467488275242,0.074162639978776,0.3812097540923504,108.0,40.0,False,False
106,Na0-3Li3Mn2P2(CO7)2,Li3Mn2P2(CO7)2,Na3Li3Mn2P2(CO7)2,3.318277253218387,157.7705659753254,523.5264803033131,0.098095351235645,0.038387983461541,0.379804774179767,107.0,37.0,True,False
107,Na0-1MnAsO4,MnAsO4,NaMnAsO4,3.412239079051719,123.59626547938969,421.74000709362446,0.158095791572673,0.031322605,0.3658187429847214,109.0,37.0,False,False
108,Na2-3MnSiCO7,Na2MnSiCO7,Na3MnSiCO7,3.170831431551722,97.10704343897868,307.91006556137205,0.035664476688423,0.021623773910588,0.372087817991482,110.0,39.0,False,False
110,Na2-3FeBAsO7,Na2FeBAsO7,Na3FeBAsO7,3.612905546551719,83.09436392113066,300.21208829784,0.0252830495528,0.055858720148803,0.3598044391562822,113.5,36.25,False,False
112,Na0-0.67V2O5,V2O5,Na2V6O15,3.211569766551733,90.60377285915408,290.98033764997973,0.082652397052103,0.044422464565206,0.359470267442519,116.0,39.0,False,False
113,Na0-3Ti2(PO4)3,Ti2(PO4)3,Na3Ti2(PO4)3,2.3060194632183992,178.82858745608107,412.38220325357656,0.117365215997587,0.057148416293324,0.357956275465185,116.0,38.0,False,False
115,Na0-1Fe(PO3)3,Fe(PO3)3,NaFe(PO3)3,3.273735689051709,84.88179104995677,277.8805487108734,0.081538243017999,0.015117229102563,0.3614825816750412,118.5,38.0,False,False
116,Na4-6V2P(CO4)4,Na4V2P(CO4)4,Na6V2P(CO4)4,3.034058029051725,93.25034344511644,282.9269532414864,0.005278998121273,0.081031801959889,0.357118531088075,121.0,41.25,False,False
117,Na4-6Cr2P(CO4)4,Na4Cr2P(CO4)4,Na6Cr2P(CO4)4,2.998660504051716,92.9094338496565,278.6038497387706,0.021816126497108,0.063655591954731,0.3544650737714641,122.0,39.0,False,False
118,Na2-3CuAsCO7,Na2CuAsCO7,Na3CuAsCO7,3.3144571365517272,80.8629181072805,268.01667600307377,0.014917513048771,0.009780300000002,0.3463003081808675,123.0,35.0,False,False
119,Na2-2.5MnPCO7,Na2MnPCO7,Na5Mn2P2(CO7)2,3.155611796551742,50.116323516569366,158.1476616886898,0.01297905857535,0.009036275000001,0.3536133589055784,123.0,44.25,False,False
120,Na1-2BiPCO7,NaBiPCO7,Na2BiPCO7,4.461097456551716,65.37900188552294,291.66209902339625,0.033568701024982,0.069386899545459,0.3493482609451633,124.0,33.0,False,False
121,Na4-6Mn2As(CO4)4,Na4Mn2As(CO4)4,Na6Mn2As(CO4)4,3.933984291551727,85.52260728219764,336.4445936207129,0.022071970096255,0.093927724608407,0.3449038725288311,122.0,39.25,False,False
123,Na0-1V2O5,V2O5,NaV2O5,2.995272471551725,130.82203996985868,391.8476549939573,0.0476625704965,0.049967163125,0.3436927650736397,124.0,40.0,False,False
124,Na4-5NiO4,Na4NiO4,Na5NiO4,2.723290241551726,112.781932623585,307.1379365371534,0.046715089045179,0.098722963634259,0.3415464694683405,128.0,40.25,False,False
125,Na2-3MnBAsO7,Na2MnBAsO7,Na3MnBAsO7,3.503137209051718,83.3286750888558,291.9117822847518,0.026737093069887,0.055802305694511,0.3456311327713673,128.5,39.0,False,False
126,Na1-2NdPCO7,NaNdPCO7,Na2NdPCO7,4.186945046551717,77.64003867269946,325.07457533474275,0.047037429772558,0.095124963181815,0.3344565054180877,130.5,42.25,False,False
129,Na2-3VBPO7,Na2VBPO7,Na3VBPO7,2.967536531551719,97.92592715302656,290.59876621267875,0.030335772820358,0.085130277202384,0.3331092162182828,132.0,44.25,False,False
131,Na1-2V3P2O13,NaV3P2O13,Na2V3P2O13,3.6936536090517262,57.17725394145005,211.192970376504,0.033418554319772,0.0,0.3352546704157488,133.0,45.25,False,False
133,Na1-2VCSO7,NaVCSO7,Na2VCSO7,2.888922099051729,105.93783238792088,306.0461451111027,0.010953070322631,0.08290958784091,0.3332985666687113,133.0,43.0,False,False
134,Na2-3CoSiCO7,Na2CoSiCO7,Na3CoSiCO7,3.220914926551717,95.72145479112967,308.31066252799496,0.03515954267775,0.073240028217592,0.327627675398309,133.5,38.25,False,False
135,Na0-1Mn(GeO3)2,Mn(GeO3)2,NaMn(GeO3)2,3.954146031551719,83.96343139083412,332.0036690295318,0.084264456293662,0.083475350648149,0.3285253102149825,136.0,42.0,False,False
136,Na0-1Cs2NiF6,Cs2NiF6,Cs2NaNiF6,4.227831216551717,58.07666691669115,245.5383453436632,0.095016872957406,0.028489873999999,0.3328810826383748,134.5,37.25,False,False
138,Na0-1Mo2P3O13,Mo2P3O13,NaMo2P3O13,3.877630971551728,51.96268174858514,201.49210411319945,0.011378340836238,0.012988344861112,0.3292713992114329,137.0,39.0,False,False
139,Na1-3GePCO7,NaGePCO7,Na3GePCO7,2.132724569051728,180.73111040163943,385.4496795455767,0.156629523233187,0.070349762690525,0.3276772786844102,138.5,41.0,False,False
141,Na2-3CuBSO7,Na2CuBSO7,Na3CuBSO7,3.032991951551726,93.25916303902316,282.85429090580743,0.003459685322988,0.08911558653846,0.3277790596454829,140.0,41.0,False,False
142,Na4-6Cr2As(CO4)4,Na4Cr2As(CO4)4,Na6Cr2As(CO4)4,3.036276904051721,86.33307156266021,262.13111124154966,0.020452863259504,0.08492972130658,0.3156763069096399,145.0,39.25,False,False
143,Na2-3MnBSO7,Na2MnBSO7,Na3MnBSO7,2.614881566551734,96.13875669084229,251.39146270208565,0.003142155096983,0.093666022811982,0.3191796751571897,143.0,42.0,False,False
144,Na4-6Fe2As(CO4)4,Na4Fe2As(CO4)4,Na6Fe2As(CO4)4,3.526058554051719,85.27581376409721,300.6875125766163,0.049167155579004,0.078466203572528,0.3115931930808647,144.5,36.25,False,False
145,Na4-6V2C4SO16,Na4V2C4SO16,Na6V2C4SO16,2.300817919051727,93.07365510151392,214.14553344920347,0.023353186019034,0.0,0.3173341160103579,144.0,41.5,False,False
146,Na0-1Mo2P2O9,Mo2P2O9,NaMo2P2O9,3.610831509051724,63.68993265960454,229.9736156566825,0.026038391000006,0.030411525576893,0.3231042803832585,144.5,40.5,False,False
148,Na2-2.5MnPCO7,Na2MnPCO7,Na5Mn2P2(CO7)2,3.099622796551703,50.116323516569366,155.34169885131865,0.019715041193803,0.010254088333333,0.317819701650502,147.0,44.0,False,False
150,Na2-3VBAsO7,Na2VBAsO7,Na3VBAsO7,2.894381646551725,84.37711870527087,244.21958376945227,0.031270444906714,0.082882653769846,0.3069764960972755,153.0,43.25,False,False
151,Na0-0.25CrO2,CrO2,NaCr4O8,3.597391406551725,74.66230670076601,268.589540518665,0.009579722151321,0.066267404999983,0.305114238955889,152.0,42.25,False,False
152,Na0-9Mn21O40,Mn21O40,Na9Mn21O40,3.038901614329503,120.57152648054058,366.4050064638872,0.138812404363838,0.04366786043033,0.305351844557393,150.0,43.0,False,False
153,Na0-1V(GeO3)2,V(GeO3)2,NaV(GeO3)2,3.156789026551724,85.02801091922686,268.4154918193356,0.031406061982007,0.046880893703709,0.3079703172984615,151.0,44.0,False,False
156,Na0-1CrS2,CrS2,NaCrS2,2.159152006551721,192.65581478285748,415.97318906226354,0.27648736328646,0.005463292499999,0.3012232131097798,153.5,44.0,False,False
157,Na0-1V(SiO3)2,V(SiO3)2,NaV(SiO3)2,3.032066876551727,118.538871682491,359.4177864122965,0.051879685586197,0.067616735277782,0.3001344441588693,156.0,41.25,False,False
162,Na2-3Ni2O5,Na2Ni2O5,Na3Ni2O5,2.769066956551715,100.62387243276962,278.6342401938574,0.038113658591991,0.062768743333333,0.2951745541200639,161.0,39.25,False,False
164,Na0-1Li2MnPCO7,Li2MnPCO7,NaLi2MnPCO7,3.167487786551721,108.60031954832657,343.99018578493855,0.092688066942138,0.041073223333337,0.2990861724167521,160.0,43.25,True,False
165,Na0.33-0.67FePO4,NaFe3(PO4)3,Na2Fe3(PO4)3,3.751246721551734,53.771954146942406,201.71186670514783,0.039539820351895,0.055010509824554,0.2946024783503762,162.0,44.0,False,False
167,Na1-3SiSbCO7,NaSiSbCO7,Na3SiSbCO7,2.374212109051729,156.3583157314863,371.22780656062827,0.057291828872825,0.059494251818184,0.2836448495911745,163.0,39.25,False,False
168,Na2-3BiBPO7,Na2BiBPO7,Na3BiBPO7,3.637906706551721,62.079226354215486,225.83843389154288,0.018314198234093,0.075517408368057,0.2844524253503714,164.0,34.25,False,False
170,Na2-3SiBiCO7,Na2SiBiCO7,Na3SiBiCO7,3.485697316551711,62.322980903367565,217.23904729437183,0.029621441716033,0.034626122630215,0.2800324341156372,168.0,36.5,False,False
172,Na1-2CrCSO7,NaCrCSO7,Na2CrCSO7,2.496419471551721,105.49806345893565,263.3674198298861,0.092116369185271,0.053633645796243,0.278357732733444,172.0,41.0,False,False
173,Na0-1Li2FePCO7,Li2FePCO7,NaLi2FePCO7,2.718130116551723,108.20267407673184,294.10894709939527,0.064624382143413,0.024255417884617,0.2777653731698454,173.0,43.0,True,False
174,Na2-6Bi2C4SO16,Na2Bi2C4SO16,Na6Bi2C4SO16,2.808920395301722,120.1863353633842,337.5938486387825,0.070359732921207,0.091845204371407,0.2789629371899226,173.0,39.25,True,False
176,Na0-1Mo2(PO4)3,Mo2(PO4)3,NaMo2(PO4)3,3.008921911551742,53.626144306619445,161.35688063622294,0.016526202005504,0.007146244722207,0.2666757743645088,177.0,45.0,False,False
177,Na0-1Ni3O4,Ni3O4,NaNi3O4,2.864911666551723,101.88059751613596,291.8789124192384,0.091634816110641,0.041206718571428,0.2636788978611114,177.5,32.25,False,False
178,Na0-2UCl6,UCl6,Na2UCl6,2.665663758218389,107.9124384178086,287.65827615132616,0.013062500944383,0.0,0.2485020168866728,179.0,35.25,False,False
179,Na1-3SnPCO7,NaSnPCO7,Na3SnPCO7,2.060048156551726,156.43211808080224,322.25769647783864,0.20770293100099,0.051697199535256,0.2681043152636398,178.0,38.0,False,False
180,Na0-0.5VO2,VO2,NaV2O4,2.492623141551722,141.90410728551464,353.7134617011121,0.076111315120118,0.059391077499999,0.2639276886496979,180.0,38.25,False,False
181,Na0-1Li2FePCO7,Li2FePCO7,NaLi2FePCO7,2.720517889051724,108.20267407673184,294.3673104689822,0.056042515989659,0.025701401538463,0.276024801559781,181.0,41.0,True,False
182,Na4-6Bi2B4SO16,Na4Bi2B4SO16,Na6Bi2B4SO16,3.7826880740517232,60.418207670445774,228.5432336105756,0.016052765222992,0.068665403888894,0.2586091783168335,180.0,40.0,False,False
184,Na2-3BiBAsO7,Na2BiBAsO7,Na3BiBAsO7,3.620408901551716,56.34373477279911,203.98735891811089,0.030114456553893,0.068633205382657,0.2526012083304301,184.0,35.0,False,False
185,Na5-7Cu7O13,Na5Cu7O13,Na7Cu7O13,2.982477596551721,65.87213608018642,196.4621700961623,0.003138525317457,0.087049047249998,0.2613610221421996,185.0,38.0,False,False
186,Na0-0.5Cu3O4,Cu3O4,Na(Cu3O4)2,3.938330566551716,50.35402310565584,198.3107883458557,0.049479517596053,0.066328173035714,0.2649274986677101,186.0,35.25,False,False
187,Na4-6Sn2C4SO16,Na4Sn2C4SO16,Na6Sn2C4SO16,2.800981544051726,75.34253816866574,211.0330588924455,0.040314917004253,0.067277986477622,0.2510321720641432,187.0,37.0,False,False
188,Na4-6Cr2C4SO16,Na4Cr2C4SO16,Na6Cr2C4SO16,2.085979849051714,92.73403382297106,193.44132587599773,0.039852922375281,0.015969924653212,0.2496907036751513,189.0,39.0,False,False
189,Na1-3SnAsCO7,NaSnAsCO7,Na3SnAsCO7,2.203955641551719,138.64959957754283,305.57756718781235,0.080478990060486,0.079585738397435,0.2477559547453146,192.0,40.25,False,False
190,Na1-2CePCO7,NaCePCO7,Na2CePCO7,2.552144956551718,78.57925159556763,200.54564064923645,0.036822650451961,0.029361832784099,0.2418698068445238,193.0,35.0,False,False
191,Na2-4Mg(NiO2)5,Na2Mg(NiO2)5,Na4Mg(NiO2)5,2.725941631551723,94.08566419736076,256.4720289677812,0.053423928558871,0.070518095500005,0.2384307769096764,195.0,32.0,False,False
195,Na0-1Cs2MnF6,Cs2MnF6,Cs2NaMnF6,3.040560616551719,58.55314630968972,178.0343906444332,0.088332356025818,0.046311406000014,0.24288083800872,195.0,33.0,False,False
199,Na1-3BiAsCO7,NaBiAsCO7,Na3BiAsCO7,2.6098949865517262,112.40397730714368,293.3625768423883,0.047165357845285,0.09652927391025,0.2464309058209956,197.0,34.0,True,False
200,Na0-1CaFe2(SiO3)4,CaFe2(SiO3)4,NaCaFe2(SiO3)4,2.733554456551705,55.94217665626135,152.920986307926,0.027761134450751,0.028742488728063,0.2348751524531209,199.0,37.25,False,False
202,Na0-1Ni5O6,Ni5O6,NaNi5O6,2.954215496551715,64.98066481620197,191.96688697625663,0.043142291111803,0.040714679545455,0.2311803296942876,201.0,29.0,False,False
203,Na0-1Rb2SbCl6,Rb2SbCl6,Rb2NaSbCl6,3.043628696551717,50.72163181299064,154.37781412194886,0.107720256273356,0.0,0.2317282304673685,202.0,32.5,False,False
205,Na0-1Li5Fe2P2(CO7)2,Li5Fe2P2(CO7)2,NaLi5Fe2P2(CO7)2,3.028983551551708,55.91268240472394,169.35859532704342,0.03134601880846,0.044425347549998,0.2350286162183811,203.0,31.25,True,False
206,Na0-1Li5Mn2P2(CO7)2,Li5Mn2P2(CO7)2,NaLi5Mn2P2(CO7)2,3.088264391551721,56.12506755320178,173.32904759798797,0.035777899977193,0.053396195512824,0.2320741690716703,205.0,34.25,True,False
208,Na0-2V6O13,V6O13,Na2V6O13,2.545130256551719,95.78444578136504,243.78389106518983,0.075981364750489,0.040702089444453,0.2151305461947868,208.0,32.0,False,False
212,Na4-6Bi2P(CO4)4,Na4Bi2P(CO4)4,Na6Bi2P(CO4)4,2.648505494051722,60.166773561902986,159.35203033806596,0.035200926799759,0.077907932852013,0.2141787201083865,209.0,34.0,False,False
220,Na0-1Rb2VCl6,Rb2VCl6,Rb2NaVCl6,2.675843536551728,58.57160702786228,156.72845609095305,0.045793295700656,0.0,0.1948379610440271,217.0,28.0,False,False
225,Na0-0.67NbS2,NbS2,Na2(NbS2)3,2.107033556551725,103.66299730251782,218.421413889136,0.180113004128266,0.003163039999998,0.1881050019425685,222.0,25.0,True,False
226,Na2-3SiBiBO7,Na2SiBiBO7,Na3SiBiBO7,3.4957848715517232,62.49733154724774,218.4772261352209,0.008031644945139,0.085011077499999,0.1976755963867405,222.0,27.0,False,False
228,Na4-6Bi2As(CO4)4,Na4Bi2As(CO4)4,Na6Bi2As(CO4)4,2.711236846551731,57.3383115695079,155.45774304631323,0.047897787208361,0.096437781673856,0.1943129591562285,224.0,31.0,False,False
236,Na0-0.75WO3,WO3,Na3(WO3)4,2.076462611551727,80.70125394527919,167.57313652271353,0.108601232685251,0.022406434824603,0.1646823272858966,235.0,26.0,False,False
238,Na0-1K2MoCl6,K2MoCl6,K2NaMoCl6,2.331529446551723,65.39428903817266,152.4687105288141,0.105981700752469,0.034184043499999,0.1688118241212381,236.0,26.25,False,False
240,Na4-6B4Sb2SO16,Na4B4Sb2SO16,Na6B4Sb2SO16,2.051491209051722,75.20499399728025,154.28238406220797,0.051113367705172,0.072689870129321,0.1566585277378092,240.0,25.25,False,False
250,Na0-1MgMn4O8,MgMn4O8,NaMgMn4O8,2.445934506551726,67.84461150338517,165.94347635972596,0.064200922216424,0.082000688392857,0.1272812633624847,253.0,19.0,False,False
