protocol,split_name,fold_id,heldout_group,status,error,n_train,n_test,n_features,elapsed_seconds,timestamp_utc,imputer_fit_scope,x_scaler_fit_scope,y_scaler_fit_scope,outer_test_used_for_fit_or_early_stopping,pass
P1,random_split,0,random_0,OK,,2560,641,73,8.639065027236938,2026-07-11T16:29:52.524124+00:00,inner_fit_subset_of_outer_train_only,inner_fit_subset_of_outer_train_only,inner_fit_subset_of_outer_train_only,False,True
P1,random_split,1,random_1,OK,,2560,641,73,11.373338222503662,2026-07-11T16:30:03.897461+00:00,inner_fit_subset_of_outer_train_only,inner_fit_subset_of_outer_train_only,inner_fit_subset_of_outer_train_only,False,True
P1,random_split,2,random_2,OK,,2560,641,73,5.842846393585205,2026-07-11T16:30:09.744434+00:00,inner_fit_subset_of_outer_train_only,inner_fit_subset_of_outer_train_only,inner_fit_subset_of_outer_train_only,False,True
P1,random_split,3,random_3,OK,,2560,641,73,10.83151912689209,2026-07-11T16:30:20.591578+00:00,inner_fit_subset_of_outer_train_only,inner_fit_subset_of_outer_train_only,inner_fit_subset_of_outer_train_only,False,True
P1,random_split,4,random_4,OK,,2560,641,73,7.152031898498535,2026-07-11T16:30:27.759235+00:00,inner_fit_subset_of_outer_train_only,inner_fit_subset_of_outer_train_only,inner_fit_subset_of_outer_train_only,False,True
P1,framework_groupkfold,0,K|AgAsF6|K|Ca9Co(PO4)7|K|CoF3|K|Cr2(PS4)3|K|CrO2|K|CrP2S7|K|Cs2CrF6|K|Cs2NiF6|K|Cu4(PO4)3|K|FeNi(CN)6|K|FeSe|K|Lu(NbCl3)6|K|Mn6P7O24|K|MnPCO7|K|Mo2P3O13|K|MoCl6|K|NaMoF6|K|NbO3|K|Ni3P3O11|K|NiH8(CO5)2,OK,,2560,641,73,6.345748901367188,2026-07-11T16:30:34.104984+00:00,inner_fit_subset_of_outer_train_only,inner_fit_subset_of_outer_train_only,inner_fit_subset_of_outer_train_only,False,True
P1,framework_groupkfold,1,K|C|K|Co2O5|K|CoPCO7|K|CrO3|K|Cs2CoF6|K|Cs2MoCl6|K|Cs2TaCl6|K|FeH4(SO5)2|K|FeSb3|K|LiVF6|K|MgMn4O8|K|Mn4(PO4)3|K|MnF3|K|MnO2|K|MnP2O7|K|Mo9S11|K|NaCrF6|K|NbO2F|K|Ni(PO3)3|K|NiH12(SO7)2,OK,,2561,640,73,5.891591548919678,2026-07-11T16:30:39.996575+00:00,inner_fit_subset_of_outer_train_only,inner_fit_subset_of_outer_train_only,inner_fit_subset_of_outer_train_only,False,True
P1,framework_groupkfold,2,K|BiPCO7|K|CePCO7|K|CoO2|K|CrF6|K|Cs2AgF6|K|Cs2MoBr6|K|Cs2SbCl6|K|FeF3|K|FeH12(SO7)2|K|FePO4F|K|LiSbF6|K|Mn2P2O7F2|K|MnH8(SO6)2|K|Mo3S4|K|Na2NiO2|K|Nb3Se4|K|NdNb4O12|K|NiF6|K|PrNb4O12|K|Rb2MnF6,OK,,2561,640,73,12.229119539260864,2026-07-11T16:30:52.225695+00:00,inner_fit_subset_of_outer_train_only,inner_fit_subset_of_outer_train_only,inner_fit_subset_of_outer_train_only,False,True
P1,framework_groupkfold,3,K|Bi(PO3)4|K|Cd2Cu(SO)2|K|CoH8(CO5)2|K|CrF3|K|CrPO4F|K|CrS2|K|Cs2MnF6|K|Cs2SbBr6|K|Fe11O17|K|FePO4|K|LiNbF6|K|Mn(PO3)3|K|MnH6(S2O9)2|K|Mo2O3|K|Na2FeO3|K|Nb3S4|K|NbSe2|K|Ni4P4O15|K|P(W3O10)4|K|Rb2CuF6,OK,,2561,640,73,12.419918060302734,2026-07-11T16:31:04.649614+00:00,inner_fit_subset_of_outer_train_only,inner_fit_subset_of_outer_train_only,inner_fit_subset_of_outer_train_only,False,True
P1,framework_groupkfold,4,K|AgO|K|Ca9Mn(PO4)7|K|CoF6|K|Cr3O8|K|CrPCO7|K|Cs2CuF6|K|Cs2PdF6|K|CuPCO7|K|FePCO7|K|LiMnF6|K|MgMn2O4|K|MnF6|K|Mo15Se19|K|MoS|K|NaSbF6|K|NbS2|K|Ni4(PO4)3|K|NiPCO7|K|Rb2CrF6|K|RbSb,OK,,2561,640,73,7.523451566696167,2026-07-11T16:31:12.188695+00:00,inner_fit_subset_of_outer_train_only,inner_fit_subset_of_outer_train_only,inner_fit_subset_of_outer_train_only,False,True
P1,leave_family_out,0,polyanion_phosphate_like,OK,,2027,1174,73,6.261868953704834,2026-07-11T16:31:18.454564+00:00,inner_fit_subset_of_outer_train_only,inner_fit_subset_of_outer_train_only,inner_fit_subset_of_outer_train_only,False,True
P1,leave_family_out,1,transition_metal_oxide_like,OK,,2028,1173,73,8.311359643936157,2026-07-11T16:31:26.781434+00:00,inner_fit_subset_of_outer_train_only,inner_fit_subset_of_outer_train_only,inner_fit_subset_of_outer_train_only,False,True
P1,leave_family_out,2,halide_or_fluoride_like,OK,,2955,246,73,14.24934697151184,2026-07-11T16:31:41.046419+00:00,inner_fit_subset_of_outer_train_only,inner_fit_subset_of_outer_train_only,inner_fit_subset_of_outer_train_only,False,True
P1,leave_family_out,3,oxyfluoride_or_fluoropolyanion_like,OK,,2980,221,73,10.73560881614685,2026-07-11T16:31:51.782028+00:00,inner_fit_subset_of_outer_train_only,inner_fit_subset_of_outer_train_only,inner_fit_subset_of_outer_train_only,False,True
P1,leave_family_out,4,silicate_like,OK,,3070,131,73,10.368874073028564,2026-07-11T16:32:02.150902+00:00,inner_fit_subset_of_outer_train_only,inner_fit_subset_of_outer_train_only,inner_fit_subset_of_outer_train_only,False,True
P1,leave_family_out,5,sulfate_or_sulfur_oxoanion_like,OK,,3095,106,73,7.723727703094482,2026-07-11T16:32:09.874629+00:00,inner_fit_subset_of_outer_train_only,inner_fit_subset_of_outer_train_only,inner_fit_subset_of_outer_train_only,False,True
P1,leave_family_out,6,other_or_unclear,OK,,3138,63,73,14.14427137374878,2026-07-11T16:32:24.026913+00:00,inner_fit_subset_of_outer_train_only,inner_fit_subset_of_outer_train_only,inner_fit_subset_of_outer_train_only,False,True
P1,leave_family_out,7,sulfide_like,OK,,3146,55,73,12.844158172607422,2026-07-11T16:32:36.871071+00:00,inner_fit_subset_of_outer_train_only,inner_fit_subset_of_outer_train_only,inner_fit_subset_of_outer_train_only,False,True
P1,leave_family_out,8,oxide_like_other,OK,,3179,22,73,9.20133376121521,2026-07-11T16:32:46.072405+00:00,inner_fit_subset_of_outer_train_only,inner_fit_subset_of_outer_train_only,inner_fit_subset_of_outer_train_only,False,True
P1,leave_family_out,9,organic_or_carbon_like,OK,,3191,10,73,6.78270149230957,2026-07-11T16:32:52.855107+00:00,inner_fit_subset_of_outer_train_only,inner_fit_subset_of_outer_train_only,inner_fit_subset_of_outer_train_only,False,True
P1,leave_chemical_system_out,0,F-O-V,OK,,3048,153,73,9.812017917633057,2026-07-11T16:33:02.667125+00:00,inner_fit_subset_of_outer_train_only,inner_fit_subset_of_outer_train_only,inner_fit_subset_of_outer_train_only,False,True
P1,leave_chemical_system_out,1,Mn-O-P,OK,,3083,118,73,14.559450626373293,2026-07-11T16:33:17.242198+00:00,inner_fit_subset_of_outer_train_only,inner_fit_subset_of_outer_train_only,inner_fit_subset_of_outer_train_only,False,True
P1,leave_chemical_system_out,2,Fe-O-P,OK,,3099,102,73,10.044818639755247,2026-07-11T16:33:27.288100+00:00,inner_fit_subset_of_outer_train_only,inner_fit_subset_of_outer_train_only,inner_fit_subset_of_outer_train_only,False,True
P1,leave_chemical_system_out,3,Cr-O-P,OK,,3117,84,73,14.607940673828123,2026-07-11T16:33:41.900308+00:00,inner_fit_subset_of_outer_train_only,inner_fit_subset_of_outer_train_only,inner_fit_subset_of_outer_train_only,False,True
P1,leave_chemical_system_out,4,O-P-V,OK,,3119,82,73,8.965274095535278,2026-07-11T16:33:50.870590+00:00,inner_fit_subset_of_outer_train_only,inner_fit_subset_of_outer_train_only,inner_fit_subset_of_outer_train_only,False,True
P1,leave_chemical_system_out,5,Co-O-P,OK,,3125,76,73,7.4345543384552,2026-07-11T16:33:58.305145+00:00,inner_fit_subset_of_outer_train_only,inner_fit_subset_of_outer_train_only,inner_fit_subset_of_outer_train_only,False,True
P1,leave_chemical_system_out,6,Ni-O-P,OK,,3127,74,73,8.581218481063843,2026-07-11T16:34:06.901988+00:00,inner_fit_subset_of_outer_train_only,inner_fit_subset_of_outer_train_only,inner_fit_subset_of_outer_train_only,False,True
P1,leave_chemical_system_out,7,F-V,OK,,3135,66,73,10.388527631759644,2026-07-11T16:34:17.306139+00:00,inner_fit_subset_of_outer_train_only,inner_fit_subset_of_outer_train_only,inner_fit_subset_of_outer_train_only,False,True
P1,leave_chemical_system_out,8,Mo-O-P,OK,,3140,61,73,13.801437854766846,2026-07-11T16:34:31.107577+00:00,inner_fit_subset_of_outer_train_only,inner_fit_subset_of_outer_train_only,inner_fit_subset_of_outer_train_only,False,True
P1,leave_chemical_system_out,9,Mn-O,OK,,3151,50,73,11.260979175567629,2026-07-11T16:34:42.368556+00:00,inner_fit_subset_of_outer_train_only,inner_fit_subset_of_outer_train_only,inner_fit_subset_of_outer_train_only,False,True
P1,leave_chemical_system_out,10,O-V,OK,,3152,49,73,13.360286712646484,2026-07-11T16:34:55.728843+00:00,inner_fit_subset_of_outer_train_only,inner_fit_subset_of_outer_train_only,inner_fit_subset_of_outer_train_only,False,True
P1,leave_chemical_system_out,11,F-Mn,OK,,3158,43,73,13.8739914894104,2026-07-11T16:35:09.602834+00:00,inner_fit_subset_of_outer_train_only,inner_fit_subset_of_outer_train_only,inner_fit_subset_of_outer_train_only,False,True
P1,leave_chemical_system_out,12,Fe-O,OK,,3161,40,73,14.390713214874268,2026-07-11T16:35:23.995056+00:00,inner_fit_subset_of_outer_train_only,inner_fit_subset_of_outer_train_only,inner_fit_subset_of_outer_train_only,False,True
P1,leave_chemical_system_out,13,B-Mn-O,OK,,3162,39,73,10.174133062362673,2026-07-11T16:35:34.184817+00:00,inner_fit_subset_of_outer_train_only,inner_fit_subset_of_outer_train_only,inner_fit_subset_of_outer_train_only,False,True
P1,leave_chemical_system_out,14,Cu-O-P,OK,,3162,39,73,6.036929130554199,2026-07-11T16:35:40.225747+00:00,inner_fit_subset_of_outer_train_only,inner_fit_subset_of_outer_train_only,inner_fit_subset_of_outer_train_only,False,True
P1,leave_chemical_system_out,15,O-Ti,OK,,3167,34,73,14.716086387634276,2026-07-11T16:35:54.945831+00:00,inner_fit_subset_of_outer_train_only,inner_fit_subset_of_outer_train_only,inner_fit_subset_of_outer_train_only,False,True
P1,leave_chemical_system_out,16,Ni-O,OK,,3167,34,73,10.563608169555664,2026-07-11T16:36:05.509440+00:00,inner_fit_subset_of_outer_train_only,inner_fit_subset_of_outer_train_only,inner_fit_subset_of_outer_train_only,False,True
P1,leave_chemical_system_out,17,F-Fe-O,OK,,3170,31,73,6.869774341583252,2026-07-11T16:36:12.394843+00:00,inner_fit_subset_of_outer_train_only,inner_fit_subset_of_outer_train_only,inner_fit_subset_of_outer_train_only,False,True
P1,leave_chemical_system_out,18,Co-O,OK,,3170,31,73,8.57279896736145,2026-07-11T16:36:20.967642+00:00,inner_fit_subset_of_outer_train_only,inner_fit_subset_of_outer_train_only,inner_fit_subset_of_outer_train_only,False,True
P1,leave_chemical_system_out,19,Cr-O,OK,,3172,29,73,8.100153923034668,2026-07-11T16:36:29.067796+00:00,inner_fit_subset_of_outer_train_only,inner_fit_subset_of_outer_train_only,inner_fit_subset_of_outer_train_only,False,True
P1,leave_chemical_system_out,20,Fe-O-Si,OK,,3173,28,73,13.125141859054564,2026-07-11T16:36:42.208563+00:00,inner_fit_subset_of_outer_train_only,inner_fit_subset_of_outer_train_only,inner_fit_subset_of_outer_train_only,False,True
P1,leave_chemical_system_out,21,F-Mn-O,OK,,3173,28,73,14.255381107330322,2026-07-11T16:36:56.463944+00:00,inner_fit_subset_of_outer_train_only,inner_fit_subset_of_outer_train_only,inner_fit_subset_of_outer_train_only,False,True
P1,leave_chemical_system_out,22,O-P-Sb,OK,,3173,28,73,13.052868843078612,2026-07-11T16:37:09.516813+00:00,inner_fit_subset_of_outer_train_only,inner_fit_subset_of_outer_train_only,inner_fit_subset_of_outer_train_only,False,True
P1,leave_chemical_system_out,23,O-P-Sn,OK,,3173,28,73,10.853395938873293,2026-07-11T16:37:20.370209+00:00,inner_fit_subset_of_outer_train_only,inner_fit_subset_of_outer_train_only,inner_fit_subset_of_outer_train_only,False,True
P1,leave_chemical_system_out,24,Co-Mn-O,OK,,3174,27,73,6.453304767608643,2026-07-11T16:37:26.823513+00:00,inner_fit_subset_of_outer_train_only,inner_fit_subset_of_outer_train_only,inner_fit_subset_of_outer_train_only,False,True
P1,leave_chemical_system_out,25,Bi-O-P,OK,,3175,26,73,12.288980960845947,2026-07-11T16:37:39.125504+00:00,inner_fit_subset_of_outer_train_only,inner_fit_subset_of_outer_train_only,inner_fit_subset_of_outer_train_only,False,True
P1,leave_chemical_system_out,26,O-P-W,OK,,3176,25,73,14.249622583389282,2026-07-11T16:37:53.375126+00:00,inner_fit_subset_of_outer_train_only,inner_fit_subset_of_outer_train_only,inner_fit_subset_of_outer_train_only,False,True
P1,leave_chemical_system_out,27,Cr-Mn-O,OK,,3177,24,73,12.133289337158203,2026-07-11T16:38:05.508416+00:00,inner_fit_subset_of_outer_train_only,inner_fit_subset_of_outer_train_only,inner_fit_subset_of_outer_train_only,False,True
P1,leave_chemical_system_out,28,Co-Fe-O,OK,,3180,21,73,11.411076545715332,2026-07-11T16:38:16.935127+00:00,inner_fit_subset_of_outer_train_only,inner_fit_subset_of_outer_train_only,inner_fit_subset_of_outer_train_only,False,True
P1,leave_chemical_system_out,29,O-P-Ti,OK,,3181,20,73,12.170354843139648,2026-07-11T16:38:29.105482+00:00,inner_fit_subset_of_outer_train_only,inner_fit_subset_of_outer_train_only,inner_fit_subset_of_outer_train_only,False,True
P1,leave_chemical_system_out,30,Cr-O-V,OK,,3182,19,73,14.443883657455444,2026-07-11T16:38:43.549366+00:00,inner_fit_subset_of_outer_train_only,inner_fit_subset_of_outer_train_only,inner_fit_subset_of_outer_train_only,False,True
P1,leave_chemical_system_out,31,Cu-O,OK,,3182,19,73,13.438244342803957,2026-07-11T16:38:56.987610+00:00,inner_fit_subset_of_outer_train_only,inner_fit_subset_of_outer_train_only,inner_fit_subset_of_outer_train_only,False,True
P1,leave_chemical_system_out,32,O-Ti-V,OK,,3182,19,73,9.41237187385559,2026-07-11T16:39:06.408991+00:00,inner_fit_subset_of_outer_train_only,inner_fit_subset_of_outer_train_only,inner_fit_subset_of_outer_train_only,False,True
P1,leave_chemical_system_out,33,Co-Ni-O,OK,,3182,19,73,12.237659215927124,2026-07-11T16:39:18.646651+00:00,inner_fit_subset_of_outer_train_only,inner_fit_subset_of_outer_train_only,inner_fit_subset_of_outer_train_only,False,True
P1,leave_chemical_system_out,34,Fe-Mn-O,OK,,3182,19,73,9.197103023529053,2026-07-11T16:39:27.843753+00:00,inner_fit_subset_of_outer_train_only,inner_fit_subset_of_outer_train_only,inner_fit_subset_of_outer_train_only,False,True
P1,leave_chemical_system_out,35,Mn-O-V,OK,,3183,18,73,11.667936325073242,2026-07-11T16:39:39.511690+00:00,inner_fit_subset_of_outer_train_only,inner_fit_subset_of_outer_train_only,inner_fit_subset_of_outer_train_only,False,True
P1,leave_chemical_system_out,36,Mn-O-Si,OK,,3184,17,73,7.301005840301514,2026-07-11T16:39:46.828319+00:00,inner_fit_subset_of_outer_train_only,inner_fit_subset_of_outer_train_only,inner_fit_subset_of_outer_train_only,False,True
P1,leave_chemical_system_out,37,Mn-O-Ti,OK,,3184,17,73,13.811378479003906,2026-07-11T16:40:00.655322+00:00,inner_fit_subset_of_outer_train_only,inner_fit_subset_of_outer_train_only,inner_fit_subset_of_outer_train_only,False,True
P1,leave_chemical_system_out,38,Co-O-Si,OK,,3184,17,73,10.567191123962402,2026-07-11T16:40:11.222513+00:00,inner_fit_subset_of_outer_train_only,inner_fit_subset_of_outer_train_only,inner_fit_subset_of_outer_train_only,False,True
P1,leave_chemical_system_out,39,Cr-Fe-O,OK,,3184,17,73,8.684484720230103,2026-07-11T16:40:19.906998+00:00,inner_fit_subset_of_outer_train_only,inner_fit_subset_of_outer_train_only,inner_fit_subset_of_outer_train_only,False,True
P1,leave_chemical_system_out,40,Fe-Mn-O-P,OK,,3184,17,73,8.950193405151367,2026-07-11T16:40:28.857191+00:00,inner_fit_subset_of_outer_train_only,inner_fit_subset_of_outer_train_only,inner_fit_subset_of_outer_train_only,False,True
P1,leave_chemical_system_out,41,Mn-Ni-O,OK,,3185,16,73,12.226230382919312,2026-07-11T16:40:41.083421+00:00,inner_fit_subset_of_outer_train_only,inner_fit_subset_of_outer_train_only,inner_fit_subset_of_outer_train_only,False,True
P1,leave_chemical_system_out,42,O-Si-V,OK,,3185,16,73,13.442938804626465,2026-07-11T16:40:54.526360+00:00,inner_fit_subset_of_outer_train_only,inner_fit_subset_of_outer_train_only,inner_fit_subset_of_outer_train_only,False,True
P1,leave_chemical_system_out,43,C-Fe-O-P,OK,,3186,15,73,8.529653310775757,2026-07-11T16:41:03.064546+00:00,inner_fit_subset_of_outer_train_only,inner_fit_subset_of_outer_train_only,inner_fit_subset_of_outer_train_only,False,True
P1,leave_chemical_system_out,44,Fe-O-V,OK,,3186,15,73,11.290852785110474,2026-07-11T16:41:14.371024+00:00,inner_fit_subset_of_outer_train_only,inner_fit_subset_of_outer_train_only,inner_fit_subset_of_outer_train_only,False,True
P1,leave_chemical_system_out,45,Co-Cr-O,OK,,3186,15,73,14.204281091690063,2026-07-11T16:41:28.575306+00:00,inner_fit_subset_of_outer_train_only,inner_fit_subset_of_outer_train_only,inner_fit_subset_of_outer_train_only,False,True
P1,leave_chemical_system_out,46,Co-Fe-Mn-O-P,OK,,3186,15,73,14.370930910110474,2026-07-11T16:41:42.946237+00:00,inner_fit_subset_of_outer_train_only,inner_fit_subset_of_outer_train_only,inner_fit_subset_of_outer_train_only,False,True
P1,leave_chemical_system_out,47,C-Mn-O-P,OK,,3187,14,73,14.478944778442385,2026-07-11T16:41:57.425181+00:00,inner_fit_subset_of_outer_train_only,inner_fit_subset_of_outer_train_only,inner_fit_subset_of_outer_train_only,False,True
P1,leave_chemical_system_out,48,Mn-O-P-V,OK,,3188,13,73,9.38546347618103,2026-07-11T16:42:06.810645+00:00,inner_fit_subset_of_outer_train_only,inner_fit_subset_of_outer_train_only,inner_fit_subset_of_outer_train_only,False,True
P1,leave_chemical_system_out,49,Co-O-V,OK,,3188,13,73,12.527008771896362,2026-07-11T16:42:19.337653+00:00,inner_fit_subset_of_outer_train_only,inner_fit_subset_of_outer_train_only,inner_fit_subset_of_outer_train_only,False,True
P1,leave_chemical_system_out,50,C-Fe-O,OK,,3189,12,73,10.0793616771698,2026-07-11T16:42:29.417015+00:00,inner_fit_subset_of_outer_train_only,inner_fit_subset_of_outer_train_only,inner_fit_subset_of_outer_train_only,False,True
P1,leave_chemical_system_out,51,C-O-V,OK,,3189,12,73,9.737146615982056,2026-07-11T16:42:39.154162+00:00,inner_fit_subset_of_outer_train_only,inner_fit_subset_of_outer_train_only,inner_fit_subset_of_outer_train_only,False,True
P1,leave_chemical_system_out,52,Fe-Ni-O,OK,,3189,12,73,9.386094808578491,2026-07-11T16:42:48.540257+00:00,inner_fit_subset_of_outer_train_only,inner_fit_subset_of_outer_train_only,inner_fit_subset_of_outer_train_only,False,True
P1,leave_chemical_system_out,53,Fe-O-Ti,OK,,3190,11,73,13.50734257698059,2026-07-11T16:43:02.058639+00:00,inner_fit_subset_of_outer_train_only,inner_fit_subset_of_outer_train_only,inner_fit_subset_of_outer_train_only,False,True
P1,leave_chemical_system_out,54,O-W,OK,,3190,11,73,13.610267639160156,2026-07-11T16:43:15.684533+00:00,inner_fit_subset_of_outer_train_only,inner_fit_subset_of_outer_train_only,inner_fit_subset_of_outer_train_only,False,True
P1,leave_chemical_system_out,55,Nb-O-P,OK,,3190,11,73,10.563141584396362,2026-07-11T16:43:26.247674+00:00,inner_fit_subset_of_outer_train_only,inner_fit_subset_of_outer_train_only,inner_fit_subset_of_outer_train_only,False,True
P1,leave_chemical_system_out,56,F-Fe,OK,,3191,10,73,14.11541986465454,2026-07-11T16:43:40.363094+00:00,inner_fit_subset_of_outer_train_only,inner_fit_subset_of_outer_train_only,inner_fit_subset_of_outer_train_only,False,True
P1,leave_chemical_system_out,57,Mg-Mn-O,OK,,3191,10,73,7.101035118103027,2026-07-11T16:43:47.479765+00:00,inner_fit_subset_of_outer_train_only,inner_fit_subset_of_outer_train_only,inner_fit_subset_of_outer_train_only,False,True
P1,leave_chemical_system_out,58,B-Fe-O,OK,,3192,9,73,8.826503992080688,2026-07-11T16:43:56.321908+00:00,inner_fit_subset_of_outer_train_only,inner_fit_subset_of_outer_train_only,inner_fit_subset_of_outer_train_only,False,True
P1,leave_chemical_system_out,59,Mn-Ni-O-P,OK,,3192,9,73,12.154706954956056,2026-07-11T16:44:08.476615+00:00,inner_fit_subset_of_outer_train_only,inner_fit_subset_of_outer_train_only,inner_fit_subset_of_outer_train_only,False,True
P1,leave_chemical_system_out,60,C-Co-O,OK,,3193,8,73,8.714115619659424,2026-07-11T16:44:17.206367+00:00,inner_fit_subset_of_outer_train_only,inner_fit_subset_of_outer_train_only,inner_fit_subset_of_outer_train_only,False,True
P1,leave_chemical_system_out,61,C-Cu-O,OK,,3193,8,73,6.80719804763794,2026-07-11T16:44:24.013565+00:00,inner_fit_subset_of_outer_train_only,inner_fit_subset_of_outer_train_only,inner_fit_subset_of_outer_train_only,False,True
P1,leave_chemical_system_out,62,Cr-Ni-O,OK,,3193,8,73,9.592790365219116,2026-07-11T16:44:33.606356+00:00,inner_fit_subset_of_outer_train_only,inner_fit_subset_of_outer_train_only,inner_fit_subset_of_outer_train_only,False,True
P1,leave_chemical_system_out,63,Mo-O,OK,,3193,8,73,8.65443229675293,2026-07-11T16:44:42.260788+00:00,inner_fit_subset_of_outer_train_only,inner_fit_subset_of_outer_train_only,inner_fit_subset_of_outer_train_only,False,True
P1,leave_chemical_system_out,64,Co-Mn-O-P,OK,,3193,8,73,9.06038498878479,2026-07-11T16:44:51.336799+00:00,inner_fit_subset_of_outer_train_only,inner_fit_subset_of_outer_train_only,inner_fit_subset_of_outer_train_only,False,True
P1,leave_chemical_system_out,65,Cr-F,OK,,3193,8,73,5.637139558792114,2026-07-11T16:44:56.973938+00:00,inner_fit_subset_of_outer_train_only,inner_fit_subset_of_outer_train_only,inner_fit_subset_of_outer_train_only,False,True
P1,leave_chemical_system_out,66,C-Fe-Na-O-P,OK,,3194,7,73,8.021158933639526,2026-07-11T16:45:05.010725+00:00,inner_fit_subset_of_outer_train_only,inner_fit_subset_of_outer_train_only,inner_fit_subset_of_outer_train_only,False,True
P1,leave_chemical_system_out,67,Cr-Mn-O-P,OK,,3194,7,73,12.40216302871704,2026-07-11T16:45:17.412888+00:00,inner_fit_subset_of_outer_train_only,inner_fit_subset_of_outer_train_only,inner_fit_subset_of_outer_train_only,False,True
P1,leave_chemical_system_out,68,Cr-O-Si,OK,,3194,7,73,12.525129079818726,2026-07-11T16:45:29.938017+00:00,inner_fit_subset_of_outer_train_only,inner_fit_subset_of_outer_train_only,inner_fit_subset_of_outer_train_only,False,True
P1,leave_chemical_system_out,69,H-Mn-O-S,OK,,3194,7,73,10.863760709762571,2026-07-11T16:45:40.801778+00:00,inner_fit_subset_of_outer_train_only,inner_fit_subset_of_outer_train_only,inner_fit_subset_of_outer_train_only,False,True
P1,leave_chemical_system_out,70,H-O-P-V,OK,,3194,7,73,6.937018632888794,2026-07-11T16:45:47.741808+00:00,inner_fit_subset_of_outer_train_only,inner_fit_subset_of_outer_train_only,inner_fit_subset_of_outer_train_only,False,True
P1,leave_chemical_system_out,71,Mn-O-S,OK,,3194,7,73,14.07860255241394,2026-07-11T16:46:01.820410+00:00,inner_fit_subset_of_outer_train_only,inner_fit_subset_of_outer_train_only,inner_fit_subset_of_outer_train_only,False,True
P1,leave_chemical_system_out,72,S-V,OK,,3194,7,73,12.75008773803711,2026-07-11T16:46:14.570498+00:00,inner_fit_subset_of_outer_train_only,inner_fit_subset_of_outer_train_only,inner_fit_subset_of_outer_train_only,False,True
P1,leave_chemical_system_out,73,Co-O-Ti,OK,,3194,7,73,12.405746936798096,2026-07-11T16:46:26.976245+00:00,inner_fit_subset_of_outer_train_only,inner_fit_subset_of_outer_train_only,inner_fit_subset_of_outer_train_only,False,True
P1,leave_chemical_system_out,74,Mo-Se,OK,,3194,7,73,7.174958944320679,2026-07-11T16:46:34.166828+00:00,inner_fit_subset_of_outer_train_only,inner_fit_subset_of_outer_train_only,inner_fit_subset_of_outer_train_only,False,True
P1,leave_working_ion_out,0,Li,OK,,543,2658,73,2.622159004211426,2026-07-11T16:46:36.804611+00:00,inner_fit_subset_of_outer_train_only,inner_fit_subset_of_outer_train_only,inner_fit_subset_of_outer_train_only,False,True
P1,leave_working_ion_out,1,Na,OK,,2807,394,73,9.511531114578249,2026-07-11T16:46:46.324652+00:00,inner_fit_subset_of_outer_train_only,inner_fit_subset_of_outer_train_only,inner_fit_subset_of_outer_train_only,False,True
P1,leave_working_ion_out,2,K,OK,,3052,149,73,9.044504165649414,2026-07-11T16:46:55.369156+00:00,inner_fit_subset_of_outer_train_only,inner_fit_subset_of_outer_train_only,inner_fit_subset_of_outer_train_only,False,True
P2,random_split,0,random_0,OK,,2560,641,77,8.648684024810791,2026-07-11T16:47:04.017840+00:00,inner_fit_subset_of_outer_train_only,inner_fit_subset_of_outer_train_only,inner_fit_subset_of_outer_train_only,False,True
P2,random_split,1,random_1,OK,,2560,641,77,11.485044479370115,2026-07-11T16:47:15.518510+00:00,inner_fit_subset_of_outer_train_only,inner_fit_subset_of_outer_train_only,inner_fit_subset_of_outer_train_only,False,True
P2,random_split,2,random_2,OK,,2560,641,77,6.6347973346710205,2026-07-11T16:47:22.153308+00:00,inner_fit_subset_of_outer_train_only,inner_fit_subset_of_outer_train_only,inner_fit_subset_of_outer_train_only,False,True
P2,random_split,3,random_3,OK,,2560,641,77,10.516318559646606,2026-07-11T16:47:32.669626+00:00,inner_fit_subset_of_outer_train_only,inner_fit_subset_of_outer_train_only,inner_fit_subset_of_outer_train_only,False,True
P2,random_split,4,random_4,OK,,2560,641,77,7.728854417800903,2026-07-11T16:47:40.414104+00:00,inner_fit_subset_of_outer_train_only,inner_fit_subset_of_outer_train_only,inner_fit_subset_of_outer_train_only,False,True
P2,framework_groupkfold,0,K|AgAsF6|K|Ca9Co(PO4)7|K|CoF3|K|Cr2(PS4)3|K|CrO2|K|CrP2S7|K|Cs2CrF6|K|Cs2NiF6|K|Cu4(PO4)3|K|FeNi(CN)6|K|FeSe|K|Lu(NbCl3)6|K|Mn6P7O24|K|MnPCO7|K|Mo2P3O13|K|MoCl6|K|NaMoF6|K|NbO3|K|Ni3P3O11|K|NiH8(CO5)2,OK,,2560,641,77,7.639810562133789,2026-07-11T16:47:48.053914+00:00,inner_fit_subset_of_outer_train_only,inner_fit_subset_of_outer_train_only,inner_fit_subset_of_outer_train_only,False,True
P2,framework_groupkfold,1,K|C|K|Co2O5|K|CoPCO7|K|CrO3|K|Cs2CoF6|K|Cs2MoCl6|K|Cs2TaCl6|K|FeH4(SO5)2|K|FeSb3|K|LiVF6|K|MgMn4O8|K|Mn4(PO4)3|K|MnF3|K|MnO2|K|MnP2O7|K|Mo9S11|K|NaCrF6|K|NbO2F|K|Ni(PO3)3|K|NiH12(SO7)2,OK,,2561,640,77,6.261918306350708,2026-07-11T16:47:54.320344+00:00,inner_fit_subset_of_outer_train_only,inner_fit_subset_of_outer_train_only,inner_fit_subset_of_outer_train_only,False,True
P2,framework_groupkfold,2,K|BiPCO7|K|CePCO7|K|CoO2|K|CrF6|K|Cs2AgF6|K|Cs2MoBr6|K|Cs2SbCl6|K|FeF3|K|FeH12(SO7)2|K|FePO4F|K|LiSbF6|K|Mn2P2O7F2|K|MnH8(SO6)2|K|Mo3S4|K|Na2NiO2|K|Nb3Se4|K|NdNb4O12|K|NiF6|K|PrNb4O12|K|Rb2MnF6,OK,,2561,640,77,12.158046007156372,2026-07-11T16:48:06.494013+00:00,inner_fit_subset_of_outer_train_only,inner_fit_subset_of_outer_train_only,inner_fit_subset_of_outer_train_only,False,True
P2,framework_groupkfold,3,K|Bi(PO3)4|K|Cd2Cu(SO)2|K|CoH8(CO5)2|K|CrF3|K|CrPO4F|K|CrS2|K|Cs2MnF6|K|Cs2SbBr6|K|Fe11O17|K|FePO4|K|LiNbF6|K|Mn(PO3)3|K|MnH6(S2O9)2|K|Mo2O3|K|Na2FeO3|K|Nb3S4|K|NbSe2|K|Ni4P4O15|K|P(W3O10)4|K|Rb2CuF6,OK,,2561,640,77,11.620912075042725,2026-07-11T16:48:18.130562+00:00,inner_fit_subset_of_outer_train_only,inner_fit_subset_of_outer_train_only,inner_fit_subset_of_outer_train_only,False,True
P2,framework_groupkfold,4,K|AgO|K|Ca9Mn(PO4)7|K|CoF6|K|Cr3O8|K|CrPCO7|K|Cs2CuF6|K|Cs2PdF6|K|CuPCO7|K|FePCO7|K|LiMnF6|K|MgMn2O4|K|MnF6|K|Mo15Se19|K|MoS|K|NaSbF6|K|NbS2|K|Ni4(PO4)3|K|NiPCO7|K|Rb2CrF6|K|RbSb,OK,,2561,640,77,10.285868644714355,2026-07-11T16:48:28.416431+00:00,inner_fit_subset_of_outer_train_only,inner_fit_subset_of_outer_train_only,inner_fit_subset_of_outer_train_only,False,True
P2,leave_family_out,0,polyanion_phosphate_like,OK,,2027,1174,77,7.526500701904297,2026-07-11T16:48:35.942932+00:00,inner_fit_subset_of_outer_train_only,inner_fit_subset_of_outer_train_only,inner_fit_subset_of_outer_train_only,False,True
P2,leave_family_out,1,transition_metal_oxide_like,OK,,2028,1173,77,5.443295240402222,2026-07-11T16:48:41.392754+00:00,inner_fit_subset_of_outer_train_only,inner_fit_subset_of_outer_train_only,inner_fit_subset_of_outer_train_only,False,True
P2,leave_family_out,2,halide_or_fluoride_like,OK,,2955,246,77,14.49375319480896,2026-07-11T16:48:55.902130+00:00,inner_fit_subset_of_outer_train_only,inner_fit_subset_of_outer_train_only,inner_fit_subset_of_outer_train_only,False,True
P2,leave_family_out,3,oxyfluoride_or_fluoropolyanion_like,OK,,2980,221,77,8.761495113372803,2026-07-11T16:49:04.663626+00:00,inner_fit_subset_of_outer_train_only,inner_fit_subset_of_outer_train_only,inner_fit_subset_of_outer_train_only,False,True
P2,leave_family_out,4,silicate_like,OK,,3070,131,77,11.362051725387571,2026-07-11T16:49:16.025677+00:00,inner_fit_subset_of_outer_train_only,inner_fit_subset_of_outer_train_only,inner_fit_subset_of_outer_train_only,False,True
P2,leave_family_out,5,sulfate_or_sulfur_oxoanion_like,OK,,3095,106,77,9.975296258926392,2026-07-11T16:49:26.008983+00:00,inner_fit_subset_of_outer_train_only,inner_fit_subset_of_outer_train_only,inner_fit_subset_of_outer_train_only,False,True
P2,leave_family_out,6,other_or_unclear,OK,,3138,63,77,12.461450099945068,2026-07-11T16:49:38.470434+00:00,inner_fit_subset_of_outer_train_only,inner_fit_subset_of_outer_train_only,inner_fit_subset_of_outer_train_only,False,True
P2,leave_family_out,7,sulfide_like,OK,,3146,55,77,11.269296169281006,2026-07-11T16:49:49.739730+00:00,inner_fit_subset_of_outer_train_only,inner_fit_subset_of_outer_train_only,inner_fit_subset_of_outer_train_only,False,True
P2,leave_family_out,8,oxide_like_other,OK,,3179,22,77,11.414780616760254,2026-07-11T16:50:01.154510+00:00,inner_fit_subset_of_outer_train_only,inner_fit_subset_of_outer_train_only,inner_fit_subset_of_outer_train_only,False,True
P2,leave_family_out,9,organic_or_carbon_like,OK,,3191,10,77,7.535058259963989,2026-07-11T16:50:08.689569+00:00,inner_fit_subset_of_outer_train_only,inner_fit_subset_of_outer_train_only,inner_fit_subset_of_outer_train_only,False,True
P2,leave_chemical_system_out,0,F-O-V,OK,,3048,153,77,9.623081684112549,2026-07-11T16:50:18.312650+00:00,inner_fit_subset_of_outer_train_only,inner_fit_subset_of_outer_train_only,inner_fit_subset_of_outer_train_only,False,True
P2,leave_chemical_system_out,1,Mn-O-P,OK,,3083,118,77,14.540933847427368,2026-07-11T16:50:32.869203+00:00,inner_fit_subset_of_outer_train_only,inner_fit_subset_of_outer_train_only,inner_fit_subset_of_outer_train_only,False,True
P2,leave_chemical_system_out,2,Fe-O-P,OK,,3099,102,77,7.467779636383057,2026-07-11T16:50:40.340994+00:00,inner_fit_subset_of_outer_train_only,inner_fit_subset_of_outer_train_only,inner_fit_subset_of_outer_train_only,False,True
P2,leave_chemical_system_out,3,Cr-O-P,OK,,3117,84,77,13.08479380607605,2026-07-11T16:50:53.425788+00:00,inner_fit_subset_of_outer_train_only,inner_fit_subset_of_outer_train_only,inner_fit_subset_of_outer_train_only,False,True
P2,leave_chemical_system_out,4,O-P-V,OK,,3119,82,77,8.5889253616333,2026-07-11T16:51:02.014713+00:00,inner_fit_subset_of_outer_train_only,inner_fit_subset_of_outer_train_only,inner_fit_subset_of_outer_train_only,False,True
P2,leave_chemical_system_out,5,Co-O-P,OK,,3125,76,77,7.069575309753418,2026-07-11T16:51:09.084289+00:00,inner_fit_subset_of_outer_train_only,inner_fit_subset_of_outer_train_only,inner_fit_subset_of_outer_train_only,False,True
P2,leave_chemical_system_out,6,Ni-O-P,OK,,3127,74,77,7.470472812652588,2026-07-11T16:51:16.554762+00:00,inner_fit_subset_of_outer_train_only,inner_fit_subset_of_outer_train_only,inner_fit_subset_of_outer_train_only,False,True
P2,leave_chemical_system_out,7,F-V,OK,,3135,66,77,9.61871337890625,2026-07-11T16:51:26.182493+00:00,inner_fit_subset_of_outer_train_only,inner_fit_subset_of_outer_train_only,inner_fit_subset_of_outer_train_only,False,True
P2,leave_chemical_system_out,8,Mo-O-P,OK,,3140,61,77,12.14247226715088,2026-07-11T16:51:38.324965+00:00,inner_fit_subset_of_outer_train_only,inner_fit_subset_of_outer_train_only,inner_fit_subset_of_outer_train_only,False,True
P2,leave_chemical_system_out,9,Mn-O,OK,,3151,50,77,10.627787113189695,2026-07-11T16:51:48.968378+00:00,inner_fit_subset_of_outer_train_only,inner_fit_subset_of_outer_train_only,inner_fit_subset_of_outer_train_only,False,True
P2,leave_chemical_system_out,10,O-V,OK,,3152,49,77,14.32924199104309,2026-07-11T16:52:03.297620+00:00,inner_fit_subset_of_outer_train_only,inner_fit_subset_of_outer_train_only,inner_fit_subset_of_outer_train_only,False,True
P2,leave_chemical_system_out,11,F-Mn,OK,,3158,43,77,14.83825659751892,2026-07-11T16:52:18.135877+00:00,inner_fit_subset_of_outer_train_only,inner_fit_subset_of_outer_train_only,inner_fit_subset_of_outer_train_only,False,True
P2,leave_chemical_system_out,12,Fe-O,OK,,3161,40,77,13.3220956325531,2026-07-11T16:52:31.457972+00:00,inner_fit_subset_of_outer_train_only,inner_fit_subset_of_outer_train_only,inner_fit_subset_of_outer_train_only,False,True
P2,leave_chemical_system_out,13,B-Mn-O,OK,,3162,39,77,9.110042095184326,2026-07-11T16:52:40.572262+00:00,inner_fit_subset_of_outer_train_only,inner_fit_subset_of_outer_train_only,inner_fit_subset_of_outer_train_only,False,True
P2,leave_chemical_system_out,14,Cu-O-P,OK,,3162,39,77,6.782782077789307,2026-07-11T16:52:47.355044+00:00,inner_fit_subset_of_outer_train_only,inner_fit_subset_of_outer_train_only,inner_fit_subset_of_outer_train_only,False,True
P2,leave_chemical_system_out,15,O-Ti,OK,,3167,34,77,13.698265314102173,2026-07-11T16:53:01.068947+00:00,inner_fit_subset_of_outer_train_only,inner_fit_subset_of_outer_train_only,inner_fit_subset_of_outer_train_only,False,True
P2,leave_chemical_system_out,16,Ni-O,OK,,3167,34,77,10.362236738204956,2026-07-11T16:53:11.437192+00:00,inner_fit_subset_of_outer_train_only,inner_fit_subset_of_outer_train_only,inner_fit_subset_of_outer_train_only,False,True
P2,leave_chemical_system_out,17,F-Fe-O,OK,,3170,31,77,9.746466875076294,2026-07-11T16:53:21.183659+00:00,inner_fit_subset_of_outer_train_only,inner_fit_subset_of_outer_train_only,inner_fit_subset_of_outer_train_only,False,True
P2,leave_chemical_system_out,18,Co-O,OK,,3170,31,77,7.344908714294434,2026-07-11T16:53:28.544190+00:00,inner_fit_subset_of_outer_train_only,inner_fit_subset_of_outer_train_only,inner_fit_subset_of_outer_train_only,False,True
P2,leave_chemical_system_out,19,Cr-O,OK,,3172,29,77,10.02070951461792,2026-07-11T16:53:38.564900+00:00,inner_fit_subset_of_outer_train_only,inner_fit_subset_of_outer_train_only,inner_fit_subset_of_outer_train_only,False,True
P2,leave_chemical_system_out,20,Fe-O-Si,OK,,3173,28,77,11.980130910873411,2026-07-11T16:53:50.545031+00:00,inner_fit_subset_of_outer_train_only,inner_fit_subset_of_outer_train_only,inner_fit_subset_of_outer_train_only,False,True
P2,leave_chemical_system_out,21,F-Mn-O,OK,,3173,28,77,12.92135500907898,2026-07-11T16:54:03.466386+00:00,inner_fit_subset_of_outer_train_only,inner_fit_subset_of_outer_train_only,inner_fit_subset_of_outer_train_only,False,True
P2,leave_chemical_system_out,22,O-P-Sb,OK,,3173,28,77,12.7629292011261,2026-07-11T16:54:16.229315+00:00,inner_fit_subset_of_outer_train_only,inner_fit_subset_of_outer_train_only,inner_fit_subset_of_outer_train_only,False,True
P2,leave_chemical_system_out,23,O-P-Sn,OK,,3173,28,77,9.213209867477415,2026-07-11T16:54:25.442525+00:00,inner_fit_subset_of_outer_train_only,inner_fit_subset_of_outer_train_only,inner_fit_subset_of_outer_train_only,False,True
P2,leave_chemical_system_out,24,Co-Mn-O,OK,,3174,27,77,9.40577745437622,2026-07-11T16:54:34.848302+00:00,inner_fit_subset_of_outer_train_only,inner_fit_subset_of_outer_train_only,inner_fit_subset_of_outer_train_only,False,True
P2,leave_chemical_system_out,25,Bi-O-P,OK,,3175,26,77,12.707197427749634,2026-07-11T16:54:47.555500+00:00,inner_fit_subset_of_outer_train_only,inner_fit_subset_of_outer_train_only,inner_fit_subset_of_outer_train_only,False,True
P2,leave_chemical_system_out,26,O-P-W,OK,,3176,25,77,12.481683492660522,2026-07-11T16:55:00.037183+00:00,inner_fit_subset_of_outer_train_only,inner_fit_subset_of_outer_train_only,inner_fit_subset_of_outer_train_only,False,True
P2,leave_chemical_system_out,27,Cr-Mn-O,OK,,3177,24,77,10.691417455673218,2026-07-11T16:55:10.728601+00:00,inner_fit_subset_of_outer_train_only,inner_fit_subset_of_outer_train_only,inner_fit_subset_of_outer_train_only,False,True
P2,leave_chemical_system_out,28,Co-Fe-O,OK,,3180,21,77,13.228026151657104,2026-07-11T16:55:23.956627+00:00,inner_fit_subset_of_outer_train_only,inner_fit_subset_of_outer_train_only,inner_fit_subset_of_outer_train_only,False,True
P2,leave_chemical_system_out,29,O-P-Ti,OK,,3181,20,77,10.039753913879396,2026-07-11T16:55:33.996380+00:00,inner_fit_subset_of_outer_train_only,inner_fit_subset_of_outer_train_only,inner_fit_subset_of_outer_train_only,False,True
P2,leave_chemical_system_out,30,Cr-O-V,OK,,3182,19,77,9.147811889648438,2026-07-11T16:55:43.144193+00:00,inner_fit_subset_of_outer_train_only,inner_fit_subset_of_outer_train_only,inner_fit_subset_of_outer_train_only,False,True
P2,leave_chemical_system_out,31,Cu-O,OK,,3182,19,77,12.88938283920288,2026-07-11T16:55:56.049186+00:00,inner_fit_subset_of_outer_train_only,inner_fit_subset_of_outer_train_only,inner_fit_subset_of_outer_train_only,False,True
P2,leave_chemical_system_out,32,O-Ti-V,OK,,3182,19,77,9.753332376480104,2026-07-11T16:56:05.802518+00:00,inner_fit_subset_of_outer_train_only,inner_fit_subset_of_outer_train_only,inner_fit_subset_of_outer_train_only,False,True
P2,leave_chemical_system_out,33,Co-Ni-O,OK,,3182,19,77,13.046547651290894,2026-07-11T16:56:18.849066+00:00,inner_fit_subset_of_outer_train_only,inner_fit_subset_of_outer_train_only,inner_fit_subset_of_outer_train_only,False,True
P2,leave_chemical_system_out,34,Fe-Mn-O,OK,,3182,19,77,9.198786497116089,2026-07-11T16:56:28.047852+00:00,inner_fit_subset_of_outer_train_only,inner_fit_subset_of_outer_train_only,inner_fit_subset_of_outer_train_only,False,True
P2,leave_chemical_system_out,35,Mn-O-V,OK,,3183,18,77,11.45471453666687,2026-07-11T16:56:39.520704+00:00,inner_fit_subset_of_outer_train_only,inner_fit_subset_of_outer_train_only,inner_fit_subset_of_outer_train_only,False,True
P2,leave_chemical_system_out,36,Mn-O-Si,OK,,3184,17,77,9.38748025894165,2026-07-11T16:56:48.923811+00:00,inner_fit_subset_of_outer_train_only,inner_fit_subset_of_outer_train_only,inner_fit_subset_of_outer_train_only,False,True
P2,leave_chemical_system_out,37,Mn-O-Ti,OK,,3184,17,77,12.632234573364258,2026-07-11T16:57:01.556045+00:00,inner_fit_subset_of_outer_train_only,inner_fit_subset_of_outer_train_only,inner_fit_subset_of_outer_train_only,False,True
P2,leave_chemical_system_out,38,Co-O-Si,OK,,3184,17,77,10.235337257385254,2026-07-11T16:57:11.791382+00:00,inner_fit_subset_of_outer_train_only,inner_fit_subset_of_outer_train_only,inner_fit_subset_of_outer_train_only,False,True
P2,leave_chemical_system_out,39,Cr-Fe-O,OK,,3184,17,77,11.992383241653442,2026-07-11T16:57:23.799394+00:00,inner_fit_subset_of_outer_train_only,inner_fit_subset_of_outer_train_only,inner_fit_subset_of_outer_train_only,False,True
P2,leave_chemical_system_out,40,Fe-Mn-O-P,OK,,3184,17,77,10.42020320892334,2026-07-11T16:57:34.219597+00:00,inner_fit_subset_of_outer_train_only,inner_fit_subset_of_outer_train_only,inner_fit_subset_of_outer_train_only,False,True
P2,leave_chemical_system_out,41,Mn-Ni-O,OK,,3185,16,77,11.831138610839844,2026-07-11T16:57:46.050736+00:00,inner_fit_subset_of_outer_train_only,inner_fit_subset_of_outer_train_only,inner_fit_subset_of_outer_train_only,False,True
P2,leave_chemical_system_out,42,O-Si-V,OK,,3185,16,77,11.267873287200928,2026-07-11T16:57:57.318609+00:00,inner_fit_subset_of_outer_train_only,inner_fit_subset_of_outer_train_only,inner_fit_subset_of_outer_train_only,False,True
P2,leave_chemical_system_out,43,C-Fe-O-P,OK,,3186,15,77,9.659553050994871,2026-07-11T16:58:06.978162+00:00,inner_fit_subset_of_outer_train_only,inner_fit_subset_of_outer_train_only,inner_fit_subset_of_outer_train_only,False,True
P2,leave_chemical_system_out,44,Fe-O-V,OK,,3186,15,77,10.89136242866516,2026-07-11T16:58:17.869525+00:00,inner_fit_subset_of_outer_train_only,inner_fit_subset_of_outer_train_only,inner_fit_subset_of_outer_train_only,False,True
P2,leave_chemical_system_out,45,Co-Cr-O,OK,,3186,15,77,13.664264917373655,2026-07-11T16:58:31.545299+00:00,inner_fit_subset_of_outer_train_only,inner_fit_subset_of_outer_train_only,inner_fit_subset_of_outer_train_only,False,True
P2,leave_chemical_system_out,46,Co-Fe-Mn-O-P,OK,,3186,15,77,14.193708658218384,2026-07-11T16:58:45.739007+00:00,inner_fit_subset_of_outer_train_only,inner_fit_subset_of_outer_train_only,inner_fit_subset_of_outer_train_only,False,True
P2,leave_chemical_system_out,47,C-Mn-O-P,OK,,3187,14,77,11.635053396224976,2026-07-11T16:58:57.374061+00:00,inner_fit_subset_of_outer_train_only,inner_fit_subset_of_outer_train_only,inner_fit_subset_of_outer_train_only,False,True
P2,leave_chemical_system_out,48,Mn-O-P-V,OK,,3188,13,77,9.2935791015625,2026-07-11T16:59:06.683272+00:00,inner_fit_subset_of_outer_train_only,inner_fit_subset_of_outer_train_only,inner_fit_subset_of_outer_train_only,False,True
P2,leave_chemical_system_out,49,Co-O-V,OK,,3188,13,77,12.904539108276367,2026-07-11T16:59:19.603448+00:00,inner_fit_subset_of_outer_train_only,inner_fit_subset_of_outer_train_only,inner_fit_subset_of_outer_train_only,False,True
P2,leave_chemical_system_out,50,C-Fe-O,OK,,3189,12,77,8.399728536605835,2026-07-11T16:59:28.018823+00:00,inner_fit_subset_of_outer_train_only,inner_fit_subset_of_outer_train_only,inner_fit_subset_of_outer_train_only,False,True
P2,leave_chemical_system_out,51,C-O-V,OK,,3189,12,77,10.333972930908203,2026-07-11T16:59:38.352796+00:00,inner_fit_subset_of_outer_train_only,inner_fit_subset_of_outer_train_only,inner_fit_subset_of_outer_train_only,False,True
P2,leave_chemical_system_out,52,Fe-Ni-O,OK,,3189,12,77,9.547502756118774,2026-07-11T16:59:47.900298+00:00,inner_fit_subset_of_outer_train_only,inner_fit_subset_of_outer_train_only,inner_fit_subset_of_outer_train_only,False,True
P2,leave_chemical_system_out,53,Fe-O-Ti,OK,,3190,11,77,11.48676323890686,2026-07-11T16:59:59.387062+00:00,inner_fit_subset_of_outer_train_only,inner_fit_subset_of_outer_train_only,inner_fit_subset_of_outer_train_only,False,True
P2,leave_chemical_system_out,54,O-W,OK,,3190,11,77,12.107914447784424,2026-07-11T17:00:11.494976+00:00,inner_fit_subset_of_outer_train_only,inner_fit_subset_of_outer_train_only,inner_fit_subset_of_outer_train_only,False,True
P2,leave_chemical_system_out,55,Nb-O-P,OK,,3190,11,77,8.750795841217041,2026-07-11T17:00:20.245772+00:00,inner_fit_subset_of_outer_train_only,inner_fit_subset_of_outer_train_only,inner_fit_subset_of_outer_train_only,False,True
P2,leave_chemical_system_out,56,F-Fe,OK,,3191,10,77,12.486376762390137,2026-07-11T17:00:32.747774+00:00,inner_fit_subset_of_outer_train_only,inner_fit_subset_of_outer_train_only,inner_fit_subset_of_outer_train_only,False,True
P2,leave_chemical_system_out,57,Mg-Mn-O,OK,,3191,10,77,6.563255786895752,2026-07-11T17:00:39.311030+00:00,inner_fit_subset_of_outer_train_only,inner_fit_subset_of_outer_train_only,inner_fit_subset_of_outer_train_only,False,True
P2,leave_chemical_system_out,58,B-Fe-O,OK,,3192,9,77,8.442584037780762,2026-07-11T17:00:47.769239+00:00,inner_fit_subset_of_outer_train_only,inner_fit_subset_of_outer_train_only,inner_fit_subset_of_outer_train_only,False,True
P2,leave_chemical_system_out,59,Mn-Ni-O-P,OK,,3192,9,77,14.433385372161863,2026-07-11T17:01:02.202624+00:00,inner_fit_subset_of_outer_train_only,inner_fit_subset_of_outer_train_only,inner_fit_subset_of_outer_train_only,False,True
P2,leave_chemical_system_out,60,C-Co-O,OK,,3193,8,77,10.521965980529783,2026-07-11T17:01:12.731102+00:00,inner_fit_subset_of_outer_train_only,inner_fit_subset_of_outer_train_only,inner_fit_subset_of_outer_train_only,False,True
P2,leave_chemical_system_out,61,C-Cu-O,OK,,3193,8,77,8.058889150619507,2026-07-11T17:01:20.803499+00:00,inner_fit_subset_of_outer_train_only,inner_fit_subset_of_outer_train_only,inner_fit_subset_of_outer_train_only,False,True
P2,leave_chemical_system_out,62,Cr-Ni-O,OK,,3193,8,77,7.961933612823486,2026-07-11T17:01:28.765433+00:00,inner_fit_subset_of_outer_train_only,inner_fit_subset_of_outer_train_only,inner_fit_subset_of_outer_train_only,False,True
P2,leave_chemical_system_out,63,Mo-O,OK,,3193,8,77,7.564848899841309,2026-07-11T17:01:36.345920+00:00,inner_fit_subset_of_outer_train_only,inner_fit_subset_of_outer_train_only,inner_fit_subset_of_outer_train_only,False,True
P2,leave_chemical_system_out,64,Co-Mn-O-P,OK,,3193,8,77,9.214743852615356,2026-07-11T17:01:45.560664+00:00,inner_fit_subset_of_outer_train_only,inner_fit_subset_of_outer_train_only,inner_fit_subset_of_outer_train_only,False,True
P2,leave_chemical_system_out,65,Cr-F,OK,,3193,8,77,7.936638593673706,2026-07-11T17:01:53.497302+00:00,inner_fit_subset_of_outer_train_only,inner_fit_subset_of_outer_train_only,inner_fit_subset_of_outer_train_only,False,True
P2,leave_chemical_system_out,66,C-Fe-Na-O-P,OK,,3194,7,77,7.670022964477539,2026-07-11T17:02:01.181847+00:00,inner_fit_subset_of_outer_train_only,inner_fit_subset_of_outer_train_only,inner_fit_subset_of_outer_train_only,False,True
P2,leave_chemical_system_out,67,Cr-Mn-O-P,OK,,3194,7,77,10.735117435455322,2026-07-11T17:02:11.932582+00:00,inner_fit_subset_of_outer_train_only,inner_fit_subset_of_outer_train_only,inner_fit_subset_of_outer_train_only,False,True
P2,leave_chemical_system_out,68,Cr-O-Si,OK,,3194,7,77,11.036182403564451,2026-07-11T17:02:22.968764+00:00,inner_fit_subset_of_outer_train_only,inner_fit_subset_of_outer_train_only,inner_fit_subset_of_outer_train_only,False,True
P2,leave_chemical_system_out,69,H-Mn-O-S,OK,,3194,7,77,14.849117517471312,2026-07-11T17:02:37.817881+00:00,inner_fit_subset_of_outer_train_only,inner_fit_subset_of_outer_train_only,inner_fit_subset_of_outer_train_only,False,True
P2,leave_chemical_system_out,70,H-O-P-V,OK,,3194,7,77,6.9602813720703125,2026-07-11T17:02:44.778163+00:00,inner_fit_subset_of_outer_train_only,inner_fit_subset_of_outer_train_only,inner_fit_subset_of_outer_train_only,False,True
P2,leave_chemical_system_out,71,Mn-O-S,OK,,3194,7,77,14.717643737792969,2026-07-11T17:02:59.495806+00:00,inner_fit_subset_of_outer_train_only,inner_fit_subset_of_outer_train_only,inner_fit_subset_of_outer_train_only,False,True
P2,leave_chemical_system_out,72,S-V,OK,,3194,7,77,14.412249565124512,2026-07-11T17:03:13.908056+00:00,inner_fit_subset_of_outer_train_only,inner_fit_subset_of_outer_train_only,inner_fit_subset_of_outer_train_only,False,True
P2,leave_chemical_system_out,73,Co-O-Ti,OK,,3194,7,77,13.5484619140625,2026-07-11T17:03:27.472143+00:00,inner_fit_subset_of_outer_train_only,inner_fit_subset_of_outer_train_only,inner_fit_subset_of_outer_train_only,False,True
P2,leave_chemical_system_out,74,Mo-Se,OK,,3194,7,77,11.141603231430054,2026-07-11T17:03:38.613747+00:00,inner_fit_subset_of_outer_train_only,inner_fit_subset_of_outer_train_only,inner_fit_subset_of_outer_train_only,False,True
P2,leave_working_ion_out,0,Li,OK,,543,2658,77,2.6369175910949707,2026-07-11T17:03:41.250664+00:00,inner_fit_subset_of_outer_train_only,inner_fit_subset_of_outer_train_only,inner_fit_subset_of_outer_train_only,False,True
P2,leave_working_ion_out,1,Na,OK,,2807,394,77,10.391071557998655,2026-07-11T17:03:51.641736+00:00,inner_fit_subset_of_outer_train_only,inner_fit_subset_of_outer_train_only,inner_fit_subset_of_outer_train_only,False,True
P2,leave_working_ion_out,2,K,OK,,3052,149,77,9.763296604156494,2026-07-11T17:04:01.405033+00:00,inner_fit_subset_of_outer_train_only,inner_fit_subset_of_outer_train_only,inner_fit_subset_of_outer_train_only,False,True
P3,random_split,0,random_0,OK,,2560,641,85,9.53211498260498,2026-07-11T17:04:10.937147+00:00,inner_fit_subset_of_outer_train_only,inner_fit_subset_of_outer_train_only,inner_fit_subset_of_outer_train_only,False,True
P3,random_split,1,random_1,OK,,2560,641,85,10.021101713180542,2026-07-11T17:04:20.958249+00:00,inner_fit_subset_of_outer_train_only,inner_fit_subset_of_outer_train_only,inner_fit_subset_of_outer_train_only,False,True
P3,random_split,2,random_2,OK,,2560,641,85,7.092079162597656,2026-07-11T17:04:28.050328+00:00,inner_fit_subset_of_outer_train_only,inner_fit_subset_of_outer_train_only,inner_fit_subset_of_outer_train_only,False,True
P3,random_split,3,random_3,OK,,2560,641,85,10.66911506652832,2026-07-11T17:04:38.719443+00:00,inner_fit_subset_of_outer_train_only,inner_fit_subset_of_outer_train_only,inner_fit_subset_of_outer_train_only,False,True
P3,random_split,4,random_4,OK,,2560,641,85,5.813441514968872,2026-07-11T17:04:44.542898+00:00,inner_fit_subset_of_outer_train_only,inner_fit_subset_of_outer_train_only,inner_fit_subset_of_outer_train_only,False,True
P3,framework_groupkfold,0,K|AgAsF6|K|Ca9Co(PO4)7|K|CoF3|K|Cr2(PS4)3|K|CrO2|K|CrP2S7|K|Cs2CrF6|K|Cs2NiF6|K|Cu4(PO4)3|K|FeNi(CN)6|K|FeSe|K|Lu(NbCl3)6|K|Mn6P7O24|K|MnPCO7|K|Mo2P3O13|K|MoCl6|K|NaMoF6|K|NbO3|K|Ni3P3O11|K|NiH8(CO5)2,OK,,2560,641,85,5.868474960327148,2026-07-11T17:04:50.411373+00:00,inner_fit_subset_of_outer_train_only,inner_fit_subset_of_outer_train_only,inner_fit_subset_of_outer_train_only,False,True
P3,framework_groupkfold,1,K|C|K|Co2O5|K|CoPCO7|K|CrO3|K|Cs2CoF6|K|Cs2MoCl6|K|Cs2TaCl6|K|FeH4(SO5)2|K|FeSb3|K|LiVF6|K|MgMn4O8|K|Mn4(PO4)3|K|MnF3|K|MnO2|K|MnP2O7|K|Mo9S11|K|NaCrF6|K|NbO2F|K|Ni(PO3)3|K|NiH12(SO7)2,OK,,2561,640,85,8.185147285461426,2026-07-11T17:04:58.596520+00:00,inner_fit_subset_of_outer_train_only,inner_fit_subset_of_outer_train_only,inner_fit_subset_of_outer_train_only,False,True
P3,framework_groupkfold,2,K|BiPCO7|K|CePCO7|K|CoO2|K|CrF6|K|Cs2AgF6|K|Cs2MoBr6|K|Cs2SbCl6|K|FeF3|K|FeH12(SO7)2|K|FePO4F|K|LiSbF6|K|Mn2P2O7F2|K|MnH8(SO6)2|K|Mo3S4|K|Na2NiO2|K|Nb3Se4|K|NdNb4O12|K|NiF6|K|PrNb4O12|K|Rb2MnF6,OK,,2561,640,85,9.02957248687744,2026-07-11T17:05:07.626092+00:00,inner_fit_subset_of_outer_train_only,inner_fit_subset_of_outer_train_only,inner_fit_subset_of_outer_train_only,False,True
P3,framework_groupkfold,3,K|Bi(PO3)4|K|Cd2Cu(SO)2|K|CoH8(CO5)2|K|CrF3|K|CrPO4F|K|CrS2|K|Cs2MnF6|K|Cs2SbBr6|K|Fe11O17|K|FePO4|K|LiNbF6|K|Mn(PO3)3|K|MnH6(S2O9)2|K|Mo2O3|K|Na2FeO3|K|Nb3S4|K|NbSe2|K|Ni4P4O15|K|P(W3O10)4|K|Rb2CuF6,OK,,2561,640,85,12.288684606552124,2026-07-11T17:05:19.914777+00:00,inner_fit_subset_of_outer_train_only,inner_fit_subset_of_outer_train_only,inner_fit_subset_of_outer_train_only,False,True
P3,framework_groupkfold,4,K|AgO|K|Ca9Mn(PO4)7|K|CoF6|K|Cr3O8|K|CrPCO7|K|Cs2CuF6|K|Cs2PdF6|K|CuPCO7|K|FePCO7|K|LiMnF6|K|MgMn2O4|K|MnF6|K|Mo15Se19|K|MoS|K|NaSbF6|K|NbS2|K|Ni4(PO4)3|K|NiPCO7|K|Rb2CrF6|K|RbSb,OK,,2561,640,85,9.912952423095703,2026-07-11T17:05:29.827730+00:00,inner_fit_subset_of_outer_train_only,inner_fit_subset_of_outer_train_only,inner_fit_subset_of_outer_train_only,False,True
P3,leave_family_out,0,polyanion_phosphate_like,OK,,2027,1174,85,5.949236631393433,2026-07-11T17:05:35.776966+00:00,inner_fit_subset_of_outer_train_only,inner_fit_subset_of_outer_train_only,inner_fit_subset_of_outer_train_only,False,True
P3,leave_family_out,1,transition_metal_oxide_like,OK,,2028,1173,85,5.777637720108032,2026-07-11T17:05:41.554604+00:00,inner_fit_subset_of_outer_train_only,inner_fit_subset_of_outer_train_only,inner_fit_subset_of_outer_train_only,False,True
P3,leave_family_out,2,halide_or_fluoride_like,OK,,2955,246,85,11.21601939201355,2026-07-11T17:05:52.770623+00:00,inner_fit_subset_of_outer_train_only,inner_fit_subset_of_outer_train_only,inner_fit_subset_of_outer_train_only,False,True
P3,leave_family_out,3,oxyfluoride_or_fluoropolyanion_like,OK,,2980,221,85,8.672791242599487,2026-07-11T17:06:01.443415+00:00,inner_fit_subset_of_outer_train_only,inner_fit_subset_of_outer_train_only,inner_fit_subset_of_outer_train_only,False,True
P3,leave_family_out,4,silicate_like,OK,,3070,131,85,11.56082797050476,2026-07-11T17:06:13.008243+00:00,inner_fit_subset_of_outer_train_only,inner_fit_subset_of_outer_train_only,inner_fit_subset_of_outer_train_only,False,True
P3,leave_family_out,5,sulfate_or_sulfur_oxoanion_like,OK,,3095,106,85,12.924079179763794,2026-07-11T17:06:25.932322+00:00,inner_fit_subset_of_outer_train_only,inner_fit_subset_of_outer_train_only,inner_fit_subset_of_outer_train_only,False,True
P3,leave_family_out,6,other_or_unclear,OK,,3138,63,85,11.831300973892212,2026-07-11T17:06:37.763623+00:00,inner_fit_subset_of_outer_train_only,inner_fit_subset_of_outer_train_only,inner_fit_subset_of_outer_train_only,False,True
P3,leave_family_out,7,sulfide_like,OK,,3146,55,85,12.684285879135132,2026-07-11T17:06:50.447909+00:00,inner_fit_subset_of_outer_train_only,inner_fit_subset_of_outer_train_only,inner_fit_subset_of_outer_train_only,False,True
P3,leave_family_out,8,oxide_like_other,OK,,3179,22,85,8.874443769454956,2026-07-11T17:06:59.322353+00:00,inner_fit_subset_of_outer_train_only,inner_fit_subset_of_outer_train_only,inner_fit_subset_of_outer_train_only,False,True
P3,leave_family_out,9,organic_or_carbon_like,OK,,3191,10,85,6.829977035522461,2026-07-11T17:07:06.167951+00:00,inner_fit_subset_of_outer_train_only,inner_fit_subset_of_outer_train_only,inner_fit_subset_of_outer_train_only,False,True
P3,leave_chemical_system_out,0,F-O-V,OK,,3048,153,85,11.490670442581177,2026-07-11T17:07:17.658621+00:00,inner_fit_subset_of_outer_train_only,inner_fit_subset_of_outer_train_only,inner_fit_subset_of_outer_train_only,False,True
P3,leave_chemical_system_out,1,Mn-O-P,OK,,3083,118,85,14.58104419708252,2026-07-11T17:07:32.239665+00:00,inner_fit_subset_of_outer_train_only,inner_fit_subset_of_outer_train_only,inner_fit_subset_of_outer_train_only,False,True
P3,leave_chemical_system_out,2,Fe-O-P,OK,,3099,102,85,8.759440183639526,2026-07-11T17:07:40.999106+00:00,inner_fit_subset_of_outer_train_only,inner_fit_subset_of_outer_train_only,inner_fit_subset_of_outer_train_only,False,True
P3,leave_chemical_system_out,3,Cr-O-P,OK,,3117,84,85,14.640910863876345,2026-07-11T17:07:55.640016+00:00,inner_fit_subset_of_outer_train_only,inner_fit_subset_of_outer_train_only,inner_fit_subset_of_outer_train_only,False,True
P3,leave_chemical_system_out,4,O-P-V,OK,,3119,82,85,8.068382024765015,2026-07-11T17:08:03.708398+00:00,inner_fit_subset_of_outer_train_only,inner_fit_subset_of_outer_train_only,inner_fit_subset_of_outer_train_only,False,True
P3,leave_chemical_system_out,5,Co-O-P,OK,,3125,76,85,8.890721082687378,2026-07-11T17:08:12.599119+00:00,inner_fit_subset_of_outer_train_only,inner_fit_subset_of_outer_train_only,inner_fit_subset_of_outer_train_only,False,True
P3,leave_chemical_system_out,6,Ni-O-P,OK,,3127,74,85,6.682647705078125,2026-07-11T17:08:19.297388+00:00,inner_fit_subset_of_outer_train_only,inner_fit_subset_of_outer_train_only,inner_fit_subset_of_outer_train_only,False,True
P3,leave_chemical_system_out,7,F-V,OK,,3135,66,85,11.376001834869385,2026-07-11T17:08:30.673390+00:00,inner_fit_subset_of_outer_train_only,inner_fit_subset_of_outer_train_only,inner_fit_subset_of_outer_train_only,False,True
P3,leave_chemical_system_out,8,Mo-O-P,OK,,3140,61,85,10.954720973968506,2026-07-11T17:08:41.628111+00:00,inner_fit_subset_of_outer_train_only,inner_fit_subset_of_outer_train_only,inner_fit_subset_of_outer_train_only,False,True
P3,leave_chemical_system_out,9,Mn-O,OK,,3151,50,85,14.66025996208191,2026-07-11T17:08:56.288371+00:00,inner_fit_subset_of_outer_train_only,inner_fit_subset_of_outer_train_only,inner_fit_subset_of_outer_train_only,False,True
P3,leave_chemical_system_out,10,O-V,OK,,3152,49,85,14.769139289855955,2026-07-11T17:09:11.057510+00:00,inner_fit_subset_of_outer_train_only,inner_fit_subset_of_outer_train_only,inner_fit_subset_of_outer_train_only,False,True
P3,leave_chemical_system_out,11,F-Mn,OK,,3158,43,85,14.43265986442566,2026-07-11T17:09:25.505810+00:00,inner_fit_subset_of_outer_train_only,inner_fit_subset_of_outer_train_only,inner_fit_subset_of_outer_train_only,False,True
P3,leave_chemical_system_out,12,Fe-O,OK,,3161,40,85,13.159505844116213,2026-07-11T17:09:38.665316+00:00,inner_fit_subset_of_outer_train_only,inner_fit_subset_of_outer_train_only,inner_fit_subset_of_outer_train_only,False,True
P3,leave_chemical_system_out,13,B-Mn-O,OK,,3162,39,85,12.92472004890442,2026-07-11T17:09:51.600418+00:00,inner_fit_subset_of_outer_train_only,inner_fit_subset_of_outer_train_only,inner_fit_subset_of_outer_train_only,False,True
P3,leave_chemical_system_out,14,Cu-O-P,OK,,3162,39,85,7.197126150131226,2026-07-11T17:09:58.797544+00:00,inner_fit_subset_of_outer_train_only,inner_fit_subset_of_outer_train_only,inner_fit_subset_of_outer_train_only,False,True
P3,leave_chemical_system_out,15,O-Ti,OK,,3167,34,85,12.67952561378479,2026-07-11T17:10:11.477070+00:00,inner_fit_subset_of_outer_train_only,inner_fit_subset_of_outer_train_only,inner_fit_subset_of_outer_train_only,False,True
P3,leave_chemical_system_out,16,Ni-O,OK,,3167,34,85,14.465680122375488,2026-07-11T17:10:25.942750+00:00,inner_fit_subset_of_outer_train_only,inner_fit_subset_of_outer_train_only,inner_fit_subset_of_outer_train_only,False,True
P3,leave_chemical_system_out,17,F-Fe-O,OK,,3170,31,85,6.419680595397949,2026-07-11T17:10:32.362431+00:00,inner_fit_subset_of_outer_train_only,inner_fit_subset_of_outer_train_only,inner_fit_subset_of_outer_train_only,False,True
P3,leave_chemical_system_out,18,Co-O,OK,,3170,31,85,7.734296560287476,2026-07-11T17:10:40.112355+00:00,inner_fit_subset_of_outer_train_only,inner_fit_subset_of_outer_train_only,inner_fit_subset_of_outer_train_only,False,True
P3,leave_chemical_system_out,19,Cr-O,OK,,3172,29,85,8.188285827636719,2026-07-11T17:10:48.304372+00:00,inner_fit_subset_of_outer_train_only,inner_fit_subset_of_outer_train_only,inner_fit_subset_of_outer_train_only,False,True
P3,leave_chemical_system_out,20,Fe-O-Si,OK,,3173,28,85,14.749238014221191,2026-07-11T17:11:03.069234+00:00,inner_fit_subset_of_outer_train_only,inner_fit_subset_of_outer_train_only,inner_fit_subset_of_outer_train_only,False,True
P3,leave_chemical_system_out,21,F-Mn-O,OK,,3173,28,85,13.083599090576172,2026-07-11T17:11:16.152833+00:00,inner_fit_subset_of_outer_train_only,inner_fit_subset_of_outer_train_only,inner_fit_subset_of_outer_train_only,False,True
P3,leave_chemical_system_out,22,O-P-Sb,OK,,3173,28,85,14.000426054000854,2026-07-11T17:11:30.168882+00:00,inner_fit_subset_of_outer_train_only,inner_fit_subset_of_outer_train_only,inner_fit_subset_of_outer_train_only,False,True
P3,leave_chemical_system_out,23,O-P-Sn,OK,,3173,28,85,9.26043939590454,2026-07-11T17:11:39.429322+00:00,inner_fit_subset_of_outer_train_only,inner_fit_subset_of_outer_train_only,inner_fit_subset_of_outer_train_only,False,True
P3,leave_chemical_system_out,24,Co-Mn-O,OK,,3174,27,85,14.843706130981444,2026-07-11T17:11:54.288652+00:00,inner_fit_subset_of_outer_train_only,inner_fit_subset_of_outer_train_only,inner_fit_subset_of_outer_train_only,False,True
P3,leave_chemical_system_out,25,Bi-O-P,OK,,3175,26,85,14.76701307296753,2026-07-11T17:12:09.071301+00:00,inner_fit_subset_of_outer_train_only,inner_fit_subset_of_outer_train_only,inner_fit_subset_of_outer_train_only,False,True
P3,leave_chemical_system_out,26,O-P-W,OK,,3176,25,85,11.806838274002075,2026-07-11T17:12:20.878139+00:00,inner_fit_subset_of_outer_train_only,inner_fit_subset_of_outer_train_only,inner_fit_subset_of_outer_train_only,False,True
P3,leave_chemical_system_out,27,Cr-Mn-O,OK,,3177,24,85,9.656121015548706,2026-07-11T17:12:30.534260+00:00,inner_fit_subset_of_outer_train_only,inner_fit_subset_of_outer_train_only,inner_fit_subset_of_outer_train_only,False,True
P3,leave_chemical_system_out,28,Co-Fe-O,OK,,3180,21,85,12.54906415939331,2026-07-11T17:12:43.083324+00:00,inner_fit_subset_of_outer_train_only,inner_fit_subset_of_outer_train_only,inner_fit_subset_of_outer_train_only,False,True
P3,leave_chemical_system_out,29,O-P-Ti,OK,,3181,20,85,9.886728286743164,2026-07-11T17:12:52.985064+00:00,inner_fit_subset_of_outer_train_only,inner_fit_subset_of_outer_train_only,inner_fit_subset_of_outer_train_only,False,True
P3,leave_chemical_system_out,30,Cr-O-V,OK,,3182,19,85,12.371724605560305,2026-07-11T17:13:05.356789+00:00,inner_fit_subset_of_outer_train_only,inner_fit_subset_of_outer_train_only,inner_fit_subset_of_outer_train_only,False,True
P3,leave_chemical_system_out,31,Cu-O,OK,,3182,19,85,14.886042833328249,2026-07-11T17:13:20.242831+00:00,inner_fit_subset_of_outer_train_only,inner_fit_subset_of_outer_train_only,inner_fit_subset_of_outer_train_only,False,True
P3,leave_chemical_system_out,32,O-Ti-V,OK,,3182,19,85,8.518821954727173,2026-07-11T17:13:28.773165+00:00,inner_fit_subset_of_outer_train_only,inner_fit_subset_of_outer_train_only,inner_fit_subset_of_outer_train_only,False,True
P3,leave_chemical_system_out,33,Co-Ni-O,OK,,3182,19,85,13.194194316864014,2026-07-11T17:13:41.967359+00:00,inner_fit_subset_of_outer_train_only,inner_fit_subset_of_outer_train_only,inner_fit_subset_of_outer_train_only,False,True
P3,leave_chemical_system_out,34,Fe-Mn-O,OK,,3182,19,85,8.341055870056152,2026-07-11T17:13:50.308415+00:00,inner_fit_subset_of_outer_train_only,inner_fit_subset_of_outer_train_only,inner_fit_subset_of_outer_train_only,False,True
P3,leave_chemical_system_out,35,Mn-O-V,OK,,3183,18,85,14.734865427017212,2026-07-11T17:14:05.043280+00:00,inner_fit_subset_of_outer_train_only,inner_fit_subset_of_outer_train_only,inner_fit_subset_of_outer_train_only,False,True
P3,leave_chemical_system_out,36,Mn-O-Si,OK,,3184,17,85,14.539718866348268,2026-07-11T17:14:19.582999+00:00,inner_fit_subset_of_outer_train_only,inner_fit_subset_of_outer_train_only,inner_fit_subset_of_outer_train_only,False,True
P3,leave_chemical_system_out,37,Mn-O-Ti,OK,,3184,17,85,14.879712104797363,2026-07-11T17:14:34.462711+00:00,inner_fit_subset_of_outer_train_only,inner_fit_subset_of_outer_train_only,inner_fit_subset_of_outer_train_only,False,True
P3,leave_chemical_system_out,38,Co-O-Si,OK,,3184,17,85,13.700249910354614,2026-07-11T17:14:48.178587+00:00,inner_fit_subset_of_outer_train_only,inner_fit_subset_of_outer_train_only,inner_fit_subset_of_outer_train_only,False,True
P3,leave_chemical_system_out,39,Cr-Fe-O,OK,,3184,17,85,9.290642976760864,2026-07-11T17:14:57.469229+00:00,inner_fit_subset_of_outer_train_only,inner_fit_subset_of_outer_train_only,inner_fit_subset_of_outer_train_only,False,True
P3,leave_chemical_system_out,40,Fe-Mn-O-P,OK,,3184,17,85,13.580172061920166,2026-07-11T17:15:11.049402+00:00,inner_fit_subset_of_outer_train_only,inner_fit_subset_of_outer_train_only,inner_fit_subset_of_outer_train_only,False,True
P3,leave_chemical_system_out,41,Mn-Ni-O,OK,,3185,16,85,13.099249839782717,2026-07-11T17:15:24.148651+00:00,inner_fit_subset_of_outer_train_only,inner_fit_subset_of_outer_train_only,inner_fit_subset_of_outer_train_only,False,True
P3,leave_chemical_system_out,42,O-Si-V,OK,,3185,16,85,8.995745420455933,2026-07-11T17:15:33.160030+00:00,inner_fit_subset_of_outer_train_only,inner_fit_subset_of_outer_train_only,inner_fit_subset_of_outer_train_only,False,True
P3,leave_chemical_system_out,43,C-Fe-O-P,OK,,3186,15,85,6.703453302383423,2026-07-11T17:15:39.863484+00:00,inner_fit_subset_of_outer_train_only,inner_fit_subset_of_outer_train_only,inner_fit_subset_of_outer_train_only,False,True
P3,leave_chemical_system_out,44,Fe-O-V,OK,,3186,15,85,12.357293367385864,2026-07-11T17:15:52.220777+00:00,inner_fit_subset_of_outer_train_only,inner_fit_subset_of_outer_train_only,inner_fit_subset_of_outer_train_only,False,True
P3,leave_chemical_system_out,45,Co-Cr-O,OK,,3186,15,85,14.097951889038086,2026-07-11T17:16:06.318729+00:00,inner_fit_subset_of_outer_train_only,inner_fit_subset_of_outer_train_only,inner_fit_subset_of_outer_train_only,False,True
P3,leave_chemical_system_out,46,Co-Fe-Mn-O-P,OK,,3186,15,85,14.806485176086426,2026-07-11T17:16:21.140838+00:00,inner_fit_subset_of_outer_train_only,inner_fit_subset_of_outer_train_only,inner_fit_subset_of_outer_train_only,False,True
P3,leave_chemical_system_out,47,C-Mn-O-P,OK,,3187,14,85,12.024420738220217,2026-07-11T17:16:33.165259+00:00,inner_fit_subset_of_outer_train_only,inner_fit_subset_of_outer_train_only,inner_fit_subset_of_outer_train_only,False,True
P3,leave_chemical_system_out,48,Mn-O-P-V,OK,,3188,13,85,12.17323637008667,2026-07-11T17:16:45.354115+00:00,inner_fit_subset_of_outer_train_only,inner_fit_subset_of_outer_train_only,inner_fit_subset_of_outer_train_only,False,True
P3,leave_chemical_system_out,49,Co-O-V,OK,,3188,13,85,14.695600986480711,2026-07-11T17:17:00.065357+00:00,inner_fit_subset_of_outer_train_only,inner_fit_subset_of_outer_train_only,inner_fit_subset_of_outer_train_only,False,True
P3,leave_chemical_system_out,50,C-Fe-O,OK,,3189,12,85,8.313329696655273,2026-07-11T17:17:08.394711+00:00,inner_fit_subset_of_outer_train_only,inner_fit_subset_of_outer_train_only,inner_fit_subset_of_outer_train_only,False,True
P3,leave_chemical_system_out,51,C-O-V,OK,,3189,12,85,13.37773585319519,2026-07-11T17:17:21.784955+00:00,inner_fit_subset_of_outer_train_only,inner_fit_subset_of_outer_train_only,inner_fit_subset_of_outer_train_only,False,True
P3,leave_chemical_system_out,52,Fe-Ni-O,OK,,3189,12,85,7.44860053062439,2026-07-11T17:17:29.233556+00:00,inner_fit_subset_of_outer_train_only,inner_fit_subset_of_outer_train_only,inner_fit_subset_of_outer_train_only,False,True
P3,leave_chemical_system_out,53,Fe-O-Ti,OK,,3190,11,85,12.326080799102783,2026-07-11T17:17:41.559636+00:00,inner_fit_subset_of_outer_train_only,inner_fit_subset_of_outer_train_only,inner_fit_subset_of_outer_train_only,False,True
P3,leave_chemical_system_out,54,O-W,OK,,3190,11,85,13.814993619918823,2026-07-11T17:17:55.384141+00:00,inner_fit_subset_of_outer_train_only,inner_fit_subset_of_outer_train_only,inner_fit_subset_of_outer_train_only,False,True
P3,leave_chemical_system_out,55,Nb-O-P,OK,,3190,11,85,10.9141263961792,2026-07-11T17:18:06.303777+00:00,inner_fit_subset_of_outer_train_only,inner_fit_subset_of_outer_train_only,inner_fit_subset_of_outer_train_only,False,True
P3,leave_chemical_system_out,56,F-Fe,OK,,3191,10,85,12.104632139205933,2026-07-11T17:18:18.424056+00:00,inner_fit_subset_of_outer_train_only,inner_fit_subset_of_outer_train_only,inner_fit_subset_of_outer_train_only,False,True
P3,leave_chemical_system_out,57,Mg-Mn-O,OK,,3191,10,85,6.9818949699401855,2026-07-11T17:18:25.405950+00:00,inner_fit_subset_of_outer_train_only,inner_fit_subset_of_outer_train_only,inner_fit_subset_of_outer_train_only,False,True
P3,leave_chemical_system_out,58,B-Fe-O,OK,,3192,9,85,6.403948783874512,2026-07-11T17:18:31.825520+00:00,inner_fit_subset_of_outer_train_only,inner_fit_subset_of_outer_train_only,inner_fit_subset_of_outer_train_only,False,True
P3,leave_chemical_system_out,59,Mn-Ni-O-P,OK,,3192,9,85,14.732088565826416,2026-07-11T17:18:46.557609+00:00,inner_fit_subset_of_outer_train_only,inner_fit_subset_of_outer_train_only,inner_fit_subset_of_outer_train_only,False,True
P3,leave_chemical_system_out,60,C-Co-O,OK,,3193,8,85,9.560040473937988,2026-07-11T17:18:56.133276+00:00,inner_fit_subset_of_outer_train_only,inner_fit_subset_of_outer_train_only,inner_fit_subset_of_outer_train_only,False,True
P3,leave_chemical_system_out,61,C-Cu-O,OK,,3193,8,85,8.30416226387024,2026-07-11T17:19:04.437439+00:00,inner_fit_subset_of_outer_train_only,inner_fit_subset_of_outer_train_only,inner_fit_subset_of_outer_train_only,False,True
P3,leave_chemical_system_out,62,Cr-Ni-O,OK,,3193,8,85,7.724099397659302,2026-07-11T17:19:12.161538+00:00,inner_fit_subset_of_outer_train_only,inner_fit_subset_of_outer_train_only,inner_fit_subset_of_outer_train_only,False,True
P3,leave_chemical_system_out,63,Mo-O,OK,,3193,8,85,9.572007894515991,2026-07-11T17:19:21.749169+00:00,inner_fit_subset_of_outer_train_only,inner_fit_subset_of_outer_train_only,inner_fit_subset_of_outer_train_only,False,True
P3,leave_chemical_system_out,64,Co-Mn-O-P,OK,,3193,8,85,13.635169744491575,2026-07-11T17:19:35.384339+00:00,inner_fit_subset_of_outer_train_only,inner_fit_subset_of_outer_train_only,inner_fit_subset_of_outer_train_only,False,True
P3,leave_chemical_system_out,65,Cr-F,OK,,3193,8,85,7.377727270126343,2026-07-11T17:19:42.777705+00:00,inner_fit_subset_of_outer_train_only,inner_fit_subset_of_outer_train_only,inner_fit_subset_of_outer_train_only,False,True
P3,leave_chemical_system_out,66,C-Fe-Na-O-P,OK,,3194,7,85,7.384448766708374,2026-07-11T17:19:50.177777+00:00,inner_fit_subset_of_outer_train_only,inner_fit_subset_of_outer_train_only,inner_fit_subset_of_outer_train_only,False,True
P3,leave_chemical_system_out,67,Cr-Mn-O-P,OK,,3194,7,85,14.714174509048462,2026-07-11T17:20:04.891951+00:00,inner_fit_subset_of_outer_train_only,inner_fit_subset_of_outer_train_only,inner_fit_subset_of_outer_train_only,False,True
P3,leave_chemical_system_out,68,Cr-O-Si,OK,,3194,7,85,12.85521364212036,2026-07-11T17:20:17.747165+00:00,inner_fit_subset_of_outer_train_only,inner_fit_subset_of_outer_train_only,inner_fit_subset_of_outer_train_only,False,True
P3,leave_chemical_system_out,69,H-Mn-O-S,OK,,3194,7,85,13.02763056755066,2026-07-11T17:20:30.774795+00:00,inner_fit_subset_of_outer_train_only,inner_fit_subset_of_outer_train_only,inner_fit_subset_of_outer_train_only,False,True
P3,leave_chemical_system_out,70,H-O-P-V,OK,,3194,7,85,6.628091096878052,2026-07-11T17:20:37.402886+00:00,inner_fit_subset_of_outer_train_only,inner_fit_subset_of_outer_train_only,inner_fit_subset_of_outer_train_only,False,True
P3,leave_chemical_system_out,71,Mn-O-S,OK,,3194,7,85,14.745852947235107,2026-07-11T17:20:52.161249+00:00,inner_fit_subset_of_outer_train_only,inner_fit_subset_of_outer_train_only,inner_fit_subset_of_outer_train_only,False,True
P3,leave_chemical_system_out,72,S-V,OK,,3194,7,85,14.901307344436646,2026-07-11T17:21:07.078175+00:00,inner_fit_subset_of_outer_train_only,inner_fit_subset_of_outer_train_only,inner_fit_subset_of_outer_train_only,False,True
P3,leave_chemical_system_out,73,Co-O-Ti,OK,,3194,7,85,12.679730653762816,2026-07-11T17:21:19.757906+00:00,inner_fit_subset_of_outer_train_only,inner_fit_subset_of_outer_train_only,inner_fit_subset_of_outer_train_only,False,True
P3,leave_chemical_system_out,74,Mo-Se,OK,,3194,7,85,6.523357152938843,2026-07-11T17:21:26.296888+00:00,inner_fit_subset_of_outer_train_only,inner_fit_subset_of_outer_train_only,inner_fit_subset_of_outer_train_only,False,True
P3,leave_working_ion_out,0,Li,OK,,543,2658,85,3.218344688415528,2026-07-11T17:21:29.530868+00:00,inner_fit_subset_of_outer_train_only,inner_fit_subset_of_outer_train_only,inner_fit_subset_of_outer_train_only,False,True
P3,leave_working_ion_out,1,Na,OK,,2807,394,85,13.109000444412231,2026-07-11T17:21:42.639868+00:00,inner_fit_subset_of_outer_train_only,inner_fit_subset_of_outer_train_only,inner_fit_subset_of_outer_train_only,False,True
P3,leave_working_ion_out,2,K,OK,,3052,149,85,8.054541110992432,2026-07-11T17:21:50.694410+00:00,inner_fit_subset_of_outer_train_only,inner_fit_subset_of_outer_train_only,inner_fit_subset_of_outer_train_only,False,True
