target,protocol,split_name,model_name,n_rows,n_ok,n_error
average_voltage,P0,framework_groupkfold,DummyMean,5,5,0
average_voltage,P0,framework_groupkfold,ExtraTrees,5,5,0
average_voltage,P0,framework_groupkfold,Ridge,5,5,0
average_voltage,P0,leave_chemical_system_out,DummyMean,75,75,0
average_voltage,P0,leave_chemical_system_out,ExtraTrees,75,75,0
average_voltage,P0,leave_chemical_system_out,Ridge,75,75,0
average_voltage,P0,leave_family_out,DummyMean,10,10,0
average_voltage,P0,leave_family_out,ExtraTrees,10,10,0
average_voltage,P0,leave_family_out,Ridge,10,10,0
average_voltage,P0,leave_working_ion_out,DummyMean,3,3,0
average_voltage,P0,leave_working_ion_out,ExtraTrees,3,3,0
average_voltage,P0,leave_working_ion_out,Ridge,3,3,0
average_voltage,P0,random_split,DummyMean,5,5,0
average_voltage,P0,random_split,ExtraTrees,5,5,0
average_voltage,P0,random_split,Ridge,5,5,0
average_voltage,P1,framework_groupkfold,DummyMean,5,5,0
average_voltage,P1,framework_groupkfold,ExtraTrees,5,5,0
average_voltage,P1,framework_groupkfold,Ridge,5,5,0
average_voltage,P1,leave_chemical_system_out,DummyMean,75,75,0
average_voltage,P1,leave_chemical_system_out,ExtraTrees,75,75,0
average_voltage,P1,leave_chemical_system_out,Ridge,75,75,0
average_voltage,P1,leave_family_out,DummyMean,10,10,0
average_voltage,P1,leave_family_out,ExtraTrees,10,10,0
average_voltage,P1,leave_family_out,Ridge,10,10,0
average_voltage,P1,leave_working_ion_out,DummyMean,3,3,0
average_voltage,P1,leave_working_ion_out,ExtraTrees,3,3,0
average_voltage,P1,leave_working_ion_out,Ridge,3,3,0
average_voltage,P1,random_split,DummyMean,5,5,0
average_voltage,P1,random_split,ExtraTrees,5,5,0
average_voltage,P1,random_split,Ridge,5,5,0
average_voltage,P2,framework_groupkfold,DummyMean,5,5,0
average_voltage,P2,framework_groupkfold,ExtraTrees,5,5,0
average_voltage,P2,framework_groupkfold,Ridge,5,5,0
average_voltage,P2,leave_chemical_system_out,DummyMean,75,75,0
average_voltage,P2,leave_chemical_system_out,ExtraTrees,75,75,0
average_voltage,P2,leave_chemical_system_out,Ridge,75,75,0
average_voltage,P2,leave_family_out,DummyMean,10,10,0
average_voltage,P2,leave_family_out,ExtraTrees,10,10,0
average_voltage,P2,leave_family_out,Ridge,10,10,0
average_voltage,P2,leave_working_ion_out,DummyMean,3,3,0
average_voltage,P2,leave_working_ion_out,ExtraTrees,3,3,0
average_voltage,P2,leave_working_ion_out,Ridge,3,3,0
average_voltage,P2,random_split,DummyMean,5,5,0
average_voltage,P2,random_split,ExtraTrees,5,5,0
average_voltage,P2,random_split,Ridge,5,5,0
average_voltage,P3,framework_groupkfold,DummyMean,5,5,0
average_voltage,P3,framework_groupkfold,ExtraTrees,5,5,0
average_voltage,P3,framework_groupkfold,Ridge,5,5,0
average_voltage,P3,leave_chemical_system_out,DummyMean,75,75,0
average_voltage,P3,leave_chemical_system_out,ExtraTrees,75,75,0
average_voltage,P3,leave_chemical_system_out,Ridge,75,75,0
average_voltage,P3,leave_family_out,DummyMean,10,10,0
average_voltage,P3,leave_family_out,ExtraTrees,10,10,0
average_voltage,P3,leave_family_out,Ridge,10,10,0
average_voltage,P3,leave_working_ion_out,DummyMean,3,3,0
average_voltage,P3,leave_working_ion_out,ExtraTrees,3,3,0
average_voltage,P3,leave_working_ion_out,Ridge,3,3,0
average_voltage,P3,random_split,DummyMean,5,5,0
average_voltage,P3,random_split,ExtraTrees,5,5,0
average_voltage,P3,random_split,Ridge,5,5,0
average_voltage,P4,framework_groupkfold,DummyMean,5,5,0
average_voltage,P4,framework_groupkfold,ExtraTrees,5,5,0
average_voltage,P4,framework_groupkfold,Ridge,5,5,0
average_voltage,P4,leave_chemical_system_out,DummyMean,75,75,0
average_voltage,P4,leave_chemical_system_out,ExtraTrees,75,75,0
average_voltage,P4,leave_chemical_system_out,Ridge,75,75,0
average_voltage,P4,leave_family_out,DummyMean,10,10,0
average_voltage,P4,leave_family_out,ExtraTrees,10,10,0
average_voltage,P4,leave_family_out,Ridge,10,10,0
average_voltage,P4,leave_working_ion_out,DummyMean,3,3,0
average_voltage,P4,leave_working_ion_out,ExtraTrees,3,3,0
average_voltage,P4,leave_working_ion_out,Ridge,3,3,0
average_voltage,P4,random_split,DummyMean,5,5,0
average_voltage,P4,random_split,ExtraTrees,5,5,0
average_voltage,P4,random_split,Ridge,5,5,0
capacity_grav,P0,framework_groupkfold,DummyMean,5,5,0
capacity_grav,P0,framework_groupkfold,ExtraTrees,5,5,0
capacity_grav,P0,framework_groupkfold,Ridge,5,5,0
capacity_grav,P0,leave_chemical_system_out,DummyMean,75,75,0
capacity_grav,P0,leave_chemical_system_out,ExtraTrees,75,75,0
capacity_grav,P0,leave_chemical_system_out,Ridge,75,75,0
capacity_grav,P0,leave_family_out,DummyMean,10,10,0
capacity_grav,P0,leave_family_out,ExtraTrees,10,10,0
capacity_grav,P0,leave_family_out,Ridge,10,10,0
capacity_grav,P0,leave_working_ion_out,DummyMean,3,3,0
capacity_grav,P0,leave_working_ion_out,ExtraTrees,3,3,0
capacity_grav,P0,leave_working_ion_out,Ridge,3,3,0
capacity_grav,P0,random_split,DummyMean,5,5,0
capacity_grav,P0,random_split,ExtraTrees,5,5,0
capacity_grav,P0,random_split,Ridge,5,5,0
capacity_grav,P1,framework_groupkfold,DummyMean,5,5,0
capacity_grav,P1,framework_groupkfold,ExtraTrees,5,5,0
capacity_grav,P1,framework_groupkfold,Ridge,5,5,0
capacity_grav,P1,leave_chemical_system_out,DummyMean,75,75,0
capacity_grav,P1,leave_chemical_system_out,ExtraTrees,75,75,0
capacity_grav,P1,leave_chemical_system_out,Ridge,75,75,0
capacity_grav,P1,leave_family_out,DummyMean,10,10,0
capacity_grav,P1,leave_family_out,ExtraTrees,10,10,0
capacity_grav,P1,leave_family_out,Ridge,10,10,0
capacity_grav,P1,leave_working_ion_out,DummyMean,3,3,0
capacity_grav,P1,leave_working_ion_out,ExtraTrees,3,3,0
capacity_grav,P1,leave_working_ion_out,Ridge,3,3,0
capacity_grav,P1,random_split,DummyMean,5,5,0
capacity_grav,P1,random_split,ExtraTrees,5,5,0
capacity_grav,P1,random_split,Ridge,5,5,0
capacity_grav,P2,framework_groupkfold,DummyMean,5,5,0
capacity_grav,P2,framework_groupkfold,ExtraTrees,5,5,0
capacity_grav,P2,framework_groupkfold,Ridge,5,5,0
capacity_grav,P2,leave_chemical_system_out,DummyMean,75,75,0
capacity_grav,P2,leave_chemical_system_out,ExtraTrees,75,75,0
capacity_grav,P2,leave_chemical_system_out,Ridge,75,75,0
capacity_grav,P2,leave_family_out,DummyMean,10,10,0
capacity_grav,P2,leave_family_out,ExtraTrees,10,10,0
capacity_grav,P2,leave_family_out,Ridge,10,10,0
capacity_grav,P2,leave_working_ion_out,DummyMean,3,3,0
capacity_grav,P2,leave_working_ion_out,ExtraTrees,3,3,0
capacity_grav,P2,leave_working_ion_out,Ridge,3,3,0
capacity_grav,P2,random_split,DummyMean,5,5,0
capacity_grav,P2,random_split,ExtraTrees,5,5,0
capacity_grav,P2,random_split,Ridge,5,5,0
capacity_grav,P3,framework_groupkfold,DummyMean,5,5,0
capacity_grav,P3,framework_groupkfold,ExtraTrees,5,5,0
capacity_grav,P3,framework_groupkfold,Ridge,5,5,0
capacity_grav,P3,leave_chemical_system_out,DummyMean,75,75,0
capacity_grav,P3,leave_chemical_system_out,ExtraTrees,75,75,0
capacity_grav,P3,leave_chemical_system_out,Ridge,75,75,0
capacity_grav,P3,leave_family_out,DummyMean,10,10,0
capacity_grav,P3,leave_family_out,ExtraTrees,10,10,0
capacity_grav,P3,leave_family_out,Ridge,10,10,0
capacity_grav,P3,leave_working_ion_out,DummyMean,3,3,0
capacity_grav,P3,leave_working_ion_out,ExtraTrees,3,3,0
capacity_grav,P3,leave_working_ion_out,Ridge,3,3,0
capacity_grav,P3,random_split,DummyMean,5,5,0
capacity_grav,P3,random_split,ExtraTrees,5,5,0
capacity_grav,P3,random_split,Ridge,5,5,0
capacity_grav,P4,framework_groupkfold,DummyMean,5,5,0
capacity_grav,P4,framework_groupkfold,ExtraTrees,5,5,0
capacity_grav,P4,framework_groupkfold,Ridge,5,5,0
capacity_grav,P4,leave_chemical_system_out,DummyMean,75,75,0
capacity_grav,P4,leave_chemical_system_out,ExtraTrees,75,75,0
capacity_grav,P4,leave_chemical_system_out,Ridge,75,75,0
capacity_grav,P4,leave_family_out,DummyMean,10,10,0
capacity_grav,P4,leave_family_out,ExtraTrees,10,10,0
capacity_grav,P4,leave_family_out,Ridge,10,10,0
capacity_grav,P4,leave_working_ion_out,DummyMean,3,3,0
capacity_grav,P4,leave_working_ion_out,ExtraTrees,3,3,0
capacity_grav,P4,leave_working_ion_out,Ridge,3,3,0
capacity_grav,P4,random_split,DummyMean,5,5,0
capacity_grav,P4,random_split,ExtraTrees,5,5,0
capacity_grav,P4,random_split,Ridge,5,5,0
energy_grav,P0,framework_groupkfold,DummyMean,5,5,0
energy_grav,P0,framework_groupkfold,ExtraTrees,5,5,0
energy_grav,P0,framework_groupkfold,Ridge,5,5,0
energy_grav,P0,leave_chemical_system_out,DummyMean,75,75,0
energy_grav,P0,leave_chemical_system_out,ExtraTrees,75,75,0
energy_grav,P0,leave_chemical_system_out,Ridge,75,75,0
energy_grav,P0,leave_family_out,DummyMean,10,10,0
energy_grav,P0,leave_family_out,ExtraTrees,10,10,0
energy_grav,P0,leave_family_out,Ridge,10,10,0
energy_grav,P0,leave_working_ion_out,DummyMean,3,3,0
energy_grav,P0,leave_working_ion_out,ExtraTrees,3,3,0
energy_grav,P0,leave_working_ion_out,Ridge,3,3,0
energy_grav,P0,random_split,DummyMean,5,5,0
energy_grav,P0,random_split,ExtraTrees,5,5,0
energy_grav,P0,random_split,Ridge,5,5,0
energy_grav,P1,framework_groupkfold,DummyMean,5,5,0
energy_grav,P1,framework_groupkfold,ExtraTrees,5,5,0
energy_grav,P1,framework_groupkfold,Ridge,5,5,0
energy_grav,P1,leave_chemical_system_out,DummyMean,75,75,0
energy_grav,P1,leave_chemical_system_out,ExtraTrees,75,75,0
energy_grav,P1,leave_chemical_system_out,Ridge,75,75,0
energy_grav,P1,leave_family_out,DummyMean,10,10,0
energy_grav,P1,leave_family_out,ExtraTrees,10,10,0
energy_grav,P1,leave_family_out,Ridge,10,10,0
energy_grav,P1,leave_working_ion_out,DummyMean,3,3,0
energy_grav,P1,leave_working_ion_out,ExtraTrees,3,3,0
energy_grav,P1,leave_working_ion_out,Ridge,3,3,0
energy_grav,P1,random_split,DummyMean,5,5,0
energy_grav,P1,random_split,ExtraTrees,5,5,0
energy_grav,P1,random_split,Ridge,5,5,0
energy_grav,P2,framework_groupkfold,DummyMean,5,5,0
energy_grav,P2,framework_groupkfold,ExtraTrees,5,5,0
energy_grav,P2,framework_groupkfold,Ridge,5,5,0
energy_grav,P2,leave_chemical_system_out,DummyMean,75,75,0
energy_grav,P2,leave_chemical_system_out,ExtraTrees,75,75,0
energy_grav,P2,leave_chemical_system_out,Ridge,75,75,0
energy_grav,P2,leave_family_out,DummyMean,10,10,0
energy_grav,P2,leave_family_out,ExtraTrees,10,10,0
energy_grav,P2,leave_family_out,Ridge,10,10,0
energy_grav,P2,leave_working_ion_out,DummyMean,3,3,0
energy_grav,P2,leave_working_ion_out,ExtraTrees,3,3,0
energy_grav,P2,leave_working_ion_out,Ridge,3,3,0
energy_grav,P2,random_split,DummyMean,5,5,0
energy_grav,P2,random_split,ExtraTrees,5,5,0
energy_grav,P2,random_split,Ridge,5,5,0
energy_grav,P3,framework_groupkfold,DummyMean,5,5,0
energy_grav,P3,framework_groupkfold,ExtraTrees,5,5,0
energy_grav,P3,framework_groupkfold,Ridge,5,5,0
energy_grav,P3,leave_chemical_system_out,DummyMean,75,75,0
energy_grav,P3,leave_chemical_system_out,ExtraTrees,75,75,0
energy_grav,P3,leave_chemical_system_out,Ridge,75,75,0
energy_grav,P3,leave_family_out,DummyMean,10,10,0
energy_grav,P3,leave_family_out,ExtraTrees,10,10,0
energy_grav,P3,leave_family_out,Ridge,10,10,0
energy_grav,P3,leave_working_ion_out,DummyMean,3,3,0
energy_grav,P3,leave_working_ion_out,ExtraTrees,3,3,0
energy_grav,P3,leave_working_ion_out,Ridge,3,3,0
energy_grav,P3,random_split,DummyMean,5,5,0
energy_grav,P3,random_split,ExtraTrees,5,5,0
energy_grav,P3,random_split,Ridge,5,5,0
energy_grav,P4,framework_groupkfold,DummyMean,5,5,0
energy_grav,P4,framework_groupkfold,ExtraTrees,5,5,0
energy_grav,P4,framework_groupkfold,Ridge,5,5,0
energy_grav,P4,leave_chemical_system_out,DummyMean,75,75,0
energy_grav,P4,leave_chemical_system_out,ExtraTrees,75,75,0
energy_grav,P4,leave_chemical_system_out,Ridge,75,75,0
energy_grav,P4,leave_family_out,DummyMean,10,10,0
energy_grav,P4,leave_family_out,ExtraTrees,10,10,0
energy_grav,P4,leave_family_out,Ridge,10,10,0
energy_grav,P4,leave_working_ion_out,DummyMean,3,3,0
energy_grav,P4,leave_working_ion_out,ExtraTrees,3,3,0
energy_grav,P4,leave_working_ion_out,Ridge,3,3,0
energy_grav,P4,random_split,DummyMean,5,5,0
energy_grav,P4,random_split,ExtraTrees,5,5,0
energy_grav,P4,random_split,Ridge,5,5,0
max_delta_volume,P0,framework_groupkfold,DummyMean,5,5,0
max_delta_volume,P0,framework_groupkfold,ExtraTrees,5,5,0
max_delta_volume,P0,framework_groupkfold,Ridge,5,5,0
max_delta_volume,P0,leave_chemical_system_out,DummyMean,75,75,0
max_delta_volume,P0,leave_chemical_system_out,ExtraTrees,75,75,0
max_delta_volume,P0,leave_chemical_system_out,Ridge,75,75,0
max_delta_volume,P0,leave_family_out,DummyMean,10,10,0
max_delta_volume,P0,leave_family_out,ExtraTrees,10,10,0
max_delta_volume,P0,leave_family_out,Ridge,10,10,0
max_delta_volume,P0,leave_working_ion_out,DummyMean,3,3,0
max_delta_volume,P0,leave_working_ion_out,ExtraTrees,3,3,0
max_delta_volume,P0,leave_working_ion_out,Ridge,3,3,0
max_delta_volume,P0,random_split,DummyMean,5,5,0
max_delta_volume,P0,random_split,ExtraTrees,5,5,0
max_delta_volume,P0,random_split,Ridge,5,5,0
max_delta_volume,P1,framework_groupkfold,DummyMean,5,5,0
max_delta_volume,P1,framework_groupkfold,ExtraTrees,5,5,0
max_delta_volume,P1,framework_groupkfold,Ridge,5,5,0
max_delta_volume,P1,leave_chemical_system_out,DummyMean,75,75,0
max_delta_volume,P1,leave_chemical_system_out,ExtraTrees,75,75,0
max_delta_volume,P1,leave_chemical_system_out,Ridge,75,75,0
max_delta_volume,P1,leave_family_out,DummyMean,10,10,0
max_delta_volume,P1,leave_family_out,ExtraTrees,10,10,0
max_delta_volume,P1,leave_family_out,Ridge,10,10,0
max_delta_volume,P1,leave_working_ion_out,DummyMean,3,3,0
max_delta_volume,P1,leave_working_ion_out,ExtraTrees,3,3,0
max_delta_volume,P1,leave_working_ion_out,Ridge,3,3,0
max_delta_volume,P1,random_split,DummyMean,5,5,0
max_delta_volume,P1,random_split,ExtraTrees,5,5,0
max_delta_volume,P1,random_split,Ridge,5,5,0
max_delta_volume,P2,framework_groupkfold,DummyMean,5,5,0
max_delta_volume,P2,framework_groupkfold,ExtraTrees,5,5,0
max_delta_volume,P2,framework_groupkfold,Ridge,5,5,0
max_delta_volume,P2,leave_chemical_system_out,DummyMean,75,75,0
max_delta_volume,P2,leave_chemical_system_out,ExtraTrees,75,75,0
max_delta_volume,P2,leave_chemical_system_out,Ridge,75,75,0
max_delta_volume,P2,leave_family_out,DummyMean,10,10,0
max_delta_volume,P2,leave_family_out,ExtraTrees,10,10,0
max_delta_volume,P2,leave_family_out,Ridge,10,10,0
max_delta_volume,P2,leave_working_ion_out,DummyMean,3,3,0
max_delta_volume,P2,leave_working_ion_out,ExtraTrees,3,3,0
max_delta_volume,P2,leave_working_ion_out,Ridge,3,3,0
max_delta_volume,P2,random_split,DummyMean,5,5,0
max_delta_volume,P2,random_split,ExtraTrees,5,5,0
max_delta_volume,P2,random_split,Ridge,5,5,0
max_delta_volume,P3,framework_groupkfold,DummyMean,5,5,0
max_delta_volume,P3,framework_groupkfold,ExtraTrees,5,5,0
max_delta_volume,P3,framework_groupkfold,Ridge,5,5,0
max_delta_volume,P3,leave_chemical_system_out,DummyMean,75,75,0
max_delta_volume,P3,leave_chemical_system_out,ExtraTrees,75,75,0
max_delta_volume,P3,leave_chemical_system_out,Ridge,75,75,0
max_delta_volume,P3,leave_family_out,DummyMean,10,10,0
max_delta_volume,P3,leave_family_out,ExtraTrees,10,10,0
max_delta_volume,P3,leave_family_out,Ridge,10,10,0
max_delta_volume,P3,leave_working_ion_out,DummyMean,3,3,0
max_delta_volume,P3,leave_working_ion_out,ExtraTrees,3,3,0
max_delta_volume,P3,leave_working_ion_out,Ridge,3,3,0
max_delta_volume,P3,random_split,DummyMean,5,5,0
max_delta_volume,P3,random_split,ExtraTrees,5,5,0
max_delta_volume,P3,random_split,Ridge,5,5,0
max_delta_volume,P4,framework_groupkfold,DummyMean,5,5,0
max_delta_volume,P4,framework_groupkfold,ExtraTrees,5,5,0
max_delta_volume,P4,framework_groupkfold,Ridge,5,5,0
max_delta_volume,P4,leave_chemical_system_out,DummyMean,75,75,0
max_delta_volume,P4,leave_chemical_system_out,ExtraTrees,75,75,0
max_delta_volume,P4,leave_chemical_system_out,Ridge,75,75,0
max_delta_volume,P4,leave_family_out,DummyMean,10,10,0
max_delta_volume,P4,leave_family_out,ExtraTrees,10,10,0
max_delta_volume,P4,leave_family_out,Ridge,10,10,0
max_delta_volume,P4,leave_working_ion_out,DummyMean,3,3,0
max_delta_volume,P4,leave_working_ion_out,ExtraTrees,3,3,0
max_delta_volume,P4,leave_working_ion_out,Ridge,3,3,0
max_delta_volume,P4,random_split,DummyMean,5,5,0
max_delta_volume,P4,random_split,ExtraTrees,5,5,0
max_delta_volume,P4,random_split,Ridge,5,5,0
stability_worst,P0,framework_groupkfold,DummyMean,5,5,0
stability_worst,P0,framework_groupkfold,ExtraTrees,5,5,0
stability_worst,P0,framework_groupkfold,Ridge,5,5,0
stability_worst,P0,leave_chemical_system_out,DummyMean,75,75,0
stability_worst,P0,leave_chemical_system_out,ExtraTrees,75,75,0
stability_worst,P0,leave_chemical_system_out,Ridge,75,75,0
stability_worst,P0,leave_family_out,DummyMean,10,10,0
stability_worst,P0,leave_family_out,ExtraTrees,10,10,0
stability_worst,P0,leave_family_out,Ridge,10,10,0
stability_worst,P0,leave_working_ion_out,DummyMean,3,3,0
stability_worst,P0,leave_working_ion_out,ExtraTrees,3,3,0
stability_worst,P0,leave_working_ion_out,Ridge,3,3,0
stability_worst,P0,random_split,DummyMean,5,5,0
stability_worst,P0,random_split,ExtraTrees,5,5,0
stability_worst,P0,random_split,Ridge,5,5,0
stability_worst,P1,framework_groupkfold,DummyMean,5,5,0
stability_worst,P1,framework_groupkfold,ExtraTrees,5,5,0
stability_worst,P1,framework_groupkfold,Ridge,5,5,0
stability_worst,P1,leave_chemical_system_out,DummyMean,75,75,0
stability_worst,P1,leave_chemical_system_out,ExtraTrees,75,75,0
stability_worst,P1,leave_chemical_system_out,Ridge,75,75,0
stability_worst,P1,leave_family_out,DummyMean,10,10,0
stability_worst,P1,leave_family_out,ExtraTrees,10,10,0
stability_worst,P1,leave_family_out,Ridge,10,10,0
stability_worst,P1,leave_working_ion_out,DummyMean,3,3,0
stability_worst,P1,leave_working_ion_out,ExtraTrees,3,3,0
stability_worst,P1,leave_working_ion_out,Ridge,3,3,0
stability_worst,P1,random_split,DummyMean,5,5,0
stability_worst,P1,random_split,ExtraTrees,5,5,0
stability_worst,P1,random_split,Ridge,5,5,0
stability_worst,P2,framework_groupkfold,DummyMean,5,5,0
stability_worst,P2,framework_groupkfold,ExtraTrees,5,5,0
stability_worst,P2,framework_groupkfold,Ridge,5,5,0
stability_worst,P2,leave_chemical_system_out,DummyMean,75,75,0
stability_worst,P2,leave_chemical_system_out,ExtraTrees,75,75,0
stability_worst,P2,leave_chemical_system_out,Ridge,75,75,0
stability_worst,P2,leave_family_out,DummyMean,10,10,0
stability_worst,P2,leave_family_out,ExtraTrees,10,10,0
stability_worst,P2,leave_family_out,Ridge,10,10,0
stability_worst,P2,leave_working_ion_out,DummyMean,3,3,0
stability_worst,P2,leave_working_ion_out,ExtraTrees,3,3,0
stability_worst,P2,leave_working_ion_out,Ridge,3,3,0
stability_worst,P2,random_split,DummyMean,5,5,0
stability_worst,P2,random_split,ExtraTrees,5,5,0
stability_worst,P2,random_split,Ridge,5,5,0
stability_worst,P3,framework_groupkfold,DummyMean,5,5,0
stability_worst,P3,framework_groupkfold,ExtraTrees,5,5,0
stability_worst,P3,framework_groupkfold,Ridge,5,5,0
stability_worst,P3,leave_chemical_system_out,DummyMean,75,75,0
stability_worst,P3,leave_chemical_system_out,ExtraTrees,75,75,0
stability_worst,P3,leave_chemical_system_out,Ridge,75,75,0
stability_worst,P3,leave_family_out,DummyMean,10,10,0
stability_worst,P3,leave_family_out,ExtraTrees,10,10,0
stability_worst,P3,leave_family_out,Ridge,10,10,0
stability_worst,P3,leave_working_ion_out,DummyMean,3,3,0
stability_worst,P3,leave_working_ion_out,ExtraTrees,3,3,0
stability_worst,P3,leave_working_ion_out,Ridge,3,3,0
stability_worst,P3,random_split,DummyMean,5,5,0
stability_worst,P3,random_split,ExtraTrees,5,5,0
stability_worst,P3,random_split,Ridge,5,5,0
stability_worst,P4,framework_groupkfold,DummyMean,5,5,0
stability_worst,P4,framework_groupkfold,ExtraTrees,5,5,0
stability_worst,P4,framework_groupkfold,Ridge,5,5,0
stability_worst,P4,leave_chemical_system_out,DummyMean,75,75,0
stability_worst,P4,leave_chemical_system_out,ExtraTrees,75,75,0
stability_worst,P4,leave_chemical_system_out,Ridge,75,75,0
stability_worst,P4,leave_family_out,DummyMean,10,10,0
stability_worst,P4,leave_family_out,ExtraTrees,10,10,0
stability_worst,P4,leave_family_out,Ridge,10,10,0
stability_worst,P4,leave_working_ion_out,DummyMean,3,3,0
stability_worst,P4,leave_working_ion_out,ExtraTrees,3,3,0
stability_worst,P4,leave_working_ion_out,Ridge,3,3,0
stability_worst,P4,random_split,DummyMean,5,5,0
stability_worst,P4,random_split,ExtraTrees,5,5,0
stability_worst,P4,random_split,Ridge,5,5,0
