split_name,reporting_name,target,stage,n_folds,n_test_records_sum,macro_et_mae,macro_et_rmse,median_et_mae,median_et_rmse,macro_dummy_mae,macro_dummy_rmse,fraction_folds_et_better_dummy_mae,fraction_folds_et_better_dummy_rmse,macro_mae_skill_vs_dummy,macro_rmse_skill_vs_dummy,passes_10pct_macro_point_both
leave_chemical_system_out,host-chemical-system-held-out validation,average_voltage,P1,75,2038,0.5454144681290564,0.6685541018779806,0.5201719225152756,0.663329336666455,0.7628346977185363,0.893578676738989,0.7866666666666666,0.7733333333333333,0.2850161774755841,0.2518240203338439,True
leave_chemical_system_out,host-chemical-system-held-out validation,average_voltage,P2,75,2038,0.5110823481303558,0.627907262628337,0.4877474132689296,0.6016631151837243,0.7628346977185363,0.893578676738989,0.8533333333333334,0.88,0.3300221533460841,0.2973117208662463,True
leave_chemical_system_out,host-chemical-system-held-out validation,average_voltage,P3,75,2038,0.3967060703857475,0.4911715363211356,0.3456095677881798,0.4068392268554252,0.7628346977185363,0.893578676738989,0.9466666666666668,0.9733333333333334,0.4799580150559427,0.450332075835103,True
leave_chemical_system_out,host-chemical-system-held-out validation,capacity_grav,P1,75,2038,45.769794979728566,57.13768736914426,45.73788904315581,54.505508850847455,58.35260247343302,70.84896241964705,0.8,0.7866666666666666,0.2156340413340296,0.193528240671885,True
leave_chemical_system_out,host-chemical-system-held-out validation,capacity_grav,P2,75,2038,17.400537400029478,23.859139961875982,12.979735344078223,18.54810294477324,58.35260247343302,70.84896241964705,1.0,1.0,0.7018035758053524,0.6632393877477643,True
leave_chemical_system_out,host-chemical-system-held-out validation,capacity_grav,P3,75,2038,20.06618129708252,27.14867824166198,15.919018779157698,21.047818799222625,58.35260247343302,70.84896241964705,1.0,1.0,0.6561219132219798,0.6168090919827867,True
leave_chemical_system_out,host-chemical-system-held-out validation,capacity_vol,P1,75,2038,162.02974387934142,202.5597914598938,152.35724233715018,190.2641328979048,217.88456890142572,262.71051181395177,0.8,0.8,0.2563505314015785,0.228961985337899,True
leave_chemical_system_out,host-chemical-system-held-out validation,capacity_vol,P2,75,2038,54.7664053746788,76.55651927772648,38.07157864412636,56.88625097232185,217.88456890142572,262.71051181395177,1.0,1.0,0.7486448643388971,0.7085898133686297,True
leave_chemical_system_out,host-chemical-system-held-out validation,capacity_vol,P3,75,2038,64.01090806984084,86.96164494082375,53.98581761903368,71.92420979158621,217.88456890142572,262.71051181395177,1.0,1.0,0.7062164227940331,0.6689830020870696,True
leave_chemical_system_out,host-chemical-system-held-out validation,energy_grav,P1,75,2038,161.12925816729302,202.7293449703213,149.01246303766797,185.94501082574945,218.25693047414427,261.36241551155547,0.84,0.84,0.2617450551638673,0.224336274312715,True
leave_chemical_system_out,host-chemical-system-held-out validation,energy_grav,P2,75,2038,95.12270690531348,119.98364281052874,83.47273432811183,101.59786739917332,218.25693047414427,261.36241551155547,0.9866666666666668,0.9733333333333334,0.5641709672235029,0.5409300048911434,True
leave_chemical_system_out,host-chemical-system-held-out validation,energy_grav,P3,75,2038,92.85545290087184,118.63719942815466,79.20273371870518,99.03759719545506,218.25693047414427,261.36241551155547,0.9866666666666668,0.9866666666666668,0.5745589718541746,0.5460816384178642,True
leave_chemical_system_out,host-chemical-system-held-out validation,energy_vol,P1,75,2038,573.8991647913871,713.0923821332867,520.4510385790275,651.2916444261366,774.1352570105515,927.205825071678,0.8533333333333334,0.84,0.2586577609091317,0.2309233151353843,True
leave_chemical_system_out,host-chemical-system-held-out validation,energy_vol,P2,75,2038,324.6333651049132,407.5038242799744,282.4858502238086,367.6549070413228,774.1352570105515,927.205825071678,0.9866666666666668,0.9866666666666668,0.5806503292996401,0.5605033820311988,True
leave_chemical_system_out,host-chemical-system-held-out validation,energy_vol,P3,75,2038,315.8319693545355,396.5799643056704,272.0132738441123,336.0442600423369,774.1352570105515,927.205825071678,0.9866666666666668,0.9866666666666668,0.5920196548414915,0.5722848653641571,True
leave_chemical_system_out,host-chemical-system-held-out validation,max_delta_volume,P1,75,2038,0.0343902085272545,0.0465723696399909,0.0285467140841763,0.0376584824269343,0.0425811776305689,0.0547349123276782,0.8133333333333334,0.7733333333333333,0.1923612628654522,0.149128633637359,True
leave_chemical_system_out,host-chemical-system-held-out validation,max_delta_volume,P2,75,2038,0.0325106247034319,0.0440066601173796,0.0262365300358293,0.0359013581197379,0.0425811776305689,0.0547349123276782,0.88,0.84,0.236502452198678,0.196003825603526,True
leave_chemical_system_out,host-chemical-system-held-out validation,max_delta_volume,P3,75,2038,0.031488947363624,0.0423183597453413,0.0249954161236658,0.0328540086844508,0.0425811776305689,0.0547349123276782,0.9066666666666666,0.8933333333333333,0.2604960896849836,0.2268488621668631,True
leave_chemical_system_out,host-chemical-system-held-out validation,stability_charge,P1,75,2038,0.0427699457971119,0.0620693967765648,0.0310658950206666,0.0414901282544925,0.0447487516336616,0.0636751315720149,0.6266666666666667,0.6266666666666667,0.0442203584303142,0.0252176125248208,False
leave_chemical_system_out,host-chemical-system-held-out validation,stability_charge,P2,75,2038,0.040280874460755,0.0583414940431801,0.0309056964558047,0.0389607777155552,0.0447487516336616,0.0636751315720149,0.64,0.6533333333333333,0.099843615962366,0.0837632745650879,False
leave_chemical_system_out,host-chemical-system-held-out validation,stability_charge,P3,75,2038,0.0351973733978992,0.0513330258277785,0.0264917627241165,0.0339692560745913,0.0447487516336616,0.0636751315720149,0.76,0.72,0.2134445741404201,0.1938292931562727,True
leave_chemical_system_out,host-chemical-system-held-out validation,stability_discharge,P1,75,2038,0.0313971137902617,0.0469558294794561,0.0242594949115214,0.0312778796534536,0.0365133123690321,0.0523255195822303,0.7066666666666667,0.7466666666666667,0.1401187196346938,0.1026208654141622,True
leave_chemical_system_out,host-chemical-system-held-out validation,stability_discharge,P2,75,2038,0.0300535095939624,0.0454166720140012,0.0241016734926372,0.0300302332687462,0.0365133123690321,0.0523255195822303,0.8266666666666667,0.8133333333333334,0.17691637257617,0.1320359095024705,True
leave_chemical_system_out,host-chemical-system-held-out validation,stability_discharge,P3,75,2038,0.0298666628032839,0.0445247619319547,0.0246666450230813,0.0320547724263782,0.0365133123690321,0.0523255195822303,0.8,0.8266666666666667,0.1820335963654007,0.1490813223176231,True
leave_chemical_system_out,host-chemical-system-held-out validation,stability_worst,P1,75,2038,0.0409182567952551,0.0596080569694351,0.0323510769876176,0.0414782289469421,0.0437762472744888,0.0633536973132754,0.6133333333333333,0.6133333333333333,0.0652863289380049,0.0591226795386325,False
leave_chemical_system_out,host-chemical-system-held-out validation,stability_worst,P2,75,2038,0.0380544246608108,0.0555961727974157,0.0287623624986301,0.0383572440496991,0.0437762472744888,0.0633536973132754,0.6933333333333334,0.68,0.1307061013659001,0.1224478577390633,True
leave_chemical_system_out,host-chemical-system-held-out validation,stability_worst,P3,75,2038,0.0363901494136538,0.0529185904703274,0.0287785761567777,0.0360380511535446,0.0437762472744888,0.0633536973132754,0.72,0.7066666666666667,0.1687238701509104,0.1647118840017786,True
leave_family_out,coarse-chemistry-family-held-out validation,average_voltage,P1,10,3201,0.8087096261995494,0.9956334576101634,0.677790671462903,0.875750393812474,1.1739831786311044,1.373128315087448,0.8,0.8,0.3111403630650599,0.2749159370828674,True
leave_family_out,coarse-chemistry-family-held-out validation,average_voltage,P2,10,3201,0.820400415409323,1.00161380952511,0.7124332038244148,0.8769001929109603,1.1739831786311044,1.373128315087448,0.8,0.9,0.3011821375788946,0.2705606617242309,True
leave_family_out,coarse-chemistry-family-held-out validation,average_voltage,P3,10,3201,0.6528795511594122,0.8101981393461118,0.5874150347830621,0.7053305058194477,1.1739831786311044,1.373128315087448,0.9,0.9,0.4438765707693638,0.4099618146068787,True
leave_family_out,coarse-chemistry-family-held-out validation,capacity_grav,P1,10,3201,55.788523421263946,78.9978138911508,47.0622623397196,62.99437890425386,71.24817498319496,95.55978648444996,0.9,0.9,0.2169831236460081,0.1733152950900975,True
leave_family_out,coarse-chemistry-family-held-out validation,capacity_grav,P2,10,3201,40.12755340180365,59.22395289789246,29.533864740572877,37.71062465827752,71.24817498319496,95.55978648444996,1.0,1.0,0.4367918418784988,0.3802418875482761,True
leave_family_out,coarse-chemistry-family-held-out validation,capacity_grav,P3,10,3201,37.4127244794271,56.08343641404053,29.410085590963416,38.46870292568336,71.24817498319496,95.55978648444996,1.0,1.0,0.4748956799489742,0.4131063025850653,True
leave_family_out,coarse-chemistry-family-held-out validation,capacity_vol,P1,10,3201,177.9865774876607,240.795021583141,158.63909113776873,211.99371174050472,213.06382935899592,265.127328196662,0.8,0.7,0.1646325984887504,0.0917759281135748,False
leave_family_out,coarse-chemistry-family-held-out validation,capacity_vol,P2,10,3201,100.26120130755162,145.49764993045616,82.37157202762829,108.17340496390833,213.06382935899592,265.127328196662,1.0,1.0,0.5294311492983668,0.4512159462394944,True
leave_family_out,coarse-chemistry-family-held-out validation,capacity_vol,P3,10,3201,104.76944102937776,145.4281938721876,95.19702194168129,125.73601681367026,213.06382935899592,265.127328196662,1.0,1.0,0.5082720453087819,0.4514779186990707,True
leave_family_out,coarse-chemistry-family-held-out validation,energy_grav,P1,10,3201,181.28560738172428,245.0193658011104,178.10822935200784,227.539737943728,250.20465299265237,302.7458655573679,0.9,0.8,0.2754506952073029,0.1906764264145459,True
leave_family_out,coarse-chemistry-family-held-out validation,energy_grav,P2,10,3201,139.7789565190476,186.90521050083268,118.95752481601366,151.53550239135797,250.20465299265237,302.7458655573679,1.0,1.0,0.4413414984606524,0.3826333180248975,True
leave_family_out,coarse-chemistry-family-held-out validation,energy_grav,P3,10,3201,132.8602015464832,175.79301150196642,114.1830170544342,145.47202748828136,250.20465299265237,302.7458655573679,1.0,1.0,0.4689938817789097,0.4193380273638946,True
leave_family_out,coarse-chemistry-family-held-out validation,energy_vol,P1,10,3201,596.8048840734439,790.861187102785,537.007827659985,689.7786384626539,796.4182846224277,955.3154063469937,0.9,0.9,0.2506388971765234,0.1721465163773091,True
leave_family_out,coarse-chemistry-family-held-out validation,energy_vol,P2,10,3201,454.0652032535146,602.9827043303376,437.8241422063084,574.7750653637895,796.4182846224277,955.3154063469937,1.0,1.0,0.4298659234465197,0.3688129592339896,True
leave_family_out,coarse-chemistry-family-held-out validation,energy_vol,P3,10,3201,436.4732874139162,576.970047201263,428.529500090726,541.2334794816597,796.4182846224277,955.3154063469937,1.0,1.0,0.4519547129422789,0.39604235065409,True
leave_family_out,coarse-chemistry-family-held-out validation,max_delta_volume,P1,10,3201,0.1014625392731143,0.1597500848219906,0.0434225891907257,0.0630383770310598,0.0622513200374907,0.1039883024480315,0.6,0.6,-0.6298857471939336,-0.536231297763768,False
leave_family_out,coarse-chemistry-family-held-out validation,max_delta_volume,P2,10,3201,0.0955557525478436,0.150383795550791,0.0401099038526487,0.0601038784818404,0.0622513200374907,0.1039883024480315,0.7,0.7,-0.534999619129287,-0.4461606931793684,False
leave_family_out,coarse-chemistry-family-held-out validation,max_delta_volume,P3,10,3201,0.080549817593796,0.1301046820599955,0.0371038172259293,0.05343491029474,0.0622513200374907,0.1039883024480315,0.9,0.9,-0.2939455347338018,-0.2511472828880512,False
leave_family_out,coarse-chemistry-family-held-out validation,stability_charge,P1,10,3201,0.1047990540592305,0.1709007995133669,0.0626007908786834,0.0963121422140697,0.0879012394437329,0.1601446562531598,0.4,0.4,-0.1922363634737387,-0.0671651712387058,False
leave_family_out,coarse-chemistry-family-held-out validation,stability_charge,P2,10,3201,0.100685922286724,0.1683270881321808,0.0611820244201029,0.1081990829941332,0.0879012394437329,0.1601446562531598,0.4,0.5,-0.1454437152865719,-0.0510940050730515,False
leave_family_out,coarse-chemistry-family-held-out validation,stability_charge,P3,10,3201,0.0886008959195943,0.1429670081430321,0.0642142425598477,0.1508030788167766,0.0879012394437329,0.1601446562531598,0.6,0.7,-0.0079595746349996,0.1072633237475805,False
leave_family_out,coarse-chemistry-family-held-out validation,stability_discharge,P1,10,3201,0.0580787430675235,0.0972556678303899,0.0532084324305627,0.0888517025640043,0.0537765452938991,0.0946992654993201,0.5,0.6,-0.0800013788560067,-0.0269949541592608,False
leave_family_out,coarse-chemistry-family-held-out validation,stability_discharge,P2,10,3201,0.0621914391560681,0.1012856961344488,0.0496134531312978,0.089931114083445,0.0537765452938991,0.0946992654993201,0.3,0.5,-0.156478885286885,-0.069551021334753,False
leave_family_out,coarse-chemistry-family-held-out validation,stability_discharge,P3,10,3201,0.066986550723775,0.1050638676098605,0.0487084737947009,0.0914122491142185,0.0537765452938991,0.0946992654993201,0.6,0.6,-0.2456462265785339,-0.1094475448768375,False
leave_family_out,coarse-chemistry-family-held-out validation,stability_worst,P1,10,3201,0.1153991135076102,0.1843528733074379,0.0595292198559652,0.0982005718715462,0.0855457116036157,0.160815893602071,0.4,0.5,-0.3489760193044289,-0.1463597855794505,False
leave_family_out,coarse-chemistry-family-held-out validation,stability_worst,P2,10,3201,0.1119718389269419,0.1786130437571236,0.0527425513774036,0.1127146901176664,0.0855457116036157,0.160815893602071,0.6,0.7,-0.3089123560719704,-0.1106678559961897,False
leave_family_out,coarse-chemistry-family-held-out validation,stability_worst,P3,10,3201,0.1003571568789611,0.1514717636216053,0.0567638344730174,0.1479444354228575,0.0855457116036157,0.160815893602071,0.5,0.7,-0.1731407103605113,0.0581045179749907,False
leave_working_ion_out,working-ion-held-out validation,average_voltage,P1,3,3201,0.5528576279626676,0.7442435621302571,0.6073604829830965,0.798034243165379,1.0022884933121337,1.2259619234832415,1.0,1.0,0.4484046942056471,0.3929309321323055,True
leave_working_ion_out,working-ion-held-out validation,average_voltage,P2,3,3201,0.5480889881495749,0.7357326028985534,0.6067710615170097,0.7862817679860645,1.0022884933121337,1.2259619234832415,1.0,1.0,0.4531624459357247,0.3998732025802508,True
leave_working_ion_out,working-ion-held-out validation,average_voltage,P3,3,3201,0.4699026933803534,0.5992234029202713,0.4370361503101923,0.5557645198097101,1.0022884933121337,1.2259619234832415,1.0,1.0,0.5311702204347108,0.5112218483770369,True
leave_working_ion_out,working-ion-held-out validation,capacity_grav,P1,3,3201,39.26286446296519,60.72251482290761,35.24183002245976,64.89620807474193,58.27333500676677,72.4924164617663,1.0,1.0,0.3262293215515133,0.1623604538699068,True
leave_working_ion_out,working-ion-held-out validation,capacity_grav,P2,3,3201,33.09679610920355,48.63923072582764,29.710009427724863,43.84070163615208,58.27333500676677,72.4924164617663,1.0,1.0,0.4320421835242428,0.3290438765897564,True
leave_working_ion_out,working-ion-held-out validation,capacity_grav,P3,3,3201,27.8275981092532,40.20272937720399,27.38478124896607,37.26137910920264,58.27333500676677,72.4924164617663,1.0,1.0,0.5224642951013216,0.4454215856025771,True
leave_working_ion_out,working-ion-held-out validation,capacity_vol,P1,3,3201,139.8086977652675,212.7498399547751,125.08806312859636,215.5866873991008,206.44644430700745,256.6755821874293,1.0,1.0,0.3227846658508811,0.1711333110002603,True
leave_working_ion_out,working-ion-held-out validation,capacity_vol,P2,3,3201,113.9176921719619,164.5778691469422,102.73881544737657,152.9221081002605,206.44644430700745,256.6755821874293,1.0,1.0,0.4481973639490038,0.3588097950557511,True
leave_working_ion_out,working-ion-held-out validation,capacity_vol,P3,3,3201,100.01775077557204,142.19217854683652,99.97270131608688,129.05279650033194,206.44644430700745,256.6755821874293,1.0,1.0,0.515526890708589,0.4460237419740023,True
leave_working_ion_out,working-ion-held-out validation,energy_grav,P1,3,3201,138.6704472510299,207.5023469689381,120.6402314786002,210.3053457547062,230.0095812604508,284.30101171204905,1.0,1.0,0.397110126929857,0.2701315210967155,True
leave_working_ion_out,working-ion-held-out validation,energy_grav,P2,3,3201,125.76627370483531,181.41467852228268,109.38325063986672,169.87167859939473,230.0095812604508,284.30101171204905,1.0,1.0,0.4532128921950247,0.3618922513507394,True
leave_working_ion_out,working-ion-held-out validation,energy_grav,P3,3,3201,120.37821776876604,167.82553878291503,102.57078769717091,150.12552785995126,230.0095812604508,284.30101171204905,1.0,1.0,0.4766382465065398,0.4096906733737017,True
leave_working_ion_out,working-ion-held-out validation,energy_vol,P1,3,3201,483.3166282583039,694.7041852915722,399.85971188018976,627.1819617655068,771.0927687654452,957.8514637116356,1.0,1.0,0.3732056014062797,0.2747266025990902,True
leave_working_ion_out,working-ion-held-out validation,energy_vol,P2,3,3201,433.5255922890219,601.9492606818559,392.2389130947877,554.6143487572106,771.0927687654452,957.8514637116356,1.0,1.0,0.4377776451164025,0.3715630413620427,True
leave_working_ion_out,working-ion-held-out validation,energy_vol,P3,3,3201,407.3721929463194,554.762169092779,337.7970715496614,464.5031150809306,771.0927687654452,957.8514637116356,1.0,1.0,0.4716949640202942,0.4208265163127713,True
leave_working_ion_out,working-ion-held-out validation,max_delta_volume,P1,3,3201,0.0676820690922226,0.1138115480537335,0.0560162193473739,0.0886609783392327,0.0752146069840686,0.1159568656924812,1.0,0.3333333333333333,0.100147274497379,0.0185009971245434,False
leave_working_ion_out,working-ion-held-out validation,max_delta_volume,P2,3,3201,0.0652432205652852,0.1066579364397978,0.0550902060291004,0.0856538742430233,0.0752146069840686,0.1159568656924812,1.0,1.0,0.1325724725370888,0.0801930027786727,False
leave_working_ion_out,working-ion-held-out validation,max_delta_volume,P3,3,3201,0.0630139628910066,0.0973400652460274,0.0590615036821478,0.0872440532287935,0.0752146069840686,0.1159568656924812,1.0,0.6666666666666666,0.1622110994430405,0.1605493588954512,True
leave_working_ion_out,working-ion-held-out validation,stability_charge,P1,3,3201,0.0458542808703364,0.1153969516897598,0.0392183817763338,0.1208838819913027,0.0625427200604392,0.1199470026614118,0.6666666666666666,0.6666666666666666,0.2668326413366034,0.0379338447038639,False
leave_working_ion_out,working-ion-held-out validation,stability_charge,P2,3,3201,0.0482921151725288,0.1040744952730678,0.0432577842984925,0.1037137315726926,0.0625427200604392,0.1199470026614118,0.6666666666666666,0.6666666666666666,0.227853935264393,0.1323293374253725,True
leave_working_ion_out,working-ion-held-out validation,stability_charge,P3,3,3201,0.0363256241399772,0.0767992556073042,0.0320463513678582,0.0694432758640352,0.0625427200604392,0.1199470026614118,0.6666666666666666,1.0,0.4191870116158465,0.3597234286537835,True
leave_working_ion_out,working-ion-held-out validation,stability_discharge,P1,3,3201,0.0399123934582629,0.0737661551304258,0.0428661572866547,0.0695561490144141,0.0480659668187798,0.078121683906078,0.6666666666666666,0.3333333333333333,0.1696329835881143,0.0557531348260312,False
leave_working_ion_out,working-ion-held-out validation,stability_discharge,P2,3,3201,0.0397113230211533,0.073253126688464,0.0401805501176668,0.0703131234365298,0.0480659668187798,0.078121683906078,0.6666666666666666,0.3333333333333333,0.1738162019943452,0.0623201776278559,False
leave_working_ion_out,working-ion-held-out validation,stability_discharge,P3,3,3201,0.0383791293291846,0.0655121777450945,0.0394208752929014,0.0680862547340216,0.0480659668187798,0.078121683906078,0.6666666666666666,1.0,0.2015321469786911,0.1614085300074088,True
leave_working_ion_out,working-ion-held-out validation,stability_worst,P1,3,3201,0.0534304647765115,0.1157588347499085,0.0516376767412925,0.1122586560739978,0.0649666427399894,0.120843973903565,0.6666666666666666,0.3333333333333333,0.1775707882835834,0.0420802046588976,False
leave_working_ion_out,working-ion-held-out validation,stability_worst,P2,3,3201,0.0502489022363743,0.1029534385243648,0.0501561962576154,0.1060478928728769,0.0649666427399894,0.120843973903565,0.6666666666666666,0.6666666666666666,0.2265430362858478,0.1480465661736438,True
leave_working_ion_out,working-ion-held-out validation,stability_worst,P3,3,3201,0.0461622624604314,0.0850757240005709,0.0476013745532861,0.0876190499065314,0.0649666427399894,0.120843973903565,0.6666666666666666,1.0,0.2894466988977278,0.2959870380589897,True
