target,stage,split_name,fold_id,heldout_group,n_train,n_test,n_features,et_mae,et_rmse,et_r2,et_spearman,dummy_mae,dummy_rmse,dummy_r2,dummy_spearman,source,mae_skill_vs_dummy,rmse_skill_vs_dummy,reporting_name
average_voltage,P1,leave_working_ion_out,0,Li,543,2658,73,0.629153779866332,0.8387681312688935,0.412368747093914,0.5993111008964797,0.9152564654009038,1.1367179972878356,-0.0792610782256151,,historical_notebook04_reused_after_compatibility_gate,0.31259291395363387,0.2621141450472666,working-ion-held-out validation
average_voltage,P1,leave_working_ion_out,1,Na,2807,394,73,0.4220586210385742,0.5959283119564991,0.7314199234944693,0.8584447423592081,0.951900840143695,1.196954873839967,-0.0835309237502723,,historical_notebook04_reused_after_compatibility_gate,0.5566149295814656,0.5021296750773122,working-ion-held-out validation
average_voltage,P1,leave_working_ion_out,2,K,3052,149,73,0.6073604829830965,0.798034243165379,0.6418517595851625,0.820255148635333,1.1397081743918025,1.3442128993219218,-0.0161454690414035,,historical_notebook04_reused_after_compatibility_gate,0.4670912285882215,0.4063185648880907,working-ion-held-out validation
average_voltage,P2,leave_working_ion_out,0,Li,543,2658,93,0.6091620195143418,0.8084480580735214,0.4540846732905952,0.6247985444763425,0.9152564654009038,1.1367179972878356,-0.0792610782256151,,historical_notebook04_reused_after_compatibility_gate,0.3344357100525758,0.28878749170643325,working-ion-held-out validation
average_voltage,P2,leave_working_ion_out,1,Na,2807,394,93,0.4283338834173733,0.6124679826360742,0.7163044415601161,0.859447417122133,0.951900840143695,1.196954873839967,-0.0835309237502723,,historical_notebook04_reused_after_compatibility_gate,0.5500225807630197,0.4883115512356724,working-ion-held-out validation
average_voltage,P2,leave_working_ion_out,2,K,3052,149,93,0.6067710615170097,0.7862817679860645,0.6523228261773936,0.8252893161617993,1.1397081743918025,1.3442128993219218,-0.0161454690414035,,historical_notebook04_reused_after_compatibility_gate,0.46760839735065607,0.41506158110616365,working-ion-held-out validation
average_voltage,P3,leave_working_ion_out,0,Li,543,2658,108,0.5487430327853143,0.695210974320958,0.5963041533944122,0.7594178598336762,0.9152564654009038,1.1367179972878356,-0.0792610782256151,,historical_notebook04_reused_after_compatibility_gate,0.4004488867008964,0.3884050609036682,working-ion-held-out validation
average_voltage,P3,leave_working_ion_out,1,Na,2807,394,108,0.4239288970455538,0.5557645198097101,0.7664029299503079,0.91647816091503,0.951900840143695,1.196954873839967,-0.0835309237502723,,historical_notebook04_reused_after_compatibility_gate,0.5546501492933242,0.5356846511458243,working-ion-held-out validation
average_voltage,P3,leave_working_ion_out,2,K,3052,149,108,0.4370361503101923,0.5466947146301459,0.8319225238420355,0.9318519862144024,1.1397081743918025,1.3442128993219218,-0.0161454690414035,,historical_notebook04_reused_after_compatibility_gate,0.6165367941285377,0.593297523847657,working-ion-held-out validation
capacity_grav,P1,leave_working_ion_out,0,Li,543,2658,73,53.216616291573565,74.51294623162636,0.07573609128772,0.4192831522462636,57.723597740883655,81.0929235444157,-0.0947083707630978,,historical_notebook04_reused_after_compatibility_gate,0.07807866497756333,0.08114120227994237,working-ion-held-out validation
capacity_grav,P1,leave_working_ion_out,1,Na,2807,394,73,29.330147074862243,42.75839016235455,0.5667818600842153,0.7713531286022072,56.39244515468143,67.12309655382859,-0.0675983856348549,,historical_notebook04_reused_after_compatibility_gate,0.4798922622629461,0.3629854348560192,working-ion-held-out validation
capacity_grav,P1,leave_working_ion_out,2,K,3052,149,73,35.24183002245976,64.89620807474193,-0.1704490759447254,0.7703831890591342,60.70396212473523,69.26122928705459,-0.3331968257687439,,historical_notebook04_reused_after_compatibility_gate,0.419447614472933,0.06302257781509679,working-ion-held-out validation
capacity_grav,P2,leave_working_ion_out,0,Li,543,2658,93,41.32002279797522,58.978125035339886,0.42095215846944,0.7403957332661315,57.723597740883655,81.0929235444157,-0.0947083707630978,,historical_notebook04_reused_after_compatibility_gate,0.2841745072187408,0.2727093504892968,working-ion-held-out validation
capacity_grav,P2,leave_working_ion_out,1,Na,2807,394,93,29.710009427724863,43.84070163615208,0.5445728325971688,0.8016845678263324,56.39244515468143,67.12309655382859,-0.0675983856348549,,historical_notebook04_reused_after_compatibility_gate,0.4731562118607925,0.34686115678536167,working-ion-held-out validation
capacity_grav,P2,leave_working_ion_out,2,K,3052,149,93,28.260356101910578,43.09886550599094,0.4837672452217398,0.823015647757378,60.70396212473523,69.26122928705459,-0.3331968257687439,,historical_notebook04_reused_after_compatibility_gate,0.5344561522386156,0.37773461502730754,working-ion-held-out validation
capacity_grav,P3,leave_working_ion_out,0,Li,543,2658,112,34.54598747878901,52.88035983262142,0.534498240565703,0.826637747285065,57.723597740883655,81.0929235444157,-0.0947083707630978,,historical_notebook04_reused_after_compatibility_gate,0.4015274717653078,0.34790413859406455,working-ion-held-out validation
capacity_grav,P3,leave_working_ion_out,1,Na,2807,394,112,21.552025600004505,30.46644918978789,0.7800582767018169,0.8780523288368891,56.39244515468143,67.12309655382859,-0.0675983856348549,,historical_notebook04_reused_after_compatibility_gate,0.6178206931639786,0.5461107911588126,working-ion-held-out validation
capacity_grav,P3,leave_working_ion_out,2,K,3052,149,112,27.38478124896607,37.26137910920264,0.6141382497360448,0.8365927830278596,60.70396212473523,69.26122928705459,-0.3331968257687439,,historical_notebook04_reused_after_compatibility_gate,0.5488798376505393,0.46201678063246476,working-ion-held-out validation
capacity_vol,P1,leave_working_ion_out,0,Li,543,2658,73,190.7809325448808,269.95085168250563,0.0223468653061489,0.3696966347036192,204.93475944193716,285.68928092220875,-0.094972683808655,,cmt_stage_d_new_fit,0.0690650377495697,0.055089323578747,working-ion-held-out validation
capacity_vol,P1,leave_working_ion_out,1,Na,2807,394,73,103.5570976223253,152.71198078271888,0.5930794554051688,0.758440528900777,204.14953924979676,245.7830289998869,-0.0540644849120008,,cmt_stage_d_new_fit,0.4927390088516773,0.3786715811741862,working-ion-held-out validation
capacity_vol,P1,leave_working_ion_out,2,K,3052,149,73,125.08806312859636,215.5866873991008,-0.174479335790483,0.7492576464071246,210.25503422928836,238.55443664019228,-0.4380583137838414,,cmt_stage_d_new_fit,0.405065074483854,0.0962788601401422,working-ion-held-out validation
capacity_vol,P2,leave_working_ion_out,0,Li,543,2658,93,150.6627479426696,220.4786096544544,0.3478487722069701,0.6983874460661371,204.93475944193716,285.68928092220875,-0.094972683808655,,cmt_stage_d_new_fit,0.2648257994254219,0.2282573257815395,working-ion-held-out validation
capacity_vol,P2,leave_working_ion_out,1,Na,2807,394,93,102.73881544737657,152.9221081002605,0.5919588629231495,0.8156545692391377,204.14953924979676,245.7830289998869,-0.0540644849120008,,cmt_stage_d_new_fit,0.4967472577948576,0.3778166510417168,working-ion-held-out validation
capacity_vol,P2,leave_working_ion_out,2,K,3052,149,93,88.35151312583953,120.33288968611168,0.6340934419862245,0.8454017776165428,210.25503422928836,238.55443664019228,-0.4380583137838414,,cmt_stage_d_new_fit,0.5797888338336288,0.49557471501732,working-ion-held-out validation
capacity_vol,P3,leave_working_ion_out,0,Li,543,2658,112,127.03660471416376,190.07963290908063,0.515284885421692,0.8035285621065998,204.93475944193716,285.68928092220875,-0.094972683808655,,cmt_stage_d_new_fit,0.3801119680228954,0.3346630566764664,working-ion-held-out validation
capacity_vol,P3,leave_working_ion_out,1,Na,2807,394,112,73.04394629646544,107.44410623109694,0.7985679411975337,0.8861321601979248,204.14953924979676,245.7830289998869,-0.0540644849120008,,cmt_stage_d_new_fit,0.6422037171140069,0.562849775803087,working-ion-held-out validation
capacity_vol,P3,leave_working_ion_out,2,K,3052,149,112,99.97270131608688,129.05279650033194,0.579141269312202,0.8310429892980229,210.25503422928836,238.55443664019228,-0.4380583137838414,,cmt_stage_d_new_fit,0.524516967298561,0.4590216039663092,working-ion-held-out validation
energy_grav,P1,leave_working_ion_out,0,Li,543,2658,73,191.72737888891368,256.6998589432778,0.1918286120349485,0.5234126364164623,229.3787508369688,307.1878881254602,-0.157338464524948,,historical_notebook04_reused_after_compatibility_gate,0.16414498645001285,0.1643555333196025,working-ion-held-out validation
energy_grav,P1,leave_working_ion_out,1,Na,2807,394,73,103.64373138557592,155.5018362088303,0.5776896795659451,0.7923076611350459,212.69876620432728,257.68323401052123,-0.1596661387010385,,historical_notebook04_reused_after_compatibility_gate,0.5127205802124333,0.39653878993741154,working-ion-held-out validation
energy_grav,P1,leave_working_ion_out,2,K,3052,149,73,120.6402314786002,210.3053457547062,0.3383743366278702,0.7925780947518888,247.95122674005623,288.0319130001656,-0.2410604500503803,,historical_notebook04_reused_after_compatibility_gate,0.5134517660399585,0.26985401178589097,working-ion-held-out validation
energy_grav,P2,leave_working_ion_out,0,Li,543,2658,93,158.90604483149758,216.20011611746645,0.4267236092945317,0.7023058219488039,229.3787508369688,307.1878881254602,-0.157338464524948,,historical_notebook04_reused_after_compatibility_gate,0.30723293133442764,0.2961958316886275,working-ion-held-out validation
energy_grav,P2,leave_working_ion_out,1,Na,2807,394,93,109.38325063986672,158.1722408499869,0.5630606218111076,0.7514209911646973,212.69876620432728,257.68323401052123,-0.1596661387010385,,historical_notebook04_reused_after_compatibility_gate,0.48573631811860807,0.38617566075902043,working-ion-held-out validation
energy_grav,P2,leave_working_ion_out,2,K,3052,149,93,109.0095256431416,169.87167859939473,0.5683282034773017,0.8122728097224742,247.95122674005623,288.0319130001656,-0.2410604500503803,,historical_notebook04_reused_after_compatibility_gate,0.5603589985161738,0.4102331341343518,working-ion-held-out validation
energy_grav,P3,leave_working_ion_out,0,Li,543,2658,108,159.81476651156063,212.5560681904779,0.4458858675213807,0.6654371101556723,229.3787508369688,307.1878881254602,-0.157338464524948,,historical_notebook04_reused_after_compatibility_gate,0.3032712667218719,0.3080584345706143,working-ion-held-out validation
energy_grav,P3,leave_working_ion_out,1,Na,2807,394,108,98.74909909756656,140.79502029831593,0.6537934812018262,0.8123201780696337,212.69876620432728,257.68323401052123,-0.1596661387010385,,historical_notebook04_reused_after_compatibility_gate,0.5357326191412692,0.4536120254817694,working-ion-held-out validation
energy_grav,P3,leave_working_ion_out,2,K,3052,149,108,102.57078769717091,150.12552785995126,0.6628518251211939,0.8189951024850354,247.95122674005623,288.0319130001656,-0.2410604500503803,,historical_notebook04_reused_after_compatibility_gate,0.5863267585092342,0.4787885609749607,working-ion-held-out validation
energy_vol,P1,leave_working_ion_out,0,Li,543,2658,73,689.5952929410014,938.253854937051,0.0978860492720442,0.4252856053792606,789.4707734266927,1066.3102294112398,-0.165166085686824,,cmt_stage_d_new_fit,0.1265094083878273,0.1200929813314224,working-ion-held-out validation
energy_vol,P1,leave_working_ion_out,1,Na,2807,394,73,360.4948799537205,518.6767391721588,0.6074571460354357,0.7816788044434948,731.3083673484699,888.5299180713686,-0.1519606477794832,,cmt_stage_d_new_fit,0.5070548949675233,0.4162529267466966,working-ion-held-out validation
energy_vol,P1,leave_working_ion_out,2,K,3052,149,73,399.85971188018976,627.1819617655068,0.3493737331614351,0.7427873323946559,792.4991655211728,918.7142436522988,-0.3960641454154916,,cmt_stage_d_new_fit,0.4954446272290657,0.3173263981712324,working-ion-held-out validation
energy_vol,P2,leave_working_ion_out,0,Li,543,2658,93,571.4204660682817,784.5763507890626,0.3692008338973028,0.6727316123807313,789.4707734266927,1066.3102294112398,-0.165166085686824,,cmt_stage_d_new_fit,0.2761980743276475,0.2642138008726932,working-ion-held-out validation
energy_vol,P2,leave_working_ion_out,1,Na,2807,394,93,392.2389130947877,554.6143487572106,0.5511763486979306,0.7139135540205213,731.3083673484699,888.5299180713686,-0.1519606477794832,,cmt_stage_d_new_fit,0.4636477160558933,0.3758067821047047,working-ion-held-out validation
energy_vol,P2,leave_working_ion_out,2,K,3052,149,93,336.91739770399624,466.6570824992945,0.6398029122713296,0.8160239434064938,792.4991655211728,918.7142436522988,-0.3960641454154916,,cmt_stage_d_new_fit,0.5748671893144157,0.4920541553333009,working-ion-held-out validation
energy_vol,P3,leave_working_ion_out,0,Li,543,2658,108,566.1638821350697,780.017326352913,0.3765104433742212,0.654444852779681,789.4707734266927,1066.3102294112398,-0.165166085686824,,cmt_stage_d_new_fit,0.2828564385257239,0.2684893149870677,working-ion-held-out validation
energy_vol,P3,leave_working_ion_out,1,Na,2807,394,108,337.7970715496614,464.5031150809306,0.6851738534777703,0.798115416629675,731.3083673484699,888.5299180713686,-0.1519606477794832,,cmt_stage_d_new_fit,0.5380921556054064,0.4772228760859567,working-ion-held-out validation
energy_vol,P3,leave_working_ion_out,2,K,3052,149,108,318.15562515422727,419.7660658444934,0.7085533094955996,0.8452965717395249,792.4991655211728,918.7142436522988,-0.3960641454154916,,cmt_stage_d_new_fit,0.598541375188707,0.5430939829824166,working-ion-held-out validation
max_delta_volume,P1,leave_working_ion_out,0,Li,543,2658,73,0.0560162193473739,0.0886609783392327,-0.4142322446513831,0.162762993988172,0.0615333040544466,0.086669922212967,-0.3514267468007097,,historical_notebook04_reused_after_compatibility_gate,0.08966014082700657,-0.022972861581359583,working-ion-held-out validation
max_delta_volume,P1,leave_working_ion_out,1,Na,2807,394,73,0.0526884618761538,0.085035185090142,0.2183229878017447,0.453795851104582,0.0598452795259911,0.0994541027159972,-0.0692405597385783,,historical_notebook04_reused_after_compatibility_gate,0.11958867443720533,0.1449806215338355,working-ion-held-out validation
max_delta_volume,P1,leave_working_ion_out,2,K,3052,149,73,0.0943415260531402,0.1677384807318259,-0.4092915121123321,0.4756252189384163,0.1042652373717682,0.1617465721484794,-0.3104051676929924,,historical_notebook04_reused_after_compatibility_gate,0.09517756415059042,-0.037045042153017516,working-ion-held-out validation
max_delta_volume,P2,leave_working_ion_out,0,Li,543,2658,77,0.0550902060291004,0.0856538742430233,-0.3199264124930976,0.176123000604803,0.0615333040544466,0.086669922212967,-0.3514267468007097,,historical_notebook04_reused_after_compatibility_gate,0.10470911849045428,0.011723190052565724,working-ion-held-out validation
max_delta_volume,P2,leave_working_ion_out,1,Na,2807,394,77,0.0518234066854851,0.0831866268957383,0.2519389426202,0.4687238366328544,0.0598452795259911,0.0994541027159972,-0.0692405597385783,,historical_notebook04_reused_after_compatibility_gate,0.13404353533050273,0.16356766966881764,working-ion-held-out validation
max_delta_volume,P2,leave_working_ion_out,2,K,3052,149,77,0.0888160489812703,0.1511333081806321,-0.1440784455763073,0.5361218937057863,0.1042652373717682,0.1617465721484794,-0.3104051676929924,,historical_notebook04_reused_after_compatibility_gate,0.1481719965343028,0.06561662375202981,working-ion-held-out validation
max_delta_volume,P3,leave_working_ion_out,0,Li,543,2658,96,0.0590615036821478,0.0872440532287935,-0.3693906699356313,0.3118919978393736,0.0615333040544466,0.086669922212967,-0.3514267468007097,,historical_notebook04_reused_after_compatibility_gate,0.040170122672295805,-0.006624339807479451,working-ion-held-out validation
max_delta_volume,P3,leave_working_ion_out,1,Na,2807,394,96,0.0472509626854227,0.0764327419736874,0.368477399558202,0.591220123281241,0.0598452795259911,0.0994541027159972,-0.0692405597385783,,historical_notebook04_reused_after_compatibility_gate,0.21044795747171052,0.23147723536403508,working-ion-held-out validation
max_delta_volume,P3,leave_working_ion_out,2,K,3052,149,96,0.0827294223054495,0.1283434005356013,0.1749457419623301,0.6186432069653547,0.1042652373717682,0.1617465721484794,-0.3104051676929924,,historical_notebook04_reused_after_compatibility_gate,0.20654837229718837,0.2065154838781671,working-ion-held-out validation
stability_charge,P1,leave_working_ion_out,0,Li,543,2658,73,0.062635577778988,0.1248941634592851,-0.4401576242744431,0.2858563877063643,0.0456860530976499,0.1040827370124947,-0.000191476683526,,cmt_stage_d_new_fit,-0.3709999777198978,-0.199950799182885,working-ion-held-out validation
stability_charge,P1,leave_working_ion_out,1,Na,2807,394,73,0.0392183817763338,0.1004128096186918,0.4076865340699518,0.7735831367117514,0.0664255997644,0.1305079028825916,-0.0005688776815828,,cmt_stage_d_new_fit,0.4095893463448652,0.2305997767121745,working-ion-held-out validation
stability_charge,P1,leave_working_ion_out,2,K,3052,149,73,0.0357088830556876,0.1208838819913027,0.059676482928199,0.8711319637606383,0.0755165073192678,0.1252503680891492,-0.0094818687837676,,cmt_stage_d_new_fit,0.5271380480466599,0.0348620619999984,working-ion-held-out validation
stability_charge,P2,leave_working_ion_out,0,Li,543,2658,93,0.0603068707779764,0.117498510771903,-0.2746485769324323,0.2959119883653004,0.0456860530976499,0.1040827370124947,-0.000191476683526,,cmt_stage_d_new_fit,-0.3200280323860724,-0.1288952822003299,working-ion-held-out validation
stability_charge,P2,leave_working_ion_out,1,Na,2807,394,93,0.0432577842984925,0.1037137315726926,0.3681035892537003,0.7649510028522264,0.0664255997644,0.1305079028825916,-0.0005688776815828,,cmt_stage_d_new_fit,0.3487784159733544,0.2053068873078417,working-ion-held-out validation
stability_charge,P2,leave_working_ion_out,2,K,3052,149,93,0.0413116904411177,0.0910112434746078,0.4669958413344154,0.7191286886370584,0.0755165073192678,0.1252503680891492,-0.0094818687837676,,cmt_stage_d_new_fit,0.4529449002923201,0.2733654610114289,working-ion-held-out validation
stability_charge,P3,leave_working_ion_out,0,Li,543,2658,105,0.0469347042646681,0.0997140362260417,0.0820091910194678,0.4882801003561446,0.0456860530976499,0.1040827370124947,-0.000191476683526,,cmt_stage_d_new_fit,-0.0273311236658897,0.0419733465111373,working-ion-held-out validation
stability_charge,P3,leave_working_ion_out,1,Na,2807,394,105,0.0299958167874055,0.0612404547318359,0.7796818979526006,0.8312333438419895,0.0664255997644,0.1305079028825916,-0.0005688776815828,,cmt_stage_d_new_fit,0.5484298689993709,0.5307529017079566,working-ion-held-out validation
stability_charge,P3,leave_working_ion_out,2,K,3052,149,105,0.0320463513678582,0.0694432758640352,0.6896863349076425,0.8339328994106997,0.0755165073192678,0.1252503680891492,-0.0094818687837676,,cmt_stage_d_new_fit,0.5756377975430842,0.4455642971475519,working-ion-held-out validation
stability_discharge,P1,leave_working_ion_out,0,Li,543,2658,73,0.0428661572866547,0.0891076358216072,-0.1035207838230221,0.2281198849858319,0.0358923302853834,0.0864012198582456,-0.0375055363514258,,cmt_stage_d_new_fit,-0.1942985296809007,-0.0313238165827043,working-ion-held-out validation
stability_discharge,P1,leave_working_ion_out,1,Na,2807,394,73,0.0336082340081768,0.0626346805552562,-0.1785514125410194,0.5219230886593501,0.0460882478862602,0.0609187700947899,-0.1148618450078424,,cmt_stage_d_new_fit,0.2707851665110476,-0.0281671881719933,working-ion-held-out validation
stability_discharge,P1,leave_working_ion_out,2,K,3052,149,73,0.0432627890799573,0.0695561490144141,0.3596926498237127,0.4379816424614743,0.062217322284696,0.0870450617651985,-0.0027800940695619,,cmt_stage_d_new_fit,0.3046504174192183,0.2009179199385283,working-ion-held-out validation
stability_discharge,P2,leave_working_ion_out,0,Li,543,2658,93,0.0401805501176668,0.0873747694026907,-0.0610180197566103,0.2672688444805463,0.0358923302853834,0.0864012198582456,-0.0375055363514258,,cmt_stage_d_new_fit,-0.1194745450681904,-0.011267775455513,working-ion-held-out validation
stability_discharge,P2,leave_working_ion_out,1,Na,2807,394,93,0.0329312959123965,0.0620714872261715,-0.1574522977617893,0.6026933615726571,0.0460882478862602,0.0609187700947899,-0.1148618450078424,,cmt_stage_d_new_fit,0.285473034391182,-0.0189221996699535,working-ion-held-out validation
stability_discharge,P2,leave_working_ion_out,2,K,3052,149,93,0.0460221230333967,0.0703131234365298,0.3456799780416071,0.4948901660058216,0.062217322284696,0.0870450617651985,-0.0027800940695619,,cmt_stage_d_new_fit,0.2603004863692592,0.1922215687984989,working-ion-held-out validation
stability_discharge,P3,leave_working_ion_out,0,Li,543,2658,105,0.0394208752929014,0.0852926872580156,-0.0110538095928596,0.3181389491543465,0.0358923302853834,0.0864012198582456,-0.0375055363514258,,cmt_stage_d_new_fit,-0.0983091646449849,0.0128300572844771,working-ion-held-out validation
stability_discharge,P3,leave_working_ion_out,1,Na,2807,394,105,0.0321484200124231,0.0431575912432463,0.4404573518810541,0.5801918755181237,0.0460882478862602,0.0609187700947899,-0.1148618450078424,,cmt_stage_d_new_fit,0.3024594883328769,0.2915551122241486,working-ion-held-out validation
stability_discharge,P3,leave_working_ion_out,2,K,3052,149,105,0.0435680926822294,0.0680862547340216,0.3864692711668858,0.5519855647144866,0.062217322284696,0.0870450617651985,-0.0027800940695619,,cmt_stage_d_new_fit,0.2997433659573272,0.2178045100630492,working-ion-held-out validation
stability_worst,P1,leave_working_ion_out,0,Li,543,2658,73,0.0516376767412925,0.1122586560739978,-0.1747983683349889,0.3357813263435138,0.0428843703706208,0.1036207954030715,-0.0009617929142144,,historical_notebook04_reused_after_compatibility_gate,-0.20411413983749216,-0.08336030077096157,working-ion-held-out validation
stability_worst,P1,leave_working_ion_out,1,Na,2807,394,73,0.0464956434060458,0.1016654125834654,0.3841644551336891,0.6922977464588174,0.0688005089436373,0.1295671604142968,-0.0002491219647844,,historical_notebook04_reused_after_compatibility_gate,0.3241962287788318,0.21534583100852345,working-ion-held-out validation
stability_worst,P1,leave_working_ion_out,2,K,3052,149,73,0.0621580741821964,0.1333524355922624,-0.0646770261985973,0.5775002244264704,0.0832150489057102,0.1293439658933268,-0.0016323080925153,,historical_notebook04_reused_after_compatibility_gate,0.25304286905332674,-0.030990774646893593,working-ion-held-out validation
stability_worst,P2,leave_working_ion_out,0,Li,543,2658,93,0.0501561962576154,0.1084211456584363,-0.0958513359328885,0.3984397600044614,0.0428843703706208,0.1036207954030715,-0.0009617929142144,,historical_notebook04_reused_after_compatibility_gate,-0.1695682092134989,-0.04632612823219562,working-ion-held-out validation
stability_worst,P2,leave_working_ion_out,1,Na,2807,394,93,0.046482938848454,0.1060478928728769,0.3299265901731792,0.7376503728994501,0.0688005089436373,0.1295671604142968,-0.0002491219647844,,historical_notebook04_reused_after_compatibility_gate,0.3243808866801593,0.18152182594892097,working-ion-held-out validation
stability_worst,P2,leave_working_ion_out,2,K,3052,149,93,0.0541075716030535,0.0943912770417812,0.4665672174533884,0.6244465667015764,0.0832150489057102,0.1293439658933268,-0.0016323080925153,,historical_notebook04_reused_after_compatibility_gate,0.3497862187840324,0.2702305330607534,working-ion-held-out validation
stability_worst,P3,leave_working_ion_out,0,Li,543,2658,105,0.0476013745532861,0.101026220551871,0.0485370763233986,0.4533957349538044,0.0428843703706208,0.1036207954030715,-0.0009617929142144,,historical_notebook04_reused_after_compatibility_gate,-0.1099935510746548,0.025039132744618886,working-ion-held-out validation
stability_worst,P3,leave_working_ion_out,1,Na,2807,394,105,0.0374526079084513,0.0665819015433105,0.7358621214446791,0.7770661542471287,0.0688005089436373,0.1295671604142968,-0.0002491219647844,,historical_notebook04_reused_after_compatibility_gate,0.4556347259126645,0.4861205468236558,working-ion-held-out validation
stability_worst,P3,leave_working_ion_out,2,K,3052,149,105,0.053432804919557,0.0876190499065314,0.5403650359220624,0.662160011501728,0.0832150489057102,0.1293439658933268,-0.0016323080925153,,historical_notebook04_reused_after_compatibility_gate,0.3578949285951757,0.3225888096025058,working-ion-held-out validation
