target,stage,fold_id,n_train,n_test,n_features,et_mae,et_rmse,et_r2,et_spearman,dummy_mae,dummy_rmse,dummy_r2,dummy_spearman,mae_skill_vs_dummy,rmse_skill_vs_dummy,scientific_signature
average_voltage,P1,0,2560,641,73,0.4817310239320792,0.6800239034931168,0.5863870889731881,0.7658282904900972,0.8280527411517719,1.0675389925230516,-0.0193262840401609,,0.4182363030861776,0.3629985337716525,2f235b4e31f10740d300568bca44f565fa1769c33d260dc784ab507a0b828d6b
average_voltage,P1,1,2561,640,73,0.463794719330426,0.617285820201363,0.7212438993419892,0.8048586188249253,0.9362854520904312,1.1716613018378397,-0.0042826302946818,,0.5046438900712191,0.4731533599060552,2f235b4e31f10740d300568bca44f565fa1769c33d260dc784ab507a0b828d6b
average_voltage,P1,2,2561,640,73,0.5163796359878379,0.7096787445586383,0.5893605134222002,0.7330404543800445,0.8690147698723358,1.1076071271444108,-0.0002500819442958,,0.4057872732546335,0.3592685283740415,2f235b4e31f10740d300568bca44f565fa1769c33d260dc784ab507a0b828d6b
average_voltage,P1,3,2561,640,73,0.4523379245016512,0.6385491630924569,0.648186790878044,0.7782790545392757,0.8297400495558518,1.0765601684885195,-1.751361689006359e-07,,0.4548438095234991,0.4068616118419336,2f235b4e31f10740d300568bca44f565fa1769c33d260dc784ab507a0b828d6b
average_voltage,P1,4,2561,640,73,0.4934985853065342,0.6873743084881736,0.656367587413081,0.7917628244567364,0.9526652322211376,1.175934059768115,-0.0057116213720826,,0.4819811108715042,0.4154652611867382,2f235b4e31f10740d300568bca44f565fa1769c33d260dc784ab507a0b828d6b
average_voltage,P2,0,2560,641,93,0.4644098879077298,0.6435499827544789,0.6295664657069602,0.7881127793062648,0.8280527411517719,1.0675389925230516,-0.0193262840401609,,0.4391542170831251,0.39716489302794,9b58e748aa5e22a4538bf9e65edcccb287c30561d5afb1249d99350fd9099af8
average_voltage,P2,1,2561,640,93,0.4256302656075747,0.5745153502699852,0.7585345197481537,0.838176343772576,0.9362854520904312,1.1716613018378397,-0.0042826302946818,,0.5454054480316062,0.5096574843183654,9b58e748aa5e22a4538bf9e65edcccb287c30561d5afb1249d99350fd9099af8
average_voltage,P2,2,2561,640,93,0.4751878511372441,0.6582834470490575,0.6466842631236769,0.7836410149844962,0.8690147698723358,1.1076071271444108,-0.0002500819442958,,0.453187831080187,0.4056706291280212,9b58e748aa5e22a4538bf9e65edcccb287c30561d5afb1249d99350fd9099af8
average_voltage,P2,3,2561,640,93,0.4290076130904571,0.5991573385794208,0.6902543418989562,0.8089571157814999,0.8297400495558518,1.0765601684885195,-1.751361689006359e-07,,0.4829614247015088,0.4434520650892815,9b58e748aa5e22a4538bf9e65edcccb287c30561d5afb1249d99350fd9099af8
average_voltage,P2,4,2561,640,93,0.4794730079851945,0.666308374151471,0.677107414389222,0.8111688199922364,0.9526652322211376,1.175934059768115,-0.0057116213720826,,0.4967035724949216,0.4333794751358236,9b58e748aa5e22a4538bf9e65edcccb287c30561d5afb1249d99350fd9099af8
average_voltage,P3,0,2560,641,108,0.3695361816005434,0.5134645006993275,0.7641876340388445,0.877947214851211,0.8280527411517719,1.0675389925230516,-0.0193262840401609,,0.5537286899303773,0.5190203783697014,c189d135f7683914f585f9fb31bba7c141f0c10739bdf62ecd41c556f667e158
average_voltage,P3,1,2561,640,108,0.3329820162438987,0.4440623969786859,0.8557420431547476,0.9119191422586485,0.9362854520904312,1.1716613018378397,-0.0042826302946818,,0.6443584427158893,0.6209976413131164,c189d135f7683914f585f9fb31bba7c141f0c10739bdf62ecd41c556f667e158
average_voltage,P3,2,2561,640,108,0.3668746567362279,0.5066078148490819,0.790742572485678,0.8817931836991793,0.8690147698723358,1.1076071271444108,-0.0002500819442958,,0.5778269029994458,0.5426105498659997,c189d135f7683914f585f9fb31bba7c141f0c10739bdf62ecd41c556f667e158
average_voltage,P3,3,2561,640,108,0.3190511059768073,0.4486884899901671,0.8262946001931941,0.9102633612386752,0.8297400495558518,1.0765601684885195,-1.751361689006359e-07,,0.615480648249303,0.583220238753472,c189d135f7683914f585f9fb31bba7c141f0c10739bdf62ecd41c556f667e158
average_voltage,P3,4,2561,640,108,0.3802583952708671,0.508709249108341,0.8117882220287286,0.9062438659518214,0.9526652322211376,1.175934059768115,-0.0057116213720826,,0.6008478294266127,0.5673998513074325,c189d135f7683914f585f9fb31bba7c141f0c10739bdf62ecd41c556f667e158
capacity_grav,P1,0,2560,641,73,41.54409052083982,59.36635153246176,0.3867864312749665,0.6505401764758814,61.115884351689566,75.9093125778962,-0.0025848883625494,,0.3202407040078882,0.2179305869547755,fcd919eb2399cf205c8dbdab534e1538c60546179a889008571293379b012db9
capacity_grav,P1,1,2561,640,73,38.116624209676566,61.67664912476378,0.2836603254710639,0.6610976296071752,54.06152566247283,72.91828645252569,-0.0012680836306109,,0.2949399088798659,0.1541676014984377,fcd919eb2399cf205c8dbdab534e1538c60546179a889008571293379b012db9
capacity_grav,P1,2,2561,640,73,42.61331752116162,60.847185823034266,0.3167850040654444,0.5958184483626797,55.97945702562602,73.6143391149068,-2.835004858869894e-06,,0.2387686521922802,0.1734329676171364,fcd919eb2399cf205c8dbdab534e1538c60546179a889008571293379b012db9
capacity_grav,P1,3,2561,640,73,41.17536831609043,64.66330045322027,0.3939933963789919,0.685931500044393,60.21389942331773,83.81899357094866,-0.0182314465888437,,0.3161816671825552,0.2285364247605052,fcd919eb2399cf205c8dbdab534e1538c60546179a889008571293379b012db9
capacity_grav,P1,4,2561,640,73,39.48549449666241,56.57299944772043,0.4012988312692186,0.6997506198557789,56.07753138173325,73.27767255561213,-0.0044655099796528,,0.2958767348748797,0.2279640240376649,fcd919eb2399cf205c8dbdab534e1538c60546179a889008571293379b012db9
capacity_grav,P2,0,2560,641,93,17.039407650269922,27.80566798591225,0.8654766410578084,0.94635897793113,61.115884351689566,75.9093125778962,-0.0025848883625494,,0.7211951061328483,0.6336988566800841,688d2df64370ff997717086f6de06cfd50cda0cea46ac6fc992fa9450fc62e78
capacity_grav,P2,1,2561,640,93,16.323615177657977,35.45831407674075,0.7632371118203929,0.9406592878717808,54.06152566247283,72.91828645252569,-0.0012680836306109,,0.698054855507174,0.5137253520099337,688d2df64370ff997717086f6de06cfd50cda0cea46ac6fc992fa9450fc62e78
capacity_grav,P2,2,2561,640,93,18.611689531481545,29.2099989242668,0.8425511553322649,0.924222751611106,55.97945702562602,73.6143391149068,-2.835004858869894e-06,,0.6675264370113205,0.6032023206963517,688d2df64370ff997717086f6de06cfd50cda0cea46ac6fc992fa9450fc62e78
capacity_grav,P2,3,2561,640,93,18.384747705716507,35.33590109467672,0.8190352600691719,0.9398257826516664,60.21389942331773,83.81899357094866,-0.0182314465888437,,0.6946760153088998,0.578426087104391,688d2df64370ff997717086f6de06cfd50cda0cea46ac6fc992fa9450fc62e78
capacity_grav,P2,4,2561,640,93,18.870505827535624,35.46880675897452,0.7646659050571741,0.9161763792821822,56.07753138173325,73.27767255561213,-0.0044655099796528,,0.663492572469363,0.5159670671573744,688d2df64370ff997717086f6de06cfd50cda0cea46ac6fc992fa9450fc62e78
capacity_grav,P3,0,2560,641,112,19.807597053419595,29.437894365026924,0.8492197280284522,0.9332318750143332,61.115884351689566,75.9093125778962,-0.0025848883625494,,0.6759009991668065,0.6121965360334609,a00adbdded60250252f3ecffc488a39c8280503aefc099906eb09f88dc169d01
capacity_grav,P3,1,2561,640,112,18.1651258046428,34.95410441410613,0.7699226733449642,0.9390336075707086,54.06152566247283,72.91828645252569,-0.0012680836306109,,0.6639916172907372,0.5206400737781542,a00adbdded60250252f3ecffc488a39c8280503aefc099906eb09f88dc169d01
capacity_grav,P3,2,2561,640,112,20.098258219541364,31.553579312828795,0.8162727146129626,0.9238846204464214,55.97945702562602,73.6143391149068,-2.835004858869894e-06,,0.6409708259524405,0.5713663982831405,a00adbdded60250252f3ecffc488a39c8280503aefc099906eb09f88dc169d01
capacity_grav,P3,3,2561,640,112,19.654772836876063,36.240053924942856,0.8096559559208294,0.9457896820253692,60.21389942331773,83.81899357094866,-0.0182314465888437,,0.6735841221858356,0.5676391187605059,a00adbdded60250252f3ecffc488a39c8280503aefc099906eb09f88dc169d01
capacity_grav,P3,4,2561,640,112,18.0352667786608,31.812643298662064,0.8106823053541248,0.9313253702587302,56.07753138173325,73.27767255561213,-0.0044655099796528,,0.6783869344053255,0.5658617121809005,a00adbdded60250252f3ecffc488a39c8280503aefc099906eb09f88dc169d01
capacity_vol,P1,0,2560,641,73,146.27220079978974,209.6296271364548,0.4089205065324977,0.6599615931873486,220.8487490018924,272.7499089589717,-0.0006214243444477,,0.3376815514651776,0.2314218254496713,2ddf0bccd6df30f841e30ccdcdaa058daf86a8bb63f5840de96e61d5782ee432
capacity_vol,P1,1,2561,640,73,128.94096650399035,195.63339752045988,0.4638645619292605,0.7156965948822865,201.4142062684625,267.2122270271077,-0.0002329871793473,,0.3598218869818619,0.2678725831635931,2ddf0bccd6df30f841e30ccdcdaa058daf86a8bb63f5840de96e61d5782ee432
capacity_vol,P1,2,2561,640,73,144.11747985979017,205.94466068929788,0.3559066507769379,0.6415432681411792,196.69439407319388,256.7265798125625,-0.0008970539623152,,0.267302555627685,0.1978054596463707,2ddf0bccd6df30f841e30ccdcdaa058daf86a8bb63f5840de96e61d5782ee432
capacity_vol,P1,3,2561,640,73,140.57333079203605,215.3437469030823,0.440288369329066,0.6949969906422508,210.4918399239682,289.8979996538949,-0.0143556162966866,,0.3321673142160163,0.2571740848154242,2ddf0bccd6df30f841e30ccdcdaa058daf86a8bb63f5840de96e61d5782ee432
capacity_vol,P1,4,2561,640,73,133.50613638868336,194.58078665848663,0.4129661813091613,0.7018249495072234,201.53288737087988,254.46019541822469,-0.0039288262173446,,0.3375466499272015,0.2353193538239711,2ddf0bccd6df30f841e30ccdcdaa058daf86a8bb63f5840de96e61d5782ee432
capacity_vol,P2,0,2560,641,93,55.61073727356364,91.60489437463112,0.8871301558634945,0.9432445370048116,220.8487490018924,272.7499089589717,-0.0006214243444477,,0.7481953711538247,0.6641432632396926,43438b463e60d4a013ea5210a525e124ceec4e18ec703cff07931147eace2ae3
capacity_vol,P2,1,2561,640,93,50.9071523231036,99.31709928053614,0.8618227409240996,0.9547184324192332,201.4142062684625,267.2122270271077,-0.0002329871793473,,0.7472514314345331,0.6283212771155835,43438b463e60d4a013ea5210a525e124ceec4e18ec703cff07931147eace2ae3
capacity_vol,P2,2,2561,640,93,57.60045018642794,95.43487060021248,0.8616873447258424,0.9434094903661,196.69439407319388,256.7265798125625,-0.0008970539623152,,0.7071576418950014,0.628262602688471,43438b463e60d4a013ea5210a525e124ceec4e18ec703cff07931147eace2ae3
capacity_vol,P2,3,2561,640,93,54.30733599923941,91.98260718942186,0.8978799000328227,0.948388655906318,210.4918399239682,289.8979996538949,-0.0143556162966866,,0.74199790348711,0.6827069959115324,43438b463e60d4a013ea5210a525e124ceec4e18ec703cff07931147eace2ae3
capacity_vol,P2,4,2561,640,93,57.23865677368656,96.15345509363492,0.8566515502623315,0.9310493159162988,201.53288737087988,254.46019541822469,-0.0039288262173446,,0.715983542336936,0.6221277165349991,43438b463e60d4a013ea5210a525e124ceec4e18ec703cff07931147eace2ae3
capacity_vol,P3,0,2560,641,112,65.9498708232978,97.65417385616848,0.8717308581199794,0.9361071628928768,220.8487490018924,272.7499089589717,-0.0006214243444477,,0.7013799212295619,0.6419644126412593,b5de8b8db6b47b12529eff4d2f52a2dee0e159cd3f6cd30ef548b5ed90efb1bc
capacity_vol,P3,1,2561,640,112,56.05424306224937,103.12292826646788,0.8510299397313208,0.955380246900017,201.4142062684625,267.2122270271077,-0.0002329871793473,,0.7216966762139143,0.61407855690673,b5de8b8db6b47b12529eff4d2f52a2dee0e159cd3f6cd30ef548b5ed90efb1bc
capacity_vol,P3,2,2561,640,112,65.18953782987913,103.59304875356432,0.8370295104887907,0.9343796463126132,196.69439407319388,256.7265798125625,-0.0008970539623152,,0.6685745003712673,0.5964849107981021,b5de8b8db6b47b12529eff4d2f52a2dee0e159cd3f6cd30ef548b5ed90efb1bc
capacity_vol,P3,3,2561,640,112,62.2375575325842,103.03454288056216,0.8718656712402649,0.946929542674665,210.4918399239682,289.8979996538949,-0.0143556162966866,,0.7043231815776563,0.6445834638266782,b5de8b8db6b47b12529eff4d2f52a2dee0e159cd3f6cd30ef548b5ed90efb1bc
capacity_vol,P3,4,2561,640,112,57.67505124689817,89.3427480774379,0.8762395655630572,0.9406233749349976,201.53288737087988,254.46019541822469,-0.0039288262173446,,0.713818166358332,0.6488930304773354,b5de8b8db6b47b12529eff4d2f52a2dee0e159cd3f6cd30ef548b5ed90efb1bc
energy_grav,P1,0,2560,641,73,144.7134385344171,204.6297725204791,0.4624143691597325,0.6895338609125491,220.4847736852272,281.22168982674094,-0.0153309762304509,,0.3436579038286984,0.2723542318284543,593a7511f5c9a8970d1fd50208ce92f41cf7101f7c4a851efaec66cfec33a8b9
energy_grav,P1,1,2561,640,73,140.4474087378443,197.166148374377,0.4493377839484908,0.7081178411589701,208.8663248676631,265.70536488871306,-4.886144755888999e-05,,0.3275727486140657,0.2579519481777974,593a7511f5c9a8970d1fd50208ce92f41cf7101f7c4a851efaec66cfec33a8b9
energy_grav,P1,2,2561,640,73,157.05967629750708,213.1781860676178,0.4222246823094052,0.6482546004294075,220.83360820219613,280.4764493905652,-0.0001525855290451,,0.2887872567218001,0.2399426528294151,593a7511f5c9a8970d1fd50208ce92f41cf7101f7c4a851efaec66cfec33a8b9
energy_grav,P1,3,2561,640,73,144.8864577719102,209.13747083540565,0.4710097967456561,0.7458661652151347,226.0544860211512,289.4780681404636,-0.0134801735111427,,0.3590640012410387,0.2775360420951622,593a7511f5c9a8970d1fd50208ce92f41cf7101f7c4a851efaec66cfec33a8b9
energy_grav,P1,4,2561,640,73,148.5246998562116,211.1626988080729,0.4891003988139276,0.7369216664170942,225.87765060611736,295.4267461442396,-1.7915126817591442e-06,,0.3424550881520937,0.2852282281003275,593a7511f5c9a8970d1fd50208ce92f41cf7101f7c4a851efaec66cfec33a8b9
energy_grav,P2,0,2560,641,93,83.02436991890742,120.5885426322157,0.8133095501936976,0.9085111295011788,220.4847736852272,281.22168982674094,-0.0153309762304509,,0.6234462428800807,0.5711975747442894,d6d0ef84b7649c6dcb97883caad6a8f64310483d61dcdf9b16d714caba5d76fd
energy_grav,P2,1,2561,640,93,83.19945467780856,118.24574572301928,0.8019423498748517,0.897022832781792,208.8663248676631,265.70536488871306,-4.886144755888999e-05,,0.6016617100409871,0.5549741881480458,d6d0ef84b7649c6dcb97883caad6a8f64310483d61dcdf9b16d714caba5d76fd
energy_grav,P2,2,2561,640,93,92.00178730464684,128.36320856853308,0.7905142005699183,0.8883107675504911,220.83360820219613,280.4764493905652,-0.0001525855290451,,0.5833886515117317,0.5423387280912613,d6d0ef84b7649c6dcb97883caad6a8f64310483d61dcdf9b16d714caba5d76fd
energy_grav,P2,3,2561,640,93,87.4945915282034,131.7504930308466,0.7900632720961174,0.9007129560792192,226.0544860211512,289.4780681404636,-0.0134801735111427,,0.6129491032528467,0.5448688258935139,d6d0ef84b7649c6dcb97883caad6a8f64310483d61dcdf9b16d714caba5d76fd
energy_grav,P2,4,2561,640,93,89.9360972669298,139.138246249621,0.778183317410977,0.8821694205796402,225.87765060611736,295.4267461442396,-1.7915126817591442e-06,,0.6018371139172186,0.5290262372463461,d6d0ef84b7649c6dcb97883caad6a8f64310483d61dcdf9b16d714caba5d76fd
energy_grav,P3,0,2560,641,108,82.2134756187558,118.51735200808716,0.8196675478472599,0.9163581928791172,220.4847736852272,281.22168982674094,-0.0153309762304509,,0.6271240220146586,0.5785625494210456,470f6a8565884566be042cbc388b3bc6f739d81fee5d9701b79c0de6780feb76
energy_grav,P3,1,2561,640,108,79.44619731443072,113.553914751171,0.8173478473190403,0.9063097383050254,208.8663248676631,265.70536488871306,-4.886144755888999e-05,,0.6196313725308877,0.5726322093694591,470f6a8565884566be042cbc388b3bc6f739d81fee5d9701b79c0de6780feb76
energy_grav,P3,2,2561,640,108,91.93259073404734,130.8688612271417,0.7822560450937364,0.8863231782792439,220.83360820219613,280.4764493905652,-0.0001525855290451,,0.5837019940829229,0.5334051699830741,470f6a8565884566be042cbc388b3bc6f739d81fee5d9701b79c0de6780feb76
energy_grav,P3,3,2561,640,108,83.32784193828483,126.5749245106156,0.8062332389057034,0.9166332956135148,226.0544860211512,289.4780681404636,-0.0134801735111427,,0.6313816044752675,0.5627477918320307,470f6a8565884566be042cbc388b3bc6f739d81fee5d9701b79c0de6780feb76
energy_grav,P3,4,2561,640,108,85.44730133794266,129.82771629740805,0.8068761141088482,0.9081405228040108,225.87765060611736,295.4267461442396,-1.7915126817591442e-06,,0.6217098012634079,0.5605417654567377,470f6a8565884566be042cbc388b3bc6f739d81fee5d9701b79c0de6780feb76
energy_vol,P1,0,2560,641,73,506.88302654135055,720.0711107139404,0.4636377071432636,0.6792506684513785,782.1621517078995,987.099296876901,-0.0079271623479049,,0.3519463637628847,0.2705180593358898,32258ac8e858f51ae44b127a0e5796f222d14b37eabac82c9beebd8d386b5f07
energy_vol,P1,1,2561,640,73,481.1760006615239,666.1338937123186,0.480480034967639,0.7086405517160427,726.3062682316628,924.1884591618334,-6.001293426649568e-07,,0.3375026187877427,0.2792228824016587,32258ac8e858f51ae44b127a0e5796f222d14b37eabac82c9beebd8d386b5f07
energy_vol,P1,2,2561,640,73,532.8108997054535,717.8748156447181,0.4159177034328665,0.6580118355558947,744.2668823311271,939.4869891474016,-0.0003642143697777,,0.2841131153966838,0.2358863678397502,32258ac8e858f51ae44b127a0e5796f222d14b37eabac82c9beebd8d386b5f07
energy_vol,P1,3,2561,640,73,491.8963939700792,708.5215002836162,0.505862029326525,0.7411432887953989,767.4495703350152,1013.9491738568832,-0.0119860632877182,,0.359050531808427,0.3012258222090899,32258ac8e858f51ae44b127a0e5796f222d14b37eabac82c9beebd8d386b5f07
energy_vol,P1,4,2561,640,73,525.6267673188669,727.7083866153331,0.4710834514244735,0.7001860189788512,780.893730369967,1000.615865825421,-1.6497658851699626e-05,,0.3268907831161114,0.2727395082677036,32258ac8e858f51ae44b127a0e5796f222d14b37eabac82c9beebd8d386b5f07
energy_vol,P2,0,2560,641,93,286.9709028079211,420.0815744984804,0.8174529874155929,0.9070068729657096,782.1621517078995,987.099296876901,-0.0079271623479049,,0.6331056134827,0.5744282507063037,8925efddac23dc933be6febaf703483fd27854076bc4181277656695f1a73299
energy_vol,P2,1,2561,640,93,291.6971145508654,395.40283089318575,0.8169546387668971,0.8996351133891425,726.3062682316628,924.1884591618334,-6.001293426649568e-07,,0.5983827659080238,0.572162120211082,8925efddac23dc933be6febaf703483fd27854076bc4181277656695f1a73299
energy_vol,P2,2,2561,640,93,302.69613359766424,414.6615898387447,0.8051213670381104,0.8895082344906601,744.2668823311271,939.4869891474016,-0.0003642143697777,,0.5932962479136703,0.5586297685558623,8925efddac23dc933be6febaf703483fd27854076bc4181277656695f1a73299
energy_vol,P2,3,2561,640,93,307.9175625729432,447.2148398434501,0.8031322523226975,0.8890506883987149,767.4495703350152,1013.9491738568832,-0.0119860632877182,,0.5987781158851548,0.5589376160322475,8925efddac23dc933be6febaf703483fd27854076bc4181277656695f1a73299
energy_vol,P2,4,2561,640,93,311.0954361472179,459.307246255976,0.7892929875542288,0.8859685021203667,780.893730369967,1000.615865825421,-1.6497658851699626e-05,,0.6016161686945174,0.5409754512766121,8925efddac23dc933be6febaf703483fd27854076bc4181277656695f1a73299
energy_vol,P3,0,2560,641,108,286.65614321571195,399.3007739089345,0.8350669205262072,0.9177247054835465,782.1621517078995,987.099296876901,-0.0079271623479049,,0.6335080359107372,0.5954806419452547,e70b87b4b7bb8bc6d30de0941af919b4ac8bf9e6cc8778399be9302911da30c2
energy_vol,P3,1,2561,640,108,271.40372101381973,370.39580769500174,0.8393756793959405,0.9144979144236194,726.3062682316628,924.1884591618334,-6.001293426649568e-07,,0.626323311686947,0.5992204793047062,e70b87b4b7bb8bc6d30de0941af919b4ac8bf9e6cc8778399be9302911da30c2
energy_vol,P3,2,2561,640,108,291.4720628786039,409.01845626076926,0.8103894849063602,0.902986182827595,744.2668823311271,939.4869891474016,-0.0003642143697777,,0.608376954828783,0.5646363802952081,e70b87b4b7bb8bc6d30de0941af919b4ac8bf9e6cc8778399be9302911da30c2
energy_vol,P3,3,2561,640,108,293.23912747911606,433.4407132242589,0.8150724717801835,0.900656068496261,767.4495703350152,1013.9491738568832,-0.0119860632877182,,0.6179043694674189,0.5725222482547847,e70b87b4b7bb8bc6d30de0941af919b4ac8bf9e6cc8778399be9302911da30c2
energy_vol,P3,4,2561,640,108,294.14057523301057,434.28978251193627,0.8116213765847082,0.9084280906447528,780.893730369967,1000.615865825421,-1.6497658851699626e-05,,0.6233282919384504,0.5659775171027446,e70b87b4b7bb8bc6d30de0941af919b4ac8bf9e6cc8778399be9302911da30c2
max_delta_volume,P1,0,2560,641,73,0.0348545705293593,0.052611876792088,0.2376528570058198,0.4334435698835385,0.0440380388619852,0.0604920649495218,-0.0078177611410548,,0.2085349068655569,0.1302681296135197,307bb6462dbc46077545ad04820a47f88be47c8d930f262abc0fcd4f1c921d4a
max_delta_volume,P1,1,2561,640,73,0.0404537603508521,0.1120721959402396,0.2474092010125264,0.4146127274655496,0.049322991041038,0.129434513883614,-0.0038373145928016,,0.1798194007092241,0.1341397856138002,307bb6462dbc46077545ad04820a47f88be47c8d930f262abc0fcd4f1c921d4a
max_delta_volume,P1,2,2561,640,73,0.0376006713611832,0.0602190334256813,0.1936892632260022,0.433298253553735,0.045554354926379,0.067074387604817,-0.0003415651597034,,0.174597655439305,0.1022052444149826,307bb6462dbc46077545ad04820a47f88be47c8d930f262abc0fcd4f1c921d4a
max_delta_volume,P1,3,2561,640,73,0.0398169569473259,0.0822635566235867,-0.2590402327751488,0.4841682624507,0.0449408291199921,0.0733493482998248,-0.0009610151933421,,0.1140137436936347,-0.1215308456092061,307bb6462dbc46077545ad04820a47f88be47c8d930f262abc0fcd4f1c921d4a
max_delta_volume,P1,4,2561,640,73,0.0382581076343942,0.0977967645669864,-0.9108626428310168,0.4804644487087847,0.0433851697580969,0.0708440669518598,-0.0027379815984456,,0.1181754537850077,-0.3804510211623164,307bb6462dbc46077545ad04820a47f88be47c8d930f262abc0fcd4f1c921d4a
max_delta_volume,P2,0,2560,641,77,0.0327096588329149,0.0495564618688186,0.3236277641010251,0.5146899670805876,0.0440380388619852,0.0604920649495218,-0.0078177611410548,,0.2572407927740221,0.1807774803162777,c9063a45ff2df6481888e39b2c05245efb0ce5c309f0122142158268050b7f14
max_delta_volume,P2,1,2561,640,77,0.0387221419874204,0.111651382514674,0.2530503099361044,0.4800679076362664,0.049322991041038,0.129434513883614,-0.0038373145928016,,0.2149271329631525,0.1373909542004417,c9063a45ff2df6481888e39b2c05245efb0ce5c309f0122142158268050b7f14
max_delta_volume,P2,2,2561,640,77,0.0353608864650055,0.056025758774797,0.3020723950876589,0.5408909216273514,0.045554354926379,0.067074387604817,-0.0003415651597034,,0.2237649611732464,0.1647220231829067,c9063a45ff2df6481888e39b2c05245efb0ce5c309f0122142158268050b7f14
max_delta_volume,P2,3,2561,640,77,0.0372760693547151,0.0771925582231629,-0.1086016283533242,0.5742719868535902,0.0449408291199921,0.0733493482998248,-0.0009610151933421,,0.1705522553847889,-0.0523959655050851,c9063a45ff2df6481888e39b2c05245efb0ce5c309f0122142158268050b7f14
max_delta_volume,P2,4,2561,640,77,0.0371824232229959,0.0965466262402219,-0.862321685020534,0.5396121988294544,0.0433851697580969,0.0708440669518598,-0.0027379815984456,,0.1429692812010577,-0.3628046835005627,c9063a45ff2df6481888e39b2c05245efb0ce5c309f0122142158268050b7f14
max_delta_volume,P3,0,2560,641,96,0.030132262117967,0.0453871780029899,0.4326493588868612,0.6105590186842877,0.0440380388619852,0.0604920649495218,-0.0078177611410548,,0.3157673934481669,0.2497003029924059,ff05c0db0436cc15e238dc89b17f6cc527980c1036fc41d178c0cf2d06b342da
max_delta_volume,P3,1,2561,640,96,0.036816359484046,0.1074110903653355,0.3087082215746514,0.587028731149246,0.049322991041038,0.129434513883614,-0.0038373145928016,,0.2535659596674932,0.1701510892070237,ff05c0db0436cc15e238dc89b17f6cc527980c1036fc41d178c0cf2d06b342da
max_delta_volume,P3,2,2561,640,96,0.0328701295542095,0.0520927736673055,0.3966214791843017,0.6239009982934529,0.045554354926379,0.067074387604817,-0.0003415651597034,,0.2784415538902622,0.2233581918895595,ff05c0db0436cc15e238dc89b17f6cc527980c1036fc41d178c0cf2d06b342da
max_delta_volume,P3,3,2561,640,96,0.0338424508435377,0.0707127530446136,0.0697061801959844,0.6615333838705663,0.0449408291199921,0.0733493482998248,-0.0009610151933421,,0.2469553520434995,0.0359457216229622,ff05c0db0436cc15e238dc89b17f6cc527980c1036fc41d178c0cf2d06b342da
max_delta_volume,P3,4,2561,640,96,0.0354494254489318,0.0831637017619415,-0.3818093288884048,0.570210269678393,0.0433851697580969,0.0708440669518598,-0.0027379815984456,,0.1829137549400536,-0.1738979047949527,ff05c0db0436cc15e238dc89b17f6cc527980c1036fc41d178c0cf2d06b342da
stability_charge,P1,0,2560,641,73,0.0434281387252639,0.1234760773654534,0.0558688212794942,0.5392018974710375,0.0521118059030544,0.1273274517705874,-0.0039470006422734,,0.1666353147297377,0.0302477930059671,f000b0842d89ade62f3c30ba4e3e1d88e6b71af0edc335f9cb793bdd85d2e54a
stability_charge,P1,1,2561,640,73,0.041068996706372,0.0980087838493913,-0.0147813393354887,0.5809899816595469,0.0494875376895991,0.0974557999666537,-0.0033624720712222,,0.1701143636612262,-0.0056742018733295,f000b0842d89ade62f3c30ba4e3e1d88e6b71af0edc335f9cb793bdd85d2e54a
stability_charge,P1,2,2561,640,73,0.0431112673799023,0.0998434587673926,-0.0268569991132885,0.3838636367240416,0.0478057960640684,0.099154379996712,-0.0127320151683121,,0.0981999897643086,-0.0069495545300515,f000b0842d89ade62f3c30ba4e3e1d88e6b71af0edc335f9cb793bdd85d2e54a
stability_charge,P1,3,2561,640,73,0.0392289313908241,0.0902665163245271,0.2607157170363269,0.5435231256445411,0.0476811434695055,0.104984931288726,-2.7737366123936624e-05,,0.1772652974249038,0.1401955002829957,f000b0842d89ade62f3c30ba4e3e1d88e6b71af0edc335f9cb793bdd85d2e54a
stability_charge,P1,4,2561,640,73,0.0432538328384566,0.1035298184822425,0.1496388563442743,0.5105689213360928,0.0524850648151273,0.1122871857164902,-0.0003060522688576,,0.1758830251841492,0.0779907981339819,f000b0842d89ade62f3c30ba4e3e1d88e6b71af0edc335f9cb793bdd85d2e54a
stability_charge,P2,0,2560,641,93,0.040565425594412,0.1208998614927285,0.0948547052968868,0.6143957972211702,0.0521118059030544,0.1273274517705874,-0.0039470006422734,,0.2215693758554932,0.0504807894014865,b328c214eb811e08e882538e722a918b528c1a8e13eb91b6aea007929bd04cb0
stability_charge,P2,1,2561,640,93,0.0356457848186198,0.080234814950398,0.319907191389259,0.6696291540442741,0.0494875376895991,0.0974557999666537,-0.0033624720712222,,0.279701789929394,0.1767055939425689,b328c214eb811e08e882538e722a918b528c1a8e13eb91b6aea007929bd04cb0
stability_charge,P2,2,2561,640,93,0.0373773956765233,0.0961798116238903,0.0471191980740669,0.6118666448245363,0.0478057960640684,0.099154379996712,-0.0127320151683121,,0.2181409211044029,0.0299993643540543,b328c214eb811e08e882538e722a918b528c1a8e13eb91b6aea007929bd04cb0
stability_charge,P2,3,2561,640,93,0.0394073340785035,0.0917706154257147,0.2358732601337613,0.5305372808781424,0.0476811434695055,0.104984931288726,-2.7737366123936624e-05,,0.1735237200486501,0.1258686908759284,b328c214eb811e08e882538e722a918b528c1a8e13eb91b6aea007929bd04cb0
stability_charge,P2,4,2561,640,93,0.0398329714976166,0.0939605554959902,0.2995717506245406,0.5731013498999554,0.0524850648151273,0.1122871857164902,-0.0003060522688576,,0.2410608305824968,0.1632121252622025,b328c214eb811e08e882538e722a918b528c1a8e13eb91b6aea007929bd04cb0
stability_charge,P3,0,2560,641,105,0.0367564292455109,0.1057960827489905,0.3068840918439346,0.6954118889774327,0.0521118059030544,0.1273274517705874,-0.0039470006422734,,0.2946621478846791,0.1691023319966467,7215603c98795405f4f37d0e194ea5bd6211c711eacc20ef087e302af2dc32d4
stability_charge,P3,1,2561,640,105,0.0330133103702972,0.0643076733640657,0.5631140619969153,0.7140252799635691,0.0494875376895991,0.0974557999666537,-0.0033624720712222,,0.332896484416606,0.3401349803083062,7215603c98795405f4f37d0e194ea5bd6211c711eacc20ef087e302af2dc32d4
stability_charge,P3,2,2561,640,105,0.0313632802463791,0.0782329946130865,0.3695500103237106,0.7112918344796347,0.0478057960640684,0.099154379996712,-0.0127320151683121,,0.3439439810949558,0.2109980959420979,7215603c98795405f4f37d0e194ea5bd6211c711eacc20ef087e302af2dc32d4
stability_charge,P3,3,2561,640,105,0.0324174438305312,0.0746858834524169,0.4939013783221851,0.6943219265626182,0.0476811434695055,0.104984931288726,-2.7737366123936624e-05,,0.3201202514938872,0.2886037783173062,7215603c98795405f4f37d0e194ea5bd6211c711eacc20ef087e302af2dc32d4
stability_charge,P3,4,2561,640,105,0.03393977115243,0.0830187303762015,0.4532048209221435,0.6931272248939625,0.0524850648151273,0.1122871857164902,-0.0003060522688576,,0.353344208071782,0.2606571280020108,7215603c98795405f4f37d0e194ea5bd6211c711eacc20ef087e302af2dc32d4
stability_discharge,P1,0,2560,641,73,0.037026447362413,0.1000284547038628,0.0640790630156782,0.4801793565042657,0.044208347249858,0.1034923785379865,-0.0018640202818986,,0.1624557427323411,0.0334703277966721,120f590fbce67ff44a530da6a496f2ed69df9d73e24e1646fcc67787faed626d
stability_discharge,P1,1,2561,640,73,0.0310813392652903,0.0673512055213347,0.0975392683611732,0.5448512652568581,0.0390734423177054,0.0708989967815303,-4.086371023270807e-05,,0.2045405415635361,0.0500400770285629,120f590fbce67ff44a530da6a496f2ed69df9d73e24e1646fcc67787faed626d
stability_discharge,P1,2,2561,640,73,0.0350051856469865,0.0828634063404627,-0.0370328962800718,0.5323505854585964,0.0358499074988932,0.0813959214732282,-0.0006270910483874,,0.0235627344905354,-0.0180289729592557,120f590fbce67ff44a530da6a496f2ed69df9d73e24e1646fcc67787faed626d
stability_discharge,P1,3,2561,640,73,0.0328153946778472,0.0639554333603924,0.0990242145295424,0.4547633375387735,0.0371278609960422,0.0674274015339363,-0.0014541577540747,,0.1161517578040586,0.0514919468132918,120f590fbce67ff44a530da6a496f2ed69df9d73e24e1646fcc67787faed626d
stability_discharge,P1,4,2561,640,73,0.0344211585403852,0.0793325924723905,0.1001745523868826,0.4761069488669388,0.0399973076862193,0.0836326004149275,-1.4228170786889647e-05,,0.1394131122419343,0.0514154518836346,120f590fbce67ff44a530da6a496f2ed69df9d73e24e1646fcc67787faed626d
stability_discharge,P2,0,2560,641,93,0.0357550073933901,0.0972579244471543,0.1152062670167632,0.5961602298269127,0.044208347249858,0.1034923785379865,-0.0018640202818986,,0.1912159214795122,0.0602407073728992,717443f9aa5b55c75ca3217d0e3196b3974ffcb0ae7ff5ab844c9e9b371722fe
stability_discharge,P2,1,2561,640,93,0.0291285707892531,0.0619914045736807,0.2354594588678419,0.608908518582192,0.0390734423177054,0.0708989967815303,-4.086371023270807e-05,,0.2545174148617545,0.1256377750350633,717443f9aa5b55c75ca3217d0e3196b3974ffcb0ae7ff5ab844c9e9b371722fe
stability_discharge,P2,2,2561,640,93,0.0292598959006923,0.0782629328528505,0.0749201823282695,0.5939680815514483,0.0358499074988932,0.0813959214732282,-0.0006270910483874,,0.1838222762054346,0.0384907322587184,717443f9aa5b55c75ca3217d0e3196b3974ffcb0ae7ff5ab844c9e9b371722fe
stability_discharge,P2,3,2561,640,93,0.0309941729856285,0.0663067975720492,0.0315563999556658,0.5606093530962669,0.0371278609960422,0.0674274015339363,-0.0014541577540747,,0.1652044541716958,0.0166194149024577,717443f9aa5b55c75ca3217d0e3196b3974ffcb0ae7ff5ab844c9e9b371722fe
stability_discharge,P2,4,2561,640,93,0.0313258598638803,0.0748038914758771,0.19997536409406,0.5689920321359242,0.0399973076862193,0.0836326004149275,-1.4228170786889647e-05,,0.2168007879522027,0.1055654002775038,717443f9aa5b55c75ca3217d0e3196b3974ffcb0ae7ff5ab844c9e9b371722fe
stability_discharge,P3,0,2560,641,105,0.0319897080350668,0.082789906379752,0.3588689261240385,0.6800115477186028,0.044208347249858,0.1034923785379865,-0.0018640202818986,,0.2763876049410643,0.2000386158932047,4ede2e13f0877bdf9fdcacd8c2200cada6dfcab9b23e65f280c0e08fb53220e2
stability_discharge,P3,1,2561,640,105,0.0282772492950659,0.0574396408386402,0.3436114480926485,0.6499271398549797,0.0390734423177054,0.0708989967815303,-4.086371023270807e-05,,0.2763051418622376,0.1898384540526578,4ede2e13f0877bdf9fdcacd8c2200cada6dfcab9b23e65f280c0e08fb53220e2
stability_discharge,P3,2,2561,640,105,0.0281682356616121,0.0761360418516699,0.1245173201131257,0.6660403048807835,0.0358499074988932,0.0813959214732282,-0.0006270910483874,,0.2142731285295024,0.0646209235838464,4ede2e13f0877bdf9fdcacd8c2200cada6dfcab9b23e65f280c0e08fb53220e2
stability_discharge,P3,3,2561,640,105,0.0269953714735926,0.0561650960826465,0.3051497160345974,0.6376284383465752,0.0371278609960422,0.0674274015339363,-0.0014541577540747,,0.2729079793616373,0.1670286144071784,4ede2e13f0877bdf9fdcacd8c2200cada6dfcab9b23e65f280c0e08fb53220e2
stability_discharge,P3,4,2561,640,105,0.0270965815093782,0.0558172930379749,0.5545566093611386,0.6505283762551837,0.0399973076862193,0.0836326004149275,-1.4228170786889647e-05,,0.3225398638840363,0.3325892922012727,4ede2e13f0877bdf9fdcacd8c2200cada6dfcab9b23e65f280c0e08fb53220e2
stability_worst,P1,0,2560,641,73,0.0445561290082605,0.1235485681677283,0.0497283908048166,0.5597819882290054,0.05141732016876,0.1268573231704388,-0.0018516254079277,,0.1334412438839675,0.0260824911011643,945c93f2f6f3405f5d5d4bbb9fffd209b2de375bdc228cddbd47e52d74c88392
stability_worst,P1,1,2561,640,73,0.0426484666052987,0.0997791270875212,-0.0343559363849113,0.5288989517215303,0.0483779339625246,0.098281119657392,-0.0035310209305534,,0.118431418788246,-0.0152420671981681,945c93f2f6f3405f5d5d4bbb9fffd209b2de375bdc228cddbd47e52d74c88392
stability_worst,P1,2,2561,640,73,0.0445042227885183,0.0999586662601203,-0.0538969972667822,0.4086182835113255,0.0442900040479779,0.0977048119749024,-0.0069065552974922,,-0.004836728854402,-0.0230679967512434,945c93f2f6f3405f5d5d4bbb9fffd209b2de375bdc228cddbd47e52d74c88392
stability_worst,P1,3,2561,640,73,0.0408201324137211,0.0917019973026702,0.2259797157566472,0.5100606435334767,0.047161921695172,0.1042756782956905,-0.0008311166313161,,0.134468423963736,0.1205811479582572,945c93f2f6f3405f5d5d4bbb9fffd209b2de375bdc228cddbd47e52d74c88392
stability_worst,P1,4,2561,640,73,0.0442964507795922,0.103806551448213,0.1470293461408938,0.4935986779729147,0.0516863946626419,0.1123979419698718,-2.949682190722669e-06,,0.1429765788711707,0.0764372582903851,945c93f2f6f3405f5d5d4bbb9fffd209b2de375bdc228cddbd47e52d74c88392
stability_worst,P2,0,2560,641,93,0.0410703368752346,0.1188523425275178,0.1205972633270519,0.6072805524455558,0.05141732016876,0.1268573231704388,-0.0018516254079277,,0.2012353669846063,0.0631022351950936,84ae3186e675317673659cd85982f3e180bc4fa9853f5be6acef6c342197db31
stability_worst,P2,1,2561,640,93,0.0360945558693614,0.0797627922523893,0.3390154494673375,0.6386205817665117,0.0483779339625246,0.098281119657392,-0.0035310209305534,,0.2539045611720079,0.1884220231673957,84ae3186e675317673659cd85982f3e180bc4fa9853f5be6acef6c342197db31
stability_worst,P2,2,2561,640,93,0.0383694005632638,0.0941346921287991,0.0653335050427083,0.4724300780436807,0.0442900040479779,0.0977048119749024,-0.0069065552974922,,0.1336780976199608,0.0365398568805428,84ae3186e675317673659cd85982f3e180bc4fa9853f5be6acef6c342197db31
stability_worst,P2,3,2561,640,93,0.0392800718734417,0.0917261795590536,0.2255714362106206,0.5255954990248433,0.047161921695172,0.1042756782956905,-0.0008311166313161,,0.1671231692523924,0.1203492409903181,84ae3186e675317673659cd85982f3e180bc4fa9853f5be6acef6c342197db31
stability_worst,P2,4,2561,640,93,0.0403048819617393,0.0932684399130007,0.3114206611423118,0.5195113987223061,0.0516863946626419,0.1123979419698718,-2.949682190722669e-06,,0.2202032619065413,0.1701944156771017,84ae3186e675317673659cd85982f3e180bc4fa9853f5be6acef6c342197db31
stability_worst,P3,0,2560,641,105,0.0381470218147831,0.1041399897730689,0.3248389461841688,0.6468275406821474,0.05141732016876,0.1268573231704388,-0.0018516254079277,,0.2580900426241904,0.1790778240436946,9cfa1f0df929a8a97847db37090081d206f2e88ed95095c7944ca7801f8033f1
stability_worst,P3,1,2561,640,105,0.034195455258392,0.0651543755225022,0.5589601984209593,0.6706843258909422,0.0483779339625246,0.098281119657392,-0.0035310209305534,,0.293160074076724,0.3370611186601213,9cfa1f0df929a8a97847db37090081d206f2e88ed95095c7944ca7801f8033f1
stability_worst,P3,2,2561,640,105,0.0332603791017037,0.0791948947746552,0.3384668166161727,0.60437067040234,0.0442900040479779,0.0977048119749024,-0.0069065552974922,,0.2490319245472665,0.1894473447735797,9cfa1f0df929a8a97847db37090081d206f2e88ed95095c7944ca7801f8033f1
stability_worst,P3,3,2561,640,105,0.0331382771072605,0.0753280421011322,0.4777143284783383,0.6248054192879403,0.047161921695172,0.1042756782956905,-0.0008311166313161,,0.2973510002105598,0.2776067887323892,9cfa1f0df929a8a97847db37090081d206f2e88ed95095c7944ca7801f8033f1
stability_worst,P3,4,2561,640,105,0.0351242847807649,0.0792253817821079,0.5031637858050095,0.6015569009586307,0.0516863946626419,0.1123979419698718,-2.949682190722669e-06,,0.3204346132087203,0.2951349429214265,9cfa1f0df929a8a97847db37090081d206f2e88ed95095c7944ca7801f8033f1
