target,stage,fold_id,n_train,n_test,n_features,ridge_mae,ridge_rmse,ridge_r2,ridge_spearman,dummy_mae,dummy_rmse,dummy_r2,dummy_spearman,mae_skill_vs_dummy,rmse_skill_vs_dummy
average_voltage,P1,0,2560,641,73,0.6780256616643489,0.8672430675750611,0.32729074433260064,0.5539025052397699,0.8280527411517719,1.0675389925230516,-0.0193262840401609,,0.18118058431730366,0.18762398970983296
average_voltage,P1,1,2561,640,73,0.6310591249779689,0.8135826015013216,0.5157662177751721,0.6927967839439779,0.9362854520904313,1.1716613018378395,-0.0042826302946818995,,0.3259970839352335,0.3056162218337709
average_voltage,P1,2,2561,640,73,0.6595218634475011,0.8448910617057276,0.41797914899604593,0.5982335122392777,0.8690147698723358,1.1076071271444108,-0.0002500819442958768,,0.2410694428768002,0.23719246563175111
average_voltage,P1,3,2561,640,73,0.5941210634573866,0.7892994188710724,0.4624646532957356,0.63262273335355,0.8297400495558518,1.0765601684885195,-1.7513616890063588e-07,,0.28396723314077554,0.2668320434154262
average_voltage,P1,4,2561,640,73,0.6809848171823492,0.862598960427928,0.458840370837176,0.6416798019172746,0.9526652322211376,1.175934059768115,-0.005711621372082698,,0.2851793115251682,0.2664563516443891
average_voltage,P2,0,2560,641,93,0.6413037386534195,0.8308937372906822,0.3825003719266278,0.5967443789086351,0.8280527411517719,1.0675389925230516,-0.0193262840401609,,0.22552790808782985,0.22167364085978292
average_voltage,P2,1,2561,640,93,0.6021725895170837,0.7769866896466447,0.5583492855194914,0.7254465037756442,0.9362854520904313,1.1716613018378395,-0.0042826302946818995,,0.3568493580962713,0.33685042902084217
average_voltage,P2,2,2561,640,93,0.6445278309525057,0.8344758062591164,0.43224023566179326,0.6253094947741572,0.8690147698723358,1.1076071271444108,-0.0002500819442958768,,0.2583235023183885,0.24659584991067252
average_voltage,P2,3,2561,640,93,0.5761643656315719,0.7645850082117716,0.49560006982592864,0.6745246570426199,0.8297400495558518,1.0765601684885195,-1.7513616890063588e-07,,0.3056085867616194,0.2897888751678025
average_voltage,P2,4,2561,640,93,0.6508065867548389,0.8667089951504732,0.45367114674212317,0.653625954897351,0.9526652322211376,1.175934059768115,-0.005711621372082698,,0.3168569978800587,0.262961228181977
average_voltage,P3,0,2560,641,108,0.4830521907116541,0.6582678264071267,0.6124292555411576,0.7562699108431628,0.8280527411517719,1.0675389925230516,-0.0193262840401609,,0.41664079266284726,0.38337818944546653
average_voltage,P3,1,2561,640,108,0.44552416711511655,0.5931685938597433,0.7426002762523521,0.8526771458182272,0.9362854520904313,1.1716613018378395,-0.0042826302946818995,,0.5241577596657077,0.4937371466230783
average_voltage,P3,2,2561,640,108,0.48691824413930274,0.6444953176692854,0.6613300642704658,0.8004364329502759,0.8690147698723358,1.1076071271444108,-0.0002500819442958768,,0.43968933438169944,0.41811920321341933
average_voltage,P3,3,2561,640,108,0.4416163361725875,0.6005612532884927,0.688801081046957,0.8311888884006067,0.8297400495558518,1.0765601684885195,-1.7513616890063588e-07,,0.4677654327894881,0.44214799054689613
average_voltage,P3,4,2561,640,108,0.5013182306787437,0.7182549119531653,0.6247983504422372,0.8171269033859947,0.9526652322211376,1.175934059768115,-0.005711621372082698,,0.47377293332105663,0.38920477216656213
capacity_grav,P1,0,2560,641,73,49.85584604265679,63.73451453820085,0.29322626561194076,0.5373247979077269,61.115884351689566,75.9093125778962,-0.0025848883625494423,,0.18424078172929992,0.16038609264445503
capacity_grav,P1,1,2561,640,73,44.832373188784025,66.42229720826562,0.1691832433427437,0.5339754673312579,54.06152566247283,72.91828645252569,-0.0012680836306109278,,0.17071572362404275,0.08908587352075759
capacity_grav,P1,2,2561,640,73,50.60866159168674,66.33295790185355,0.18803908631908273,0.447965561758349,55.97945702562602,73.6143391149068,-2.835004858869894e-06,,0.09594225666534528,0.09891253933133226
capacity_grav,P1,3,2561,640,73,52.466588448344986,74.28841046007066,0.2001588321885338,0.4732173571099389,60.21389942331773,83.81899357094866,-0.01823144658884379,,0.12866316663047084,0.11370433722531903
capacity_grav,P1,4,2561,640,73,46.74082380851462,64.46092375113564,0.2227070205890591,0.5562600007441484,56.07753138173325,73.27767255561213,-0.004465509979652893,,0.16649640851094916,0.12031971672933872
capacity_grav,P2,0,2560,641,93,33.70108853617552,48.06639992008636,0.5980109453121407,0.8448611002761776,61.115884351689566,75.9093125778962,-0.0025848883625494423,,0.44857071293865947,0.3667917902594382
capacity_grav,P2,1,2561,640,93,31.735357945387683,52.1919443584148,0.4870389179187292,0.8249658523690696,54.06152566247283,72.91828645252569,-0.0012680836306109278,,0.4129770191184783,0.28424066311000085
capacity_grav,P2,2,2561,640,93,33.33975891586364,46.95555892019763,0.5931349127197365,0.8286457001195862,55.97945702562602,73.6143391149068,-2.835004858869894e-06,,0.40442868353293393,0.3621411333068777
capacity_grav,P2,3,2561,640,93,35.97937442168747,53.98273783220039,0.5776510339604188,0.8167108232173429,60.21389942331773,83.81899357094866,-0.01823144658884379,,0.40247393431964784,0.3559605581936909
capacity_grav,P2,4,2561,640,93,33.12797167227469,56.2356329883432,0.40841810895976605,0.8450374658439278,56.07753138173325,73.27767255561213,-0.004465509979652893,,0.4092469683309593,0.23256797020040898
capacity_grav,P3,0,2560,641,112,29.343396318574694,41.41610810221611,0.7015513571433517,0.8609855737674779,61.115884351689566,75.9093125778962,-0.0025848883625494423,,0.5198728345364525,0.4544001691529488
capacity_grav,P3,1,2561,640,112,26.145183487740574,43.40421738625196,0.6452345451417432,0.864030644356105,54.06152566247283,72.91828645252569,-0.0012680836306109278,,0.5163809536013626,0.40475538444652315
capacity_grav,P3,2,2561,640,112,28.15323751852843,38.97705242715982,0.7196539878560894,0.8713996789479108,55.97945702562602,73.6143391149068,-2.835004858869894e-06,,0.4970791248360882,0.4705236385221174
capacity_grav,P3,3,2561,640,112,28.461498720259044,45.09082782290521,0.7053285644273786,0.8831587034049196,60.21389942331773,83.81899357094866,-0.01823144658884379,,0.5273267635406224,0.46204522505107337
capacity_grav,P3,4,2561,640,112,26.83404155526613,42.19212213044101,0.6669921781081323,0.8887188689008686,56.07753138173325,73.27767255561213,-0.004465509979652893,,0.5214831877566016,0.42421585376609194
capacity_vol,P1,0,2560,641,73,175.0527450103964,225.51823264652134,0.3159247347803614,0.5569881972259276,220.84874900189237,272.7499089589717,-0.0006214243444477852,,0.20736365588878014,0.17316844024888434
capacity_vol,P1,1,2561,640,73,154.936433440524,224.81776704628572,0.2919730643107801,0.5674444983251787,201.4142062684625,267.2122270271077,-0.0002329871793473881,,0.23075717293738873,0.15865464111610883
capacity_vol,P1,2,2561,640,73,179.32886076302472,235.48733158861154,0.1578628272891064,0.4637463716063795,196.69439407319388,256.7265798125625,-0.0008970539623152085,,0.08828687463104357,0.08273100603551775
capacity_vol,P1,3,2561,640,73,178.8743387199173,251.46220624428432,0.2367879053879055,0.4999103264401501,210.4918399239682,289.8979996538949,-0.01435561629668669,,0.1502077287911563,0.13258385175302523
capacity_vol,P1,4,2561,640,73,166.28373780211777,222.22983901806225,0.23428358901675106,0.5409417712118442,201.53288737087988,254.46019541822469,-0.003928826217344694,,0.17490519799824678,0.1266616821825095
capacity_vol,P2,0,2560,641,93,115.14922653273416,173.92592785164788,0.5931172983272316,0.8464606960516546,220.84874900189237,272.7499089589717,-0.0006214243444477852,,0.4786059370807326,0.3623245246332579
capacity_vol,P2,1,2561,640,93,109.7643182038834,187.30689292159298,0.5085311015809567,0.8363576021914119,201.4142062684625,267.2122270271077,-0.0002329871793473881,,0.45503189552786605,0.299033225367373
capacity_vol,P2,2,2561,640,93,113.36187615478725,166.66857111259966,0.5781528055514706,0.8233414723912903,196.69439407319388,256.7265798125625,-0.0008970539623152085,,0.42366493621265555,0.350793473608049
capacity_vol,P2,3,2561,640,93,119.96546888760015,169.30350133830476,0.6540353860874297,0.7997817377483833,210.4918399239682,289.8979996538949,-0.01435561629668669,,0.4300706909544194,0.41598941165363745
capacity_vol,P2,4,2561,640,93,114.3081435145989,193.09357427726943,0.4219054766041638,0.8389988134736658,201.53288737087988,254.46019541822469,-0.003928826217344694,,0.43280650118291497,0.2411639315142966
capacity_vol,P3,0,2560,641,112,100.03427100029157,145.4915944288619,0.715281048718166,0.8746465583247208,220.84874900189237,272.7499089589717,-0.0006214243444477852,,0.5470462411383892,0.4665750944366128
capacity_vol,P3,1,2561,640,112,92.51479854510049,148.97981466817492,0.6890837797530037,0.8794338639742775,201.4142062684625,267.2122270271077,-0.0002329871793473881,,0.5406739164079188,0.44246632601485913
capacity_vol,P3,2,2561,640,112,97.83065991975882,138.83233430450284,0.7072957740761803,0.8695009631371172,196.69439407319388,256.7265798125625,-0.0008970539623152085,,0.5026260896721129,0.45922103427753724
capacity_vol,P3,3,2561,640,112,94.38845838803225,132.58216970496085,0.7878368060388248,0.8789367314129187,210.4918399239682,289.8979996538949,-0.01435561629668669,,0.5515813894632384,0.5426592461374387
capacity_vol,P3,4,2561,640,112,92.8434988556333,141.82041094719514,0.688153631705976,0.8802653021613823,201.53288737087988,254.46019541822469,-0.003928826217344694,,0.539313409008159,0.44266170701432295
energy_grav,P1,0,2560,641,73,172.99523341562562,230.0984949802298,0.3202682359201936,0.5733687509529332,220.48477368522722,281.22168982674094,-0.015330976230450988,,0.21538693795427144,0.1817896581092584
energy_grav,P1,1,2561,640,73,163.7467120985586,221.68127848533692,0.30388882160784614,0.605598598724832,208.8663248676631,265.70536488871306,-4.886144755888999e-05,,0.216021480713524,0.16568760823408668
energy_grav,P1,2,2561,640,73,186.30309861447122,237.87455884549354,0.2806016261169867,0.5084637808790634,220.83360820219613,280.4764493905652,-0.0001525855290451794,,0.1563643770929497,0.1518911503537621
energy_grav,P1,3,2561,640,73,177.19175212799965,242.73151308867833,0.28741569592726324,0.5993433326078581,226.0544860211512,289.4780681404636,-0.013480173511142723,,0.216154674712271,0.16148565365270584
energy_grav,P1,4,2561,640,73,171.87031925572836,235.5768174232168,0.3641330444648404,0.6267180337843777,225.87765060611736,295.4267461442396,-1.7915126817591442e-06,,0.23909993399287788,0.20258805102162813
energy_grav,P2,0,2560,641,93,129.0107923805895,189.9610268000576,0.5367248281522059,0.8159747248017883,220.48477368522722,281.22168982674094,-0.015330976230450988,,0.4148766364938633,0.32451502258914844
energy_grav,P2,1,2561,640,93,131.31743939506163,207.47961954931765,0.3902224108851329,0.8277396307119893,208.8663248676631,265.70536488871306,-4.886144755888999e-05,,0.3712847703991352,0.21913650619656266
energy_grav,P2,2,2561,640,93,141.2647851942316,188.6212733273602,0.5476706122139186,0.7949756194473132,220.83360820219613,280.4764493905652,-0.0001525855290451794,,0.3603112028813613,0.3274969298234951
energy_grav,P2,3,2561,640,93,136.10148282104632,187.48672226254212,0.5748668614422188,0.8019382676715521,226.0544860211512,289.4780681404636,-0.013480173511142723,,0.3979262025867881,0.35232840447322655
energy_grav,P2,4,2561,640,93,140.10574077883393,236.62046229264632,0.3584865698625537,0.7829684032431721,225.87765060611736,295.4267461442396,-1.7915126817591442e-06,,0.37972729748660006,0.19905538215176222
energy_grav,P3,0,2560,641,108,118.59628815808748,172.34725669387282,0.6186543831760739,0.8464798813915174,220.48477368522722,281.22168982674094,-0.015330976230450988,,0.46211120987701304,0.38714806528594947
energy_grav,P3,1,2561,640,108,115.84657646619749,180.26201661111756,0.5397126668960018,0.8478424172178156,208.8663248676631,265.70536488871306,-4.886144755888999e-05,,0.4453554131351838,0.32157178427083033
energy_grav,P3,2,2561,640,108,123.72037363746395,167.24376630360473,0.644390513065644,0.8368865494056384,220.83360820219613,280.4764493905652,-0.0001525855290451794,,0.4397574959505933,0.4037154753384776
energy_grav,P3,3,2561,640,108,119.03830225218958,163.39720914396884,0.6770961712079403,0.8489185764613686,226.0544860211512,289.4780681404636,-0.013480173511142723,,0.47340880357025283,0.43554546223970403
energy_grav,P3,4,2561,640,108,128.23435994560208,227.8704726523476,0.40505439304479585,0.8084503837899998,225.87765060611736,295.4267461442396,-1.7915126817591442e-06,,0.43228398382266,0.2286735184731995
energy_vol,P1,0,2560,641,73,609.0569441794605,809.5957357808607,0.3219778404406757,0.5746959858306827,782.1621517078995,987.099296876901,-0.007927162347904915,,0.22131626690252537,0.1798234095168001
energy_vol,P1,1,2561,640,73,570.6752035484067,775.7411724553583,0.2954483063944082,0.583124978111542,726.3062682316628,924.1884591618334,-6.001293426649568e-07,,0.2142774632279726,0.1606244757060753
energy_vol,P1,2,2561,640,73,628.6875157401767,799.7488615935049,0.2750903708218787,0.516003530274603,744.2668823311271,939.4869891474015,-0.0003642143697777378,,0.1552929054547516,0.14873875760718203
energy_vol,P1,3,2561,640,73,610.621985451944,838.780261417016,0.3074700439550352,0.5602227052514965,767.4495703350152,1013.9491738568832,-0.01198606328771823,,0.20434904252355124,0.17275906619022696
energy_vol,P1,4,2561,640,73,611.5811930743412,826.9570822330799,0.31697226803024936,0.5839522710426203,780.893730369967,1000.615865825421,-1.6497658851699626e-05,,0.21681892261500157,0.17355189890886624
energy_vol,P2,0,2560,641,93,457.2324899656602,681.4395343392115,0.5196452209650171,0.8077532322970421,782.1621517078995,987.099296876901,-0.007927162347904915,,0.4154249359071329,0.3096545236176049
energy_vol,P2,1,2561,640,93,446.613964726051,727.0040212620606,0.38119643810579684,0.8237640808449241,726.3062682316628,924.1884591618334,-6.001293426649568e-07,,0.3850886543862252,0.21335955447723687
energy_vol,P2,2,2561,640,93,457.30177664739523,632.5974102326502,0.5464434670656089,0.7824374876403508,744.2668823311271,939.4869891474015,-0.0003642143697777378,,0.3855674792151508,0.32665655028736285
energy_vol,P2,3,2561,640,93,462.02612077635405,631.389312329412,0.6075931205010254,0.7799762694733142,767.4495703350152,1013.9491738568832,-0.01198606328771823,,0.39797201192690024,0.37729688172857945
energy_vol,P2,4,2561,640,93,477.5534301092113,786.3035663009182,0.38247735796441507,0.7764615514198034,780.893730369967,1000.615865825421,-1.6497658851699626e-05,,0.38845272853841584,0.21418039313989268
energy_vol,P3,0,2560,641,108,415.7210983244378,618.1896738581992,0.6046780246966896,0.8457368925598147,782.1621517078995,987.099296876901,-0.007927162347904915,,0.4684975520527489,0.3737310159027575
energy_vol,P3,1,2561,640,108,392.6535007814773,643.1878876517823,0.5156549190886006,0.8471281210403346,726.3062682316628,924.1884591618334,-6.001293426649568e-07,,0.4593830206952909,0.30405115831558494
energy_vol,P3,2,2561,640,108,404.68916497408674,574.8922894592956,0.6254156961393545,0.8322806574234801,744.2668823311271,939.4869891474015,-0.0003642143697777378,,0.45625799752562546,0.38807849805241157
energy_vol,P3,3,2561,640,108,414.9077558050452,566.5571321500851,0.684041835410256,0.8295093036115813,767.4495703350152,1013.9491738568832,-0.01198606328771823,,0.4593680525172158,0.44123714801699376
energy_vol,P3,4,2561,640,108,430.6727337466947,753.7278702293651,0.4325840446324585,0.8092638775973575,780.893730369967,1000.615865825421,-1.6497658851699626e-05,,0.44848739719980435,0.2467360393015504
max_delta_volume,P1,0,2560,641,73,0.04163363520649643,0.062459173395683645,-0.07442882940102447,0.34476716159354676,0.04403803886198525,0.06049206494952183,-0.007817761141054813,,0.05459833629340738,-0.03251845424359856
max_delta_volume,P1,1,2561,640,73,0.045109631108053376,0.1189107068303526,0.15276270962896377,0.3637813302934175,0.04932299104103804,0.12943451388361407,-0.003837314592801677,,0.08542385293460886,0.08130603451506258
max_delta_volume,P1,2,2561,640,73,0.04184258846192031,0.06399436323387662,0.08941954088900206,0.3920096455049893,0.04555435492637901,0.067074387604817,-0.0003415651597034053,,0.08147994786573842,0.045919530254782126
max_delta_volume,P1,3,2561,640,73,0.043618019417332426,0.07052376804966515,0.07467209173654377,0.30856571439363306,0.04494082911999219,0.07334934829982488,-0.0009610151933421296,,0.02943447480970718,0.03852222706342001
max_delta_volume,P1,4,2561,640,73,0.04528208927007872,0.08670647912316368,-0.5020472630278994,0.3500297523923078,0.04338516975809698,0.07084406695185981,-0.002737981598445627,,-0.04372276339031078,-0.22390600728897647
max_delta_volume,P2,0,2560,641,77,0.04077360284017461,0.06164842695475964,-0.046716781717794476,0.3920597102194083,0.04403803886198525,0.06049206494952183,-0.007817761141054813,,0.07412764296887397,-0.01911592877847279
max_delta_volume,P2,1,2561,640,77,0.04467239245505493,0.11791552271686712,0.16688471513892955,0.3781345256286666,0.04932299104103804,0.12943451388361407,-0.003837314592801677,,0.09428865703042388,0.08899474198284307
max_delta_volume,P2,2,2561,640,77,0.040966530158798406,0.06303704009149215,0.11645940692263756,0.4411050824318046,0.04555435492637901,0.067074387604817,-0.0003415651597034053,,0.10071100282278278,0.06019208907447271
max_delta_volume,P2,3,2561,640,77,0.042970486697886244,0.06987787737450313,0.09154367564567623,0.3472687513236712,0.04494082911999219,0.07334934829982488,-0.0009610151933421296,,0.043843036737153285,0.047327904143492416
max_delta_volume,P2,4,2561,640,77,0.04480663673472146,0.08546995685086692,-0.45951131145890733,0.37597457805891754,0.04338516975809698,0.07084406695185981,-0.002737981598445627,,-0.03276389108421518,-0.20645186715417885
max_delta_volume,P3,0,2560,641,96,0.03952201707073883,0.05814801127423937,0.06877437065388492,0.44704251588131816,0.04403803886198525,0.06049206494952183,-0.007817761141054813,,0.10254820396066189,0.03874977118467482
max_delta_volume,P3,1,2561,640,96,0.043256935449975706,0.11398044737137705,0.22156230903353746,0.46713463961093665,0.04932299104103804,0.12943451388361407,-0.003837314592801677,,0.12298636929814766,0.11939679802972125
max_delta_volume,P3,2,2561,640,96,0.03910696855629503,0.059948119560402885,0.2009278183607608,0.4762995942372907,0.04555435492637901,0.067074387604817,-0.0003415651597034053,,0.14153172359708943,0.10624425058339759
max_delta_volume,P3,3,2561,640,96,0.039934153796648365,0.06338269118376767,0.25257779811799896,0.4748407894062242,0.04494082911999219,0.07334934829982488,-0.0009610151933421296,,0.11140594024146688,0.13587928655231152
max_delta_volume,P3,4,2561,640,96,0.04297355679548011,0.08178581812896203,-0.3364001035552233,0.4508908560567776,0.04338516975809698,0.07084406695185981,-0.002737981598445627,,0.009487411595065942,-0.15444837723019766
stability_charge,P1,0,2560,641,73,0.05144076317170219,0.12714394076788776,-0.001055203887044609,0.36769636268434885,0.05211180590305443,0.12732745177058746,-0.0039470006422734905,,0.012876980939800942,0.0014412524569354934
stability_charge,P1,1,2561,640,73,0.04763983167756518,0.09123730933546251,0.12059807869857353,0.37386973422796427,0.049487537689599105,0.09745579996665374,-0.0033624720712222,,0.03733679423743608,0.06380831754825267
stability_charge,P1,2,2561,640,73,0.05033653002534335,0.1007960334470912,-0.046544300338873246,0.18716270973482754,0.04780579606406845,0.09915437999671207,-0.012732015168312127,,-0.05293780607446119,-0.01655653991718342
stability_charge,P1,3,2561,640,73,0.04729353234298742,0.09347977355717695,0.20714565098004112,0.3570127716966167,0.047681143469505506,0.104984931288726,-2.7737366123936624e-05,,0.008129233032466598,0.1095886580132911
stability_charge,P1,4,2561,640,73,0.051162149549640226,0.11394701217503522,-0.030097625605513656,0.2678136176160452,0.052485064815127394,0.11228718571649025,-0.00030605226885760395,,0.02520555647872369,-0.014781975770020717
stability_charge,P2,0,2560,641,93,0.0506474570011226,0.12559450559964414,0.023194777638869457,0.42218416584175367,0.05211180590305443,0.12732745177058746,-0.0039470006422734905,,0.02810013732120531,0.013610153559545535
stability_charge,P2,1,2561,640,93,0.04510650616034996,0.0826334952821145,0.27863557895281665,0.4572211765422206,0.049487537689599105,0.09745579996665374,-0.0033624720712222,,0.08852797560323789,0.15209258648136859
stability_charge,P2,2,2561,640,93,0.04792000387787617,0.09834706333740255,0.0036922111604915653,0.25705654826037755,0.04780579606406845,0.09915437999671207,-0.012732015168312127,,-0.0023889951263369458,0.008142017118520584
stability_charge,P2,3,2561,640,93,0.0466200653500353,0.09233814767063125,0.22639293763946733,0.3875547979504771,0.047681143469505506,0.104984931288726,-2.7737366123936624e-05,,0.022253621500264886,0.1204628460756334
stability_charge,P2,4,2561,640,93,0.05060626216381513,0.10405838595590508,0.14093371936806054,0.3189597363614658,0.052485064815127394,0.11228718571649025,-0.00030605226885760395,,0.03579690065983787,0.07328351590680848
stability_charge,P3,0,2560,641,105,0.052414038387076305,0.111070730231704,0.23604822241713708,0.40476432380607663,0.05211180590305443,0.12732745177058746,-0.0039470006422734905,,-0.005799693155599472,0.12767648541474041
stability_charge,P3,1,2561,640,105,0.04559571091185864,0.07687959163029914,0.3755975369904231,0.5069168918722227,0.049487537689599105,0.09745579996665374,-0.0033624720712222,,0.07864256254071855,0.2111337482571085
stability_charge,P3,2,2561,640,105,0.05064683610648851,0.09137843070199485,0.13988182727692222,0.35940304001030365,0.04780579606406845,0.09915437999671207,-0.012732015168312127,,-0.05942877802123725,0.07842265056747943
stability_charge,P3,3,2561,640,105,0.044185888592041325,0.07648709664068475,0.4691956647558564,0.46204088050992465,0.047681143469505506,0.104984931288726,-2.7737366123936624e-05,,0.07330476207433179,0.27144690479119793
stability_charge,P3,4,2561,640,105,0.05043133376326927,0.09783806417583084,0.24056920380198088,0.46801200969491913,0.052485064815127394,0.11228718571649025,-0.00030605226885760395,,0.03912981834150642,0.1286800577328696
stability_discharge,P1,0,2560,641,73,0.03990588412177525,0.10175370160458537,0.031515939382099845,0.3839964488944851,0.044208347249858025,0.1034923785379865,-0.0018640202818986928,,0.0973224152390495,0.016800048061152206
stability_discharge,P1,1,2561,640,73,0.035304222123212055,0.06578028417640792,0.13914688113230922,0.2792282911407402,0.039073442317705466,0.07089899678153032,-4.086371023270807e-05,,0.0964650148775209,0.07219725013733702
stability_discharge,P1,2,2561,640,73,0.03977709000558745,0.08329382905601784,-0.04783433010586147,0.38415100456493523,0.035849907498893226,0.08139592147322822,-0.0006270910483874292,,-0.1095451224474,-0.02331698626219092
stability_discharge,P1,3,2561,640,73,0.035903127734826,0.06756741782366898,-0.005617612938188188,0.311618142245128,0.03712786099604226,0.06742740153393638,-0.0014541577540747586,,0.03298690601504939,-0.0020765487998546384
stability_discharge,P1,4,2561,640,73,0.03600016772293809,0.0808574783358299,0.0652502363558014,0.36669219913317946,0.03999730768621936,0.08363260041492752,-1.4228170786889649e-05,,0.09993522550665179,0.03318230050637394
stability_discharge,P2,0,2560,641,93,0.03891396669949615,0.1011896367030786,0.042223632613518025,0.4382434436938145,0.044208347249858025,0.1034923785379865,-0.0018640202818986928,,0.11975974854791427,0.022250351836900606
stability_discharge,P2,1,2561,640,93,0.034567515452572736,0.06492450939462857,0.16139988106040293,0.3347846811188172,0.039073442317705466,0.07089899678153032,-4.086371023270807e-05,,0.11531942408593332,0.08426758710439386
stability_discharge,P2,2,2561,640,93,0.039973039369775774,0.08373284175569236,-0.05890897671931539,0.4174149078113954,0.035849907498893226,0.08139592147322822,-0.0006270910483874292,,-0.11501094866171813,-0.028710532913283293
stability_discharge,P2,3,2561,640,93,0.035145560536651785,0.06656934061092012,0.023872074817789413,0.35803254060910694,0.03712786099604226,0.06742740153393638,-0.0014541577540747586,,0.053391184038363626,0.012725700583083976
stability_discharge,P2,4,2561,640,93,0.035984776015333154,0.0794594636084686,0.09729419366287184,0.36177956752550455,0.03999730768621936,0.08363260041492752,-1.4228170786889649e-05,,0.10032004409808515,0.0498984461293166
stability_discharge,P3,0,2560,641,105,0.03797542003272155,0.08917547389723275,0.2561542339003253,0.5603768601547264,0.044208347249858025,0.1034923785379865,-0.0018640202818986928,,0.1409898266928875,0.13833776789175622
stability_discharge,P3,1,2561,640,105,0.0357248226921341,0.0610586940479238,0.2582926394048861,0.47314658892834116,0.039073442317705466,0.07089899678153032,-4.086371023270807e-05,,0.08570065566130047,0.1387932577371812
stability_discharge,P3,2,2561,640,105,0.04064387321915432,0.07503712773070365,0.14960759627367803,0.4776653052396444,0.035849907498893226,0.08139592147322822,-0.0006270910483874292,,-0.13372323820944576,0.07812177351682215
stability_discharge,P3,3,2561,640,105,0.03506362931811806,0.057723176128788085,0.2660631967936006,0.4056982693967406,0.03712786099604226,0.06742740153393638,-0.0014541577540747586,,0.05559791548843185,0.14392109416027443
stability_discharge,P3,4,2561,640,105,0.036120457487849957,0.07073747846663866,0.28459144809127557,0.45739804734789724,0.03999730768621936,0.08363260041492752,-1.4228170786889649e-05,,0.09692777895911064,0.15418774358697596
stability_worst,P1,0,2560,641,73,0.05046607042319355,0.12690792294356515,-0.0026510049592902707,0.3774502318833111,0.05141732016876007,0.12685732317043888,-0.001851625407927715,,0.018500570283405682,-0.00039887151850348523
stability_worst,P1,1,2561,640,73,0.04723164373161507,0.09194018990606449,0.12178388138783303,0.3234220854524867,0.0483779339625246,0.09828111965739204,-0.0035310209305534634,,0.02369448500627347,0.06451828971253104
stability_worst,P1,2,2561,640,73,0.05047786607359789,0.10017312849069909,-0.0584241398241363,0.226274854700719,0.04429000404797795,0.0977048119749024,-0.0069065552974922895,,-0.1397123833837728,-0.02526299847371627
stability_worst,P1,3,2561,640,73,0.04753052892138272,0.09339848850026398,0.19707598376801838,0.3345964052571616,0.04716192169517208,0.10427567829569058,-0.0008311166313161866,,-0.007815780463593214,0.10431185846216762
stability_worst,P1,4,2561,640,73,0.050620498381640136,0.11278606218888639,-0.006921074089961676,0.2687326820798661,0.05168639466264193,0.11239794196987186,-2.949682190722669e-06,,0.02062237631312691,-0.0034530900852129953
stability_worst,P2,0,2560,641,93,0.05020676519475005,0.12531979699038792,0.022286332254852548,0.39545150559211434,0.05141732016876007,0.12685732317043888,-0.001851625407927715,,0.023543719704503863,0.01212012157930542
stability_worst,P2,1,2561,640,93,0.04437233229723513,0.08493271503411685,0.25055351756401223,0.4374427055850031,0.0483779339625246,0.09828111965739204,-0.0035310209305534634,,0.08279811346206634,0.1358186055450703
stability_worst,P2,2,2561,640,93,0.04983536455274569,0.09894549668460093,-0.032640912453156146,0.24598502774943404,0.04429000404797795,0.0977048119749024,-0.0069065552974922895,,-0.12520568972539792,-0.012698296886515914
stability_worst,P2,3,2561,640,93,0.046564310051212844,0.08928822236790165,0.2661908786263184,0.3842996323939957,0.04716192169517208,0.10427567829569058,-0.0008311166313161866,,0.01267148628552206,0.14372916266523406
stability_worst,P2,4,2561,640,93,0.04999635947150503,0.10197593660989163,0.17684813189170256,0.2725630452672925,0.05168639466264193,0.11239794196987186,-2.949682190722669e-06,,0.03269787343783204,0.09272416538350714
stability_worst,P3,0,2560,641,105,0.05280353446608527,0.11093811628588822,0.23381455831736797,0.40928127207197457,0.05141732016876007,0.12685732317043888,-0.001851625407927715,,-0.026960065067090477,0.1254890650905699
stability_worst,P3,1,2561,640,105,0.04624980677831181,0.08002116537979871,0.33472630053281405,0.48355841437674424,0.0483779339625246,0.09828111965739204,-0.0035310209305534634,,0.043989625225858586,0.18579310391708526
stability_worst,P3,2,2561,640,105,0.052756278690004946,0.09217406580992663,0.10386229417423476,0.2779765163826904,0.04429000404797795,0.0977048119749024,-0.0069065552974922895,,-0.19115542714459344,0.056606691658098285
stability_worst,P3,3,2561,640,105,0.044653184630488986,0.07549409627957195,0.47540912293828763,0.44107601949969844,0.04716192169517208,0.10427567829569058,-0.0008311166313161866,,0.05319412302361537,0.2760143351405857
stability_worst,P3,4,2561,640,105,0.049141336138840926,0.09399507764880909,0.3006496695393681,0.4299065206654327,0.05168639466264193,0.11239794196987186,-2.949682190722669e-06,,0.049240395667228265,0.16372954876696622
